Kolmogorov.AffineIncidence.noFourCycle	Kolmogorov.AffineIncidence.no_four_cycle	KolmogorovMathlib/CommonInformation/AffineIncidence.lean	public
Kolmogorov.FormalSystem.chaitinBound	Kolmogorov.FormalSystem.chaitin_bound	KolmogorovMathlib/Complexity/Chaitin.lean	public
Kolmogorov.FormalSystem.chaitinIncompleteness	Kolmogorov.FormalSystem.chaitin_incompleteness	KolmogorovMathlib/Complexity/Chaitin.lean	public
Kolmogorov.FormalSystem.enumBoundsComputable	Kolmogorov.FormalSystem.enumBounds_computable	KolmogorovMathlib/Complexity/Chaitin.lean	public
Kolmogorov.FormalSystem.enumBoundsSound	Kolmogorov.FormalSystem.enumBounds_sound	KolmogorovMathlib/Complexity/Chaitin.lean	public
Kolmogorov.FormalSystem.isBoundGtComputable	Kolmogorov.FormalSystem.isBoundGt_computable	KolmogorovMathlib/Complexity/Chaitin.lean	public
Kolmogorov.FormalSystem.isBoundGtSearchComputable	Kolmogorov.FormalSystem.isBoundGtSearch_computable	KolmogorovMathlib/Complexity/Chaitin.lean	public
Kolmogorov.FormalSystem.isBoundGtSearchPredicateComputable	Kolmogorov.FormalSystem.isBoundGtSearchPredicate_computable	KolmogorovMathlib/Complexity/Chaitin.lean	public
Kolmogorov.KRFormalSystem.krInduction	Kolmogorov.KRFormalSystem.kr_induction	KolmogorovMathlib/Complexity/SecondIncompleteness.lean	public
Kolmogorov.KRFormalSystem.secondIncompleteness	Kolmogorov.KRFormalSystem.second_incompleteness	KolmogorovMathlib/Complexity/SecondIncompleteness.lean	public
Kolmogorov.RatMass.ge_invPow2	Kolmogorov.RatMass.geInvPow2	KolmogorovMathlib/AlgorithmicStatistics/CodedFiniteDistribution.lean	public
Kolmogorov.SUV.Ch01.c_mod	Kolmogorov.cMod	KolmogorovMathlib/Foundation/FixedPointFree/HighComplexityTask.lean	private
Kolmogorov.SUV.Ch01.c_mod_nat	Kolmogorov.cModNat	KolmogorovMathlib/Foundation/FixedPointFree/HighComplexityTask.lean	private
Kolmogorov.SUV.Ch01.c_nat	Kolmogorov.cNat	KolmogorovMathlib/Foundation/FixedPointFree/HighComplexityTask.lean	private
Kolmogorov.SUV.Ch01.code_id	Kolmogorov.codeId	KolmogorovMathlib/Foundation/FixedPointFree/HighComplexityTask.lean	private
Kolmogorov.SUV.Ch01.const_code	Kolmogorov.constCode	KolmogorovMathlib/Foundation/FixedPointFree/HighComplexityTask.lean	private
Kolmogorov.SUV.Ch01.enumV_list	Kolmogorov.enumVList	KolmogorovMathlib/Complexity/EnumerableFamilies/Enumeration/BlockComputability.lean	private
Kolmogorov.SUV.Ch01.enumV_step	Kolmogorov.enumVStep	KolmogorovMathlib/Complexity/EnumerableFamilies/Enumeration/BlockComputability.lean	private
Kolmogorov.SUV.Ch01.enum_accum	Kolmogorov.enumAccum	KolmogorovMathlib/Complexity/GrowthEnumeration.lean	public
Kolmogorov.SUV.Ch01.enum_found	Kolmogorov.enumFound	KolmogorovMathlib/Complexity/GrowthEnumeration.lean	public
Kolmogorov.SUV.Ch01.exercise01_lipschitz	Kolmogorov.plainK_dist_le	KolmogorovMathlib/Complexity/CanonicalObjects/Counting.lean	public
Kolmogorov.SUV.Ch01.exercise01_log	Kolmogorov.plainK_sub_plainK_le_two_log	KolmogorovMathlib/Complexity/CanonicalObjects/Counting.lean	public
Kolmogorov.SUV.Ch01.exercise02_count_range	Kolmogorov.card_plainK_lt_mem_Icc	KolmogorovMathlib/Complexity/CanonicalObjects/Counting.lean	public
Kolmogorov.SUV.Ch01.exercise02_layer_card	Kolmogorov.card_plainK_eq_le_pow	KolmogorovMathlib/Complexity/CanonicalObjects/Counting.lean	public
Kolmogorov.SUV.Ch01.exercise04_four_letters	Kolmogorov.plainK_fourLetterAlphabet_eq_half	KolmogorovMathlib/Complexity/AlphabetComplexity/QAryDecompressors.lean	public
Kolmogorov.SUV.Ch01.exercise08_different_decompressors	Kolmogorov.canonicalObject_equivalence_two_decompressors	KolmogorovMathlib/Complexity/DifferentDecompressors.lean	public
Kolmogorov.SUV.Ch01.exercise11_busyBeaver_shift	Kolmogorov.busyBeaver_shift_ge_apply	KolmogorovMathlib/Complexity/DifferentDecompressors.lean	public
Kolmogorov.SUV.Ch01.exercise13_diagonal_of_highComplexity	Kolmogorov.solvesDiagonal_of_solvesHighComplexity	KolmogorovMathlib/Foundation/FixedPointFree/HighComplexityTask.lean	public
Kolmogorov.SUV.Ch01.exercise13_highComplexity_of_diagonal	Kolmogorov.solvesHighComplexity_of_solvesDiagonal	KolmogorovMathlib/Foundation/FixedPointFree/HighComplexityTask.lean	public
Kolmogorov.SUV.Ch01.exercise14_diagonal_of_fixedPointFree	Kolmogorov.solvesDiagonal_of_fixedPointFree	KolmogorovMathlib/Foundation/FixedPointFree/HighComplexityTask.lean	public
Kolmogorov.SUV.Ch01.exercise14_fixedPointFree_of_diagonal	Kolmogorov.fixedPointFree_of_solvesDiagonal	KolmogorovMathlib/Foundation/FixedPointFree/HighComplexityTask.lean	public
Kolmogorov.SUV.Ch01.exercise15_arslanov	Kolmogorov.arslanov_solvesHighComplexity_iff_halting	KolmogorovMathlib/Foundation/Arslanov.lean	public
Kolmogorov.SUV.Ch01.theorem10	Kolmogorov.simpleStrings_isSimple	KolmogorovMathlib/Complexity/BusyBeaver.lean	public
Kolmogorov.SUV.Ch01.theorem11	Kolmogorov.busyBeaver_dominates_partrec	KolmogorovMathlib/Complexity/BusyBeaver.lean	public
Kolmogorov.SUV.Ch01.theorem12	Kolmogorov.busyBeaverOf_le_busyBeaver_shift	KolmogorovMathlib/Complexity/BusyBeaver.lean	public
Kolmogorov.SUV.Ch01.theorem13	Kolmogorov.haltingList_of_busyBeaver_bound	KolmogorovMathlib/Complexity/BusyBeaver.lean	public
Kolmogorov.SUV.Ch01.theorem15_complexity	Kolmogorov.canonicalObject_complexity_eq	KolmogorovMathlib/Complexity/CanonicalObjects/HubEquivalence.lean	public
Kolmogorov.SUV.Ch01.theorem15_equivalence	Kolmogorov.canonicalObject_mutual_reduction	KolmogorovMathlib/Complexity/CanonicalObjects/HubEquivalence.lean	public
Kolmogorov.SUV.Ch01.thm08_check_stage	Kolmogorov.check_stage	KolmogorovMathlib/Complexity/EnumerableFamilies/CountingBounds.lean	private
Kolmogorov.SUV.Ch01.thm08_check_stage_computable	Kolmogorov.check_stage_computable	KolmogorovMathlib/Complexity/EnumerableFamilies/CountingBounds.lean	private
Kolmogorov.SUV.Ch01.thm08_check_stage_pair_computable	Kolmogorov.check_stage_pair_computable	KolmogorovMathlib/Complexity/EnumerableFamilies/CountingBounds.lean	private
Kolmogorov.SUV.Ch01.thm08_cumList	Kolmogorov.cumList	KolmogorovMathlib/Complexity/EnumerableFamilies/CountingBounds.lean	private
Kolmogorov.SUV.Ch01.thm08_cumList_computable	Kolmogorov.cumList_computable	KolmogorovMathlib/Complexity/EnumerableFamilies/CountingBounds.lean	private
Kolmogorov.SUV.Ch01.thm08_cumList_mem	Kolmogorov.cumList_mem	KolmogorovMathlib/Complexity/EnumerableFamilies/CountingBounds.lean	private
Kolmogorov.SUV.Ch01.thm08_cumList_nodup	Kolmogorov.cumList_nodup	KolmogorovMathlib/Complexity/EnumerableFamilies/CountingBounds.lean	private
Kolmogorov.SUV.Ch01.thm08_cumList_prefix	Kolmogorov.cumList_prefix	KolmogorovMathlib/Complexity/EnumerableFamilies/CountingBounds.lean	private
Kolmogorov.SUV.Ch01.thm08_cumList_prefix_le	Kolmogorov.cumList_prefix_le	KolmogorovMathlib/Complexity/EnumerableFamilies/CountingBounds.lean	private
Kolmogorov.SUV.Ch01.thm08_cumList_primrec	Kolmogorov.cumList_primrec	KolmogorovMathlib/Complexity/EnumerableFamilies/CountingBounds.lean	private
Kolmogorov.SUV.Ch01.thm08_eval_D	Kolmogorov.eval_D	KolmogorovMathlib/Complexity/EnumerableFamilies/CountingBounds.lean	private
Kolmogorov.SUV.Ch01.thm08_eval_D_partrec	Kolmogorov.eval_D_partrec	KolmogorovMathlib/Complexity/EnumerableFamilies/CountingBounds.lean	private
Kolmogorov.SUV.Ch01.thm08_idx_computable	Kolmogorov.idx_computable	KolmogorovMathlib/Complexity/EnumerableFamilies/CountingBounds.lean	private
Kolmogorov.SUV.Ch01.thm08_idx_spec	Kolmogorov.idx_spec	KolmogorovMathlib/Complexity/EnumerableFamilies/CountingBounds.lean	private
Kolmogorov.SUV.Ch01.thm08_new_items	Kolmogorov.new_items	KolmogorovMathlib/Complexity/EnumerableFamilies/CountingBounds.lean	private
Kolmogorov.SUV.Ch01.thm08_new_items_primrec	Kolmogorov.new_items_primrec	KolmogorovMathlib/Complexity/EnumerableFamilies/CountingBounds.lean	private
Kolmogorov.SUV.Ch01.thm08_step_halt	Kolmogorov.step_halt	KolmogorovMathlib/Complexity/EnumerableFamilies/CountingBounds.lean	private
Kolmogorov.SUV.Ch01.thm15L1_argmax_haltTime	Kolmogorov.argmax_haltTime	KolmogorovMathlib/Complexity/CanonicalObjects/HubEquivalence.lean	private
Kolmogorov.SUV.Ch01.thm15L1_bigNat	Kolmogorov.bigNat	KolmogorovMathlib/Complexity/CanonicalObjects/HubEquivalence.lean	private
Kolmogorov.SUV.Ch01.thm15L1_bigNat_primrec	Kolmogorov.bigNat_primrec	KolmogorovMathlib/Complexity/CanonicalObjects/HubEquivalence.lean	private
Kolmogorov.SUV.Ch01.thm15L1_lower_of_partrec	Kolmogorov.lower_of_partrec	KolmogorovMathlib/Complexity/CanonicalObjects/HubEquivalence.lean	private
Kolmogorov.SUV.Ch01.thm15L1_lt_bigNat	Kolmogorov.lt_bigNat	KolmogorovMathlib/Complexity/CanonicalObjects/HubEquivalence.lean	private
Kolmogorov.SUV.Ch01.thm15L1_mem_outputs_of_runOut	Kolmogorov.mem_outputs_of_runOut	KolmogorovMathlib/Complexity/CanonicalObjects/HubEquivalence.lean	private
Kolmogorov.SUV.Ch01.thm15L1_no_output_of_nil	Kolmogorov.no_output_of_nil	KolmogorovMathlib/Complexity/CanonicalObjects/HubEquivalence.lean	private
Kolmogorov.SUV.Ch01.thm15L1_outputsUpTo	Kolmogorov.outputsUpTo	KolmogorovMathlib/Complexity/CanonicalObjects/HubEquivalence.lean	private
Kolmogorov.SUV.Ch01.thm15L1_outputsUpTo_primrec	Kolmogorov.outputsUpTo_primrec	KolmogorovMathlib/Complexity/CanonicalObjects/HubEquivalence.lean	private
Kolmogorov.SUV.Ch01.thm15L1_rfind_haltList	Kolmogorov.rfind_haltList	KolmogorovMathlib/Complexity/CanonicalObjects/HubEquivalence.lean	private
Kolmogorov.SUV.Ch01.thm15L2_haltSel	Kolmogorov.haltSel	KolmogorovMathlib/Complexity/CanonicalObjects/HubEquivalence.lean	private
Kolmogorov.SUV.Ch01.thm15L2_haltSel_intended	Kolmogorov.haltSel_intended	KolmogorovMathlib/Complexity/CanonicalObjects/HubEquivalence.lean	private
Kolmogorov.SUV.Ch01.thm15L2_haltSel_partrec	Kolmogorov.haltSel_partrec	KolmogorovMathlib/Complexity/CanonicalObjects/HubEquivalence.lean	private
Kolmogorov.SUV.Ch01.thm15L3_allStrings_ne_nil	Kolmogorov.allStrings_ne_nil	KolmogorovMathlib/Complexity/CanonicalObjects/PrimitiveReductions.lean	private
Kolmogorov.SUV.Ch01.thm15L3_find_congr	Kolmogorov.find_congr	KolmogorovMathlib/Complexity/CanonicalObjects/PrimitiveReductions.lean	private
Kolmogorov.SUV.Ch01.thm15L3_find_getD_spec	Kolmogorov.find_getD_spec	KolmogorovMathlib/Complexity/CanonicalObjects/PrimitiveReductions.lean	private
Kolmogorov.SUV.Ch01.thm15L3_graphToGamma	Kolmogorov.graphToGamma	KolmogorovMathlib/Complexity/CanonicalObjects/PrimitiveReductions.lean	private
Kolmogorov.SUV.Ch01.thm15L3_graphToGamma_primrec	Kolmogorov.graphToGamma_primrec	KolmogorovMathlib/Complexity/CanonicalObjects/HubEquivalence.lean	private
Kolmogorov.SUV.Ch01.thm15L3_graphToGamma_spec	Kolmogorov.graphToGamma_spec	KolmogorovMathlib/Complexity/CanonicalObjects/PrimitiveReductions.lean	private
Kolmogorov.SUV.Ch01.thm15L3_head_length	Kolmogorov.head_length	KolmogorovMathlib/Complexity/CanonicalObjects/PrimitiveReductions.lean	private
Kolmogorov.SUV.Ch01.thm15L3_objFirstIncompressible_spec	Kolmogorov.objFirstIncompressible_spec	KolmogorovMathlib/Complexity/CanonicalObjects/PrimitiveReductions.lean	private
Kolmogorov.SUV.Ch01.thm15_argAuxNat	Kolmogorov.argAuxNat	KolmogorovMathlib/Complexity/CanonicalObjects/PrimitiveReductions.lean	private
Kolmogorov.SUV.Ch01.thm15_argAuxNat_congr	Kolmogorov.argAuxNat_congr	KolmogorovMathlib/Complexity/CanonicalObjects/PrimitiveReductions.lean	private
Kolmogorov.SUV.Ch01.thm15_argAuxNat_mem	Kolmogorov.argAuxNat_mem	KolmogorovMathlib/Complexity/CanonicalObjects/PrimitiveReductions.lean	private
Kolmogorov.SUV.Ch01.thm15_argmaxNat	Kolmogorov.argmaxNat	KolmogorovMathlib/Complexity/CanonicalObjects/PrimitiveReductions.lean	private
Kolmogorov.SUV.Ch01.thm15_argmaxNat_eq	Kolmogorov.argmaxNat_eq	KolmogorovMathlib/Complexity/CanonicalObjects/PrimitiveReductions.lean	private
Kolmogorov.SUV.Ch01.thm15_argmax_congr	Kolmogorov.argmax_congr	KolmogorovMathlib/Complexity/CanonicalObjects/PrimitiveReductions.lean	private
Kolmogorov.SUV.Ch01.thm15_argmax_of_ne_nil	Kolmogorov.argmax_of_ne_nil	KolmogorovMathlib/Complexity/CanonicalObjects/HubEdges.lean	private
Kolmogorov.SUV.Ch01.thm15_cValUpTo	Kolmogorov.cValUpTo	KolmogorovMathlib/Complexity/CanonicalObjects/HubEdges.lean	private
Kolmogorov.SUV.Ch01.thm15_cValUpTo_eq	Kolmogorov.cValUpTo_eq	KolmogorovMathlib/Complexity/CanonicalObjects/HubEdges.lean	private
Kolmogorov.SUV.Ch01.thm15_cValUpTo_primrec	Kolmogorov.cValUpTo_primrec	KolmogorovMathlib/Complexity/CanonicalObjects/HubEdges.lean	private
Kolmogorov.SUV.Ch01.thm15_countP_range_ge	Kolmogorov.countP_range_ge	KolmogorovMathlib/Complexity/CanonicalObjects/PrimitiveReductions.lean	private
Kolmogorov.SUV.Ch01.thm15_decode_objComplexityList	Kolmogorov.decode_objComplexityList	KolmogorovMathlib/Complexity/CanonicalObjects/HubEdges.lean	private
Kolmogorov.SUV.Ch01.thm15_find?_congr	Kolmogorov.find?_congr	KolmogorovMathlib/Complexity/CanonicalObjects/HubEdges.lean	private
Kolmogorov.SUV.Ch01.thm15_foldl_argAuxNat_congr	Kolmogorov.foldl_argAuxNat_congr	KolmogorovMathlib/Complexity/CanonicalObjects/PrimitiveReductions.lean	private
Kolmogorov.SUV.Ch01.thm15_foldr_min_le	Kolmogorov.foldr_min_le	KolmogorovMathlib/Complexity/CanonicalObjects/HubEdges.lean	private
Kolmogorov.SUV.Ch01.thm15_haltStage_partrec	Kolmogorov.haltStage_partrec	KolmogorovMathlib/Complexity/CanonicalObjects/HubEdges.lean	private
Kolmogorov.SUV.Ch01.thm15_haltTimeLe	Kolmogorov.haltTimeLe	KolmogorovMathlib/Complexity/CanonicalObjects/PrimitiveReductions.lean	private
Kolmogorov.SUV.Ch01.thm15_haltTimeLe_eq	Kolmogorov.haltTimeLe_eq	KolmogorovMathlib/Complexity/CanonicalObjects/PrimitiveReductions.lean	private
Kolmogorov.SUV.Ch01.thm15_haltTimeLe_primrec	Kolmogorov.haltTimeLe_primrec	KolmogorovMathlib/Complexity/CanonicalObjects/PrimitiveReductions.lean	private
Kolmogorov.SUV.Ch01.thm15_haltTime_argmax	Kolmogorov.haltTime_argmax	KolmogorovMathlib/Complexity/CanonicalObjects/HubEdges.lean	private
Kolmogorov.SUV.Ch01.thm15_halts_maxStage_iff	Kolmogorov.halts_maxStage_iff	KolmogorovMathlib/Complexity/CanonicalObjects/HubEdges.lean	private
Kolmogorov.SUV.Ch01.thm15_hub_in	Kolmogorov.hub_in	KolmogorovMathlib/Complexity/CanonicalObjects/PrimitiveReductions.lean	private
Kolmogorov.SUV.Ch01.thm15_hub_out	Kolmogorov.hub_out	KolmogorovMathlib/Complexity/CanonicalObjects/PrimitiveReductions.lean	private
Kolmogorov.SUV.Ch01.thm15_le_foldr_min	Kolmogorov.le_foldr_min	KolmogorovMathlib/Complexity/CanonicalObjects/HubEdges.lean	private
Kolmogorov.SUV.Ch01.thm15_lower	Kolmogorov.lower	KolmogorovMathlib/Complexity/CanonicalObjects/HubEquivalence.lean	private
Kolmogorov.SUV.Ch01.thm15_lower_0	Kolmogorov.lower_0	KolmogorovMathlib/Complexity/CanonicalObjects/HubEquivalence.lean	private
Kolmogorov.SUV.Ch01.thm15_lower_1	Kolmogorov.lower_1	KolmogorovMathlib/Complexity/CanonicalObjects/HubEquivalence.lean	private
Kolmogorov.SUV.Ch01.thm15_lower_2	Kolmogorov.lower_2	KolmogorovMathlib/Complexity/CanonicalObjects/HubEquivalence.lean	private
Kolmogorov.SUV.Ch01.thm15_lower_3	Kolmogorov.lower_3	KolmogorovMathlib/Complexity/CanonicalObjects/HubEquivalence.lean	private
Kolmogorov.SUV.Ch01.thm15_lower_4	Kolmogorov.lower_4	KolmogorovMathlib/Complexity/CanonicalObjects/HubEquivalence.lean	private
Kolmogorov.SUV.Ch01.thm15_lower_5	Kolmogorov.lower_5	KolmogorovMathlib/Complexity/CanonicalObjects/HubEquivalence.lean	private
Kolmogorov.SUV.Ch01.thm15_lower_6	Kolmogorov.lower_6	KolmogorovMathlib/Complexity/CanonicalObjects/HubEquivalence.lean	private
Kolmogorov.SUV.Ch01.thm15_lower_7	Kolmogorov.lower_7	KolmogorovMathlib/Complexity/CanonicalObjects/HubEquivalence.lean	private
Kolmogorov.SUV.Ch01.thm15_lower_8	Kolmogorov.lower_8	KolmogorovMathlib/Complexity/CanonicalObjects/PrimitiveReductions.lean	private
Kolmogorov.SUV.Ch01.thm15_lower_mono	Kolmogorov.lower_mono	KolmogorovMathlib/Complexity/CanonicalObjects/HubEquivalence.lean	private
Kolmogorov.SUV.Ch01.thm15_maxCanon	Kolmogorov.maxCanon	KolmogorovMathlib/Complexity/CanonicalObjects/HubEdges.lean	private
Kolmogorov.SUV.Ch01.thm15_maxCanon_completed	Kolmogorov.maxCanon_completed	KolmogorovMathlib/Complexity/CanonicalObjects/HubEdges.lean	private
Kolmogorov.SUV.Ch01.thm15_maxCanon_primrec	Kolmogorov.maxCanon_primrec	KolmogorovMathlib/Complexity/CanonicalObjects/HubEdges.lean	private
Kolmogorov.SUV.Ch01.thm15_maxHaltTime_eq_zero	Kolmogorov.maxHaltTime_eq_zero	KolmogorovMathlib/Complexity/CanonicalObjects/HubEdges.lean	private
Kolmogorov.SUV.Ch01.thm15_mem_maxCanonList	Kolmogorov.mem_maxCanonList	KolmogorovMathlib/Complexity/CanonicalObjects/HubEdges.lean	private
Kolmogorov.SUV.Ch01.thm15_pairMap_primrec	Kolmogorov.pairMap_primrec	KolmogorovMathlib/Complexity/CanonicalObjects/HubEdges.lean	private
Kolmogorov.SUV.Ch01.thm15_partrec_guardedRfind	Kolmogorov.partrec_guardedRfind	KolmogorovMathlib/Complexity/CanonicalObjects/HubEdges.lean	private
Kolmogorov.SUV.Ch01.thm15_red_0_1	Kolmogorov.complexityList_reduces_complexityCount	KolmogorovMathlib/Complexity/CanonicalObjects/PrimitiveReductions.lean	private
Kolmogorov.SUV.Ch01.thm15_red_0_2	Kolmogorov.complexityList_reduces_busyBeaver	KolmogorovMathlib/Complexity/CanonicalObjects/HubEdges.lean	private
Kolmogorov.SUV.Ch01.thm15_red_0_4	Kolmogorov.complexityList_reduces_haltingList	KolmogorovMathlib/Complexity/CanonicalObjects/PrimitiveReductions.lean	private
Kolmogorov.SUV.Ch01.thm15_red_1_2	Kolmogorov.complexityCount_reduces_busyBeaver	KolmogorovMathlib/Complexity/CanonicalObjects/HubEdges.lean	private
Kolmogorov.SUV.Ch01.thm15_red_1_4	Kolmogorov.complexityCount_reduces_haltingList	KolmogorovMathlib/Complexity/CanonicalObjects/PrimitiveReductions.lean	private
Kolmogorov.SUV.Ch01.thm15_red_2_4	Kolmogorov.busyBeaver_reduces_haltingList	KolmogorovMathlib/Complexity/CanonicalObjects/HubEdges.lean	private
Kolmogorov.SUV.Ch01.thm15_red_3_0	Kolmogorov.maxTime_reduces_complexityList	KolmogorovMathlib/Complexity/CanonicalObjects/HubEdges.lean	private
Kolmogorov.SUV.Ch01.thm15_red_3_2	Kolmogorov.maxTime_reduces_busyBeaver	KolmogorovMathlib/Complexity/CanonicalObjects/HubEdges.lean	private
Kolmogorov.SUV.Ch01.thm15_red_3_4	Kolmogorov.maxTime_reduces_haltingList	KolmogorovMathlib/Complexity/CanonicalObjects/HubEdges.lean	private
Kolmogorov.SUV.Ch01.thm15_red_3_6	Kolmogorov.maxTime_reduces_slowestProgram	KolmogorovMathlib/Complexity/CanonicalObjects/PrimitiveReductions.lean	private
Kolmogorov.SUV.Ch01.thm15_red_3_7	Kolmogorov.maxTime_reduces_complexityGraph	KolmogorovMathlib/Complexity/CanonicalObjects/HubEdges.lean	private
Kolmogorov.SUV.Ch01.thm15_red_4_0	Kolmogorov.haltingList_reduces_complexityList	KolmogorovMathlib/Complexity/CanonicalObjects/PrimitiveReductions.lean	private
Kolmogorov.SUV.Ch01.thm15_red_4_1	Kolmogorov.haltingList_reduces_complexityCount	KolmogorovMathlib/Complexity/CanonicalObjects/PrimitiveReductions.lean	private
Kolmogorov.SUV.Ch01.thm15_red_4_2	Kolmogorov.haltingList_reduces_busyBeaver	KolmogorovMathlib/Complexity/CanonicalObjects/PrimitiveReductions.lean	private
Kolmogorov.SUV.Ch01.thm15_red_4_3	Kolmogorov.haltingList_reduces_maxTime	KolmogorovMathlib/Complexity/CanonicalObjects/HubEdges.lean	private
Kolmogorov.SUV.Ch01.thm15_red_4_5	Kolmogorov.haltingList_reduces_haltingCount	KolmogorovMathlib/Complexity/CanonicalObjects/PrimitiveReductions.lean	private
Kolmogorov.SUV.Ch01.thm15_red_4_6	Kolmogorov.haltingList_reduces_slowestProgram	KolmogorovMathlib/Complexity/CanonicalObjects/PrimitiveReductions.lean	private
Kolmogorov.SUV.Ch01.thm15_red_4_7	Kolmogorov.haltingList_reduces_complexityGraph	KolmogorovMathlib/Complexity/CanonicalObjects/PrimitiveReductions.lean	private
Kolmogorov.SUV.Ch01.thm15_red_4_8	Kolmogorov.haltingList_reduces_firstIncompressible	KolmogorovMathlib/Complexity/CanonicalObjects/PrimitiveReductions.lean	private
Kolmogorov.SUV.Ch01.thm15_red_5_3	Kolmogorov.haltingCount_reduces_maxTime	KolmogorovMathlib/Complexity/CanonicalObjects/HubEdges.lean	private
Kolmogorov.SUV.Ch01.thm15_red_5_4	Kolmogorov.haltingCount_reduces_haltingList	KolmogorovMathlib/Complexity/CanonicalObjects/PrimitiveReductions.lean	private
Kolmogorov.SUV.Ch01.thm15_red_6_3	Kolmogorov.slowestProgram_reduces_maxTime	KolmogorovMathlib/Complexity/CanonicalObjects/HubEdges.lean	private
Kolmogorov.SUV.Ch01.thm15_red_6_4	Kolmogorov.slowestProgram_reduces_haltingList	KolmogorovMathlib/Complexity/CanonicalObjects/PrimitiveReductions.lean	private
Kolmogorov.SUV.Ch01.thm15_red_7_4	Kolmogorov.complexityGraph_reduces_haltingList	KolmogorovMathlib/Complexity/CanonicalObjects/PrimitiveReductions.lean	private
Kolmogorov.SUV.Ch01.thm15_red_7_8	Kolmogorov.complexityGraph_reduces_firstIncompressible	KolmogorovMathlib/Complexity/CanonicalObjects/HubEdges.lean	private
Kolmogorov.SUV.Ch01.thm15_red_8_4	Kolmogorov.firstIncompressible_reduces_haltingList	KolmogorovMathlib/Complexity/CanonicalObjects/PrimitiveReductions.lean	private
Kolmogorov.SUV.Ch01.thm15_rfind_countHalts	Kolmogorov.rfind_countHalts	KolmogorovMathlib/Complexity/CanonicalObjects/HubEdges.lean	private
Kolmogorov.SUV.Ch01.thm15_rfind_guard_const	Kolmogorov.rfind_guard_const	KolmogorovMathlib/Complexity/CanonicalObjects/HubEdges.lean	private
Kolmogorov.SUV.Ch01.thm15_rfind_guard_false	Kolmogorov.rfind_guard_false	KolmogorovMathlib/Complexity/CanonicalObjects/HubEdges.lean	private
Kolmogorov.SUV.Ch01.thm15_rfind_haltTime	Kolmogorov.rfind_haltTime	KolmogorovMathlib/Complexity/CanonicalObjects/HubEdges.lean	private
Kolmogorov.SUV.Ch01.thm15_rfind_map_eq	Kolmogorov.rfind_map_eq	KolmogorovMathlib/Complexity/CanonicalObjects/HubEdges.lean	private
Kolmogorov.SUV.Ch01.thm15_runOut_primrec	Kolmogorov.runOut_primrec	KolmogorovMathlib/Complexity/CanonicalObjects/HubEdges.lean	private
Kolmogorov.SUV.Ch01.thm15_stage_eq_of_length	Kolmogorov.stage_eq_of_length	KolmogorovMathlib/Complexity/CanonicalObjects/HubEdges.lean	private
Kolmogorov.SUV.Ch01.thm15_upper	Kolmogorov.upper	KolmogorovMathlib/Complexity/CanonicalObjects/PrimitiveReductions.lean	private
Kolmogorov.SUV.Ch01.thm15_upper_mono	Kolmogorov.upper_mono	KolmogorovMathlib/Complexity/CanonicalObjects/PrimitiveReductions.lean	private
Kolmogorov.SUV.Ch01.thm15_upper_of_red_1	Kolmogorov.upper_of_red_1	KolmogorovMathlib/Complexity/CanonicalObjects/PrimitiveReductions.lean	private
Kolmogorov.SUV.Ch01.thm15e_before_append	Kolmogorov.before_append	KolmogorovMathlib/Complexity/CanonicalObjects/PrimitiveReductions.lean	private
Kolmogorov.SUV.Ch01.thm15e_before_primrec	Kolmogorov.before_primrec	KolmogorovMathlib/Complexity/CanonicalObjects/PrimitiveReductions.lean	private
Kolmogorov.SUV.Ch01.thm15e_firstNotIn	Kolmogorov.firstNotIn	KolmogorovMathlib/Complexity/CanonicalObjects/PrimitiveReductions.lean	private
Kolmogorov.SUV.Ch01.thm15e_firstNotIn_eq	Kolmogorov.firstNotIn_eq	KolmogorovMathlib/Complexity/CanonicalObjects/PrimitiveReductions.lean	private
Kolmogorov.SUV.Ch01.thm15e_firstNotIn_primrec	Kolmogorov.firstNotIn_primrec	KolmogorovMathlib/Complexity/CanonicalObjects/PrimitiveReductions.lean	private
Kolmogorov.SUV.Ch01.thm15e_foldr_max_attained	Kolmogorov.foldr_max_attained	KolmogorovMathlib/Complexity/CanonicalObjects/PrimitiveReductions.lean	private
Kolmogorov.SUV.Ch01.thm15e_gamma_decomp	Kolmogorov.gamma_decomp	KolmogorovMathlib/Complexity/CanonicalObjects/PrimitiveReductions.lean	private
Kolmogorov.SUV.Ch01.thm15e_gamma_not_mem	Kolmogorov.gamma_not_mem	KolmogorovMathlib/Complexity/CanonicalObjects/PrimitiveReductions.lean	private
Kolmogorov.SUV.Ch01.thm15e_memBool_iff	Kolmogorov.memBool_iff	KolmogorovMathlib/Complexity/CanonicalObjects/PrimitiveReductions.lean	private
Kolmogorov.SUV.Ch01.thm15e_memBool_primrec	Kolmogorov.memBool_primrec	KolmogorovMathlib/Complexity/CanonicalObjects/PrimitiveReductions.lean	private
Kolmogorov.SUV.Ch01.thm15e_plainK_le_pred	Kolmogorov.plainK_le_pred	KolmogorovMathlib/Complexity/CanonicalObjects/PrimitiveReductions.lean	private
Kolmogorov.SUV.Ch01.thm15e_pre_lt	Kolmogorov.pre_lt	KolmogorovMathlib/Complexity/CanonicalObjects/PrimitiveReductions.lean	private
Kolmogorov.SUV.Ch01.thm15e_pred_exists	Kolmogorov.pred_exists	KolmogorovMathlib/Complexity/CanonicalObjects/PrimitiveReductions.lean	private
Kolmogorov.SUV.Ch01.thm15e_pred_iff	Kolmogorov.pred_iff	KolmogorovMathlib/Complexity/CanonicalObjects/PrimitiveReductions.lean	private
Kolmogorov.SUV.Ch01.thm15e_pred_primrec	Kolmogorov.pred_primrec	KolmogorovMathlib/Complexity/CanonicalObjects/PrimitiveReductions.lean	private
Kolmogorov.SUV.Ch01.thm15e_rfind_spec	Kolmogorov.rfind_spec	KolmogorovMathlib/Complexity/CanonicalObjects/PrimitiveReductions.lean	private
Kolmogorov.SUV.Ch01.thm15e_two_bits_lt	Kolmogorov.two_bits_lt	KolmogorovMathlib/Complexity/CanonicalObjects/PrimitiveReductions.lean	private
Kolmogorov.SUV.Ch02.ex17_block_card	Kolmogorov.block_card	KolmogorovMathlib/Complexity/PairComplexity/Overhead.lean	private
Kolmogorov.SUV.Ch02.ex17_block_disjoint	Kolmogorov.block_disjoint	KolmogorovMathlib/Complexity/PairComplexity/Overhead.lean	private
Kolmogorov.SUV.Ch02.ex17_card_pairs_le_lt	Kolmogorov.card_pairs_le_lt	KolmogorovMathlib/Complexity/PairComplexity/Overhead.lean	private
Kolmogorov.SUV.Ch02.ex17_outer_disjoint	Kolmogorov.outer_disjoint	KolmogorovMathlib/Complexity/PairComplexity/Overhead.lean	private
Kolmogorov.SUV.Ch02.ex17_pair_complexity_le	Kolmogorov.pair_complexity_le	KolmogorovMathlib/Complexity/PairComplexity/Overhead.lean	private
Kolmogorov.SUV.Ch02.ex17_total_card	Kolmogorov.total_card	KolmogorovMathlib/Complexity/PairComplexity/Overhead.lean	private
Kolmogorov.SUV.Ch02.ex22_bits_length_le_bits_length_succ	Kolmogorov.bits_length_le_bits_length_succ	KolmogorovMathlib/Complexity/PairComplexity/LogarithmicTerms/PlainBounds.lean	private
Kolmogorov.SUV.Ch02.ex22_decodeBits_append_false	Kolmogorov.decodeBits_append_false	KolmogorovMathlib/Complexity/PairComplexity/LogarithmicTerms/PlainBounds.lean	private
Kolmogorov.SUV.Ch02.ex22_decodeBits_append_replicate_false	Kolmogorov.decodeBits_append_replicate_false	KolmogorovMathlib/Complexity/PairComplexity/LogarithmicTerms/PlainBounds.lean	private
Kolmogorov.SUV.Ch02.ex22_decompressor	Kolmogorov.decompressor	KolmogorovMathlib/Complexity/PairComplexity/LogarithmicTerms/PlainBounds.lean	private
Kolmogorov.SUV.Ch02.ex22_decompressor_isDecompressor	Kolmogorov.decompressor_isDecompressor	KolmogorovMathlib/Complexity/PairComplexity/LogarithmicTerms/PlainBounds.lean	private
Kolmogorov.SUV.Ch02.ex22_extractFromS	Kolmogorov.extractFromS	KolmogorovMathlib/Complexity/PairComplexity/LogarithmicTerms/PlainBounds.lean	private
Kolmogorov.SUV.Ch02.ex22_extractPrograms	Kolmogorov.extractPrograms	KolmogorovMathlib/Complexity/PairComplexity/LogarithmicTerms/PlainBounds.lean	private
Kolmogorov.SUV.Ch02.ex22_extractPrograms_spec	Kolmogorov.extractPrograms_spec	KolmogorovMathlib/Complexity/PairComplexity/LogarithmicTerms/PlainBounds.lean	private
Kolmogorov.SUV.Ch02.ex22_f_strictMono	Kolmogorov.f_strictMono	KolmogorovMathlib/Complexity/PairComplexity/LogarithmicTerms/PlainBounds.lean	private
Kolmogorov.SUV.Ch02.ex22_findS	Kolmogorov.findS	KolmogorovMathlib/Complexity/PairComplexity/LogarithmicTerms/PlainBounds.lean	private
Kolmogorov.SUV.Ch02.ex22_findS_eq_some	Kolmogorov.findS_eq_some	KolmogorovMathlib/Complexity/PairComplexity/LogarithmicTerms/PlainBounds.lean	private
Kolmogorov.SUV.Ch02.ex22_midMap	Kolmogorov.midMap	KolmogorovMathlib/Complexity/PairComplexity/LogarithmicTerms/PlainBounds.lean	private
Kolmogorov.SUV.Ch02.ex22_midMap_partrec	Kolmogorov.midMap_partrec	KolmogorovMathlib/Complexity/PairComplexity/LogarithmicTerms/PlainBounds.lean	private
Kolmogorov.SUV.Ch02.ex22_myPairCode	Kolmogorov.myPairCode	KolmogorovMathlib/Complexity/PairComplexity/LogarithmicTerms/PlainBounds.lean	private
Kolmogorov.SUV.Ch02.ex22_myPairCode_comp	Kolmogorov.myPairCode_comp	KolmogorovMathlib/Complexity/PairComplexity/LogarithmicTerms/PlainBounds.lean	private
Kolmogorov.SUV.Ch02.ex65_assocLeftToRight	Kolmogorov.assocLeftToRight	KolmogorovMathlib/Complexity/Information/MutualInformation.lean	private
Kolmogorov.SUV.Ch02.ex65_assocLeftToRight_computable	Kolmogorov.assocLeftToRight_computable	KolmogorovMathlib/Complexity/Information/MutualInformation.lean	private
Kolmogorov.SUV.Ch02.ex65_assocLeftToRight_p1	Kolmogorov.assocLeftToRight_p1	KolmogorovMathlib/Complexity/Information/MutualInformation.lean	private
Kolmogorov.SUV.Ch02.ex65_assocLeftToRight_p1_comp	Kolmogorov.assocLeftToRight_p1_comp	KolmogorovMathlib/Complexity/Information/MutualInformation.lean	private
Kolmogorov.SUV.Ch02.ex65_assocLeftToRight_p2	Kolmogorov.assocLeftToRight_p2	KolmogorovMathlib/Complexity/Information/MutualInformation.lean	private
Kolmogorov.SUV.Ch02.ex65_assocLeftToRight_p2_comp	Kolmogorov.assocLeftToRight_p2_comp	KolmogorovMathlib/Complexity/Information/MutualInformation.lean	private
Kolmogorov.SUV.Ch02.ex65_assocLeftToRight_spec	Kolmogorov.assocLeftToRight_spec	KolmogorovMathlib/Complexity/Information/MutualInformation.lean	private
Kolmogorov.SUV.Ch02.ex65_assocRightToLeft	Kolmogorov.assocRightToLeft	KolmogorovMathlib/Complexity/Information/MutualInformation.lean	private
Kolmogorov.SUV.Ch02.ex65_assocRightToLeft_computable	Kolmogorov.assocRightToLeft_computable	KolmogorovMathlib/Complexity/Information/MutualInformation.lean	private
Kolmogorov.SUV.Ch02.ex65_assocRightToLeft_p1	Kolmogorov.assocRightToLeft_p1	KolmogorovMathlib/Complexity/Information/MutualInformation.lean	private
Kolmogorov.SUV.Ch02.ex65_assocRightToLeft_p1_comp	Kolmogorov.assocRightToLeft_p1_comp	KolmogorovMathlib/Complexity/Information/MutualInformation.lean	private
Kolmogorov.SUV.Ch02.ex65_assocRightToLeft_p2	Kolmogorov.assocRightToLeft_p2	KolmogorovMathlib/Complexity/Information/MutualInformation.lean	private
Kolmogorov.SUV.Ch02.ex65_assocRightToLeft_p2_comp	Kolmogorov.assocRightToLeft_p2_comp	KolmogorovMathlib/Complexity/Information/MutualInformation.lean	private
Kolmogorov.SUV.Ch02.ex65_assocRightToLeft_pair_comp	Kolmogorov.assocRightToLeft_pair_comp	KolmogorovMathlib/Complexity/Information/MutualInformation.lean	private
Kolmogorov.SUV.Ch02.ex65_assocRightToLeft_spec	Kolmogorov.assocRightToLeft_spec	KolmogorovMathlib/Complexity/Information/MutualInformation.lean	private
Kolmogorov.SUV.Ch02.ex65_condK_assocLeftToRight_cond_le	Kolmogorov.condK_assocLeftToRight_cond_le	KolmogorovMathlib/Complexity/Information/MutualInformation.lean	private
Kolmogorov.SUV.Ch02.ex65_condK_assocRightToLeft_cond_le	Kolmogorov.condK_assocRightToLeft_cond_le	KolmogorovMathlib/Complexity/Information/MutualInformation.lean	private
Kolmogorov.SUV.Ch02.ex65_condK_perm_cond_le	Kolmogorov.condK_perm_cond_le	KolmogorovMathlib/Complexity/Information/MutualInformation.lean	private
Kolmogorov.SUV.Ch02.ex65_goal1_arith	Kolmogorov.goal1_arith	KolmogorovMathlib/Complexity/Information/MutualInformation.lean	private
Kolmogorov.SUV.Ch02.ex65_goal2_arith	Kolmogorov.goal2_arith	KolmogorovMathlib/Complexity/Information/MutualInformation.lean	private
Kolmogorov.SUV.Ch02.ex65_hasValue_condCVal	Kolmogorov.hasValue_condCVal	KolmogorovMathlib/Complexity/Information/MutualInformation.lean	private
Kolmogorov.SUV.Ch02.ex65_log_slack_bound	Kolmogorov.log_slack_bound	KolmogorovMathlib/Complexity/Information/MutualInformation.lean	private
Kolmogorov.SUV.Ch02.ex65_permCond	Kolmogorov.permCond	KolmogorovMathlib/Complexity/Information/MutualInformation.lean	private
Kolmogorov.SUV.Ch02.ex65_permCond_computable	Kolmogorov.permCond_computable	KolmogorovMathlib/Complexity/Information/MutualInformation.lean	private
Kolmogorov.SUV.Ch02.ex65_permCond_p1	Kolmogorov.permCond_p1	KolmogorovMathlib/Complexity/Information/MutualInformation.lean	private
Kolmogorov.SUV.Ch02.ex65_permCond_p1_comp	Kolmogorov.permCond_p1_comp	KolmogorovMathlib/Complexity/Information/MutualInformation.lean	private
Kolmogorov.SUV.Ch02.ex65_permCond_p2	Kolmogorov.permCond_p2	KolmogorovMathlib/Complexity/Information/MutualInformation.lean	private
Kolmogorov.SUV.Ch02.ex65_permCond_p2_comp	Kolmogorov.permCond_p2_comp	KolmogorovMathlib/Complexity/Information/MutualInformation.lean	private
Kolmogorov.SUV.Ch02.ex65_permCond_spec	Kolmogorov.permCond_spec	KolmogorovMathlib/Complexity/Information/MutualInformation.lean	private
Kolmogorov.SUV.Ch02.exercise16_triple	Kolmogorov.plainK_triple_le_add_log	KolmogorovMathlib/Complexity/PairComplexity/ConditionalMinimality.lean	public
Kolmogorov.SUV.Ch02.exercise17_no_single_log	Kolmogorov.not_plainK_pair_le_add_single_log	KolmogorovMathlib/Complexity/PairComplexity/Overhead.lean	public
Kolmogorov.SUV.Ch02.exercise21_symmetric_logs	Kolmogorov.plainK_pair_le_add_logs	KolmogorovMathlib/Complexity/PairComplexity/LogarithmicTerms/PlainBounds.lean	public
Kolmogorov.SUV.Ch02.exercise22_log_of_sum	Kolmogorov.plainK_pair_le_add_log_of_add	KolmogorovMathlib/Complexity/PairComplexity/LogarithmicTerms/PlainBounds.lean	public
Kolmogorov.SUV.Ch02.exercise23_pair_with_complexity	Kolmogorov.plainK_pair_self_plainK_eq	KolmogorovMathlib/Complexity/PairComplexity/LogarithmicTerms/PlainBounds.lean	public
Kolmogorov.SUV.Ch02.exercise24_two_n	Kolmogorov.plainK_pair_le_two_mul	KolmogorovMathlib/Complexity/PairComplexity/LogarithmicTerms/PlainBounds.lean	public
Kolmogorov.SUV.Ch02.exercise25_continuity	Kolmogorov.condK_append_bit_eq	KolmogorovMathlib/Complexity/PairComplexity/LogarithmicTerms/ConditionalBounds.lean	public
Kolmogorov.SUV.Ch02.exercise25_intermediate	Kolmogorov.exists_condK_eq_of_le_plainK	KolmogorovMathlib/Complexity/PairComplexity/LogarithmicTerms/ConditionalBounds.lean	public
Kolmogorov.SUV.Ch02.exercise26_fixed_condition	Kolmogorov.plainK_sub_condK_le_two_mul_plainK	KolmogorovMathlib/Complexity/PairComplexity/LogarithmicTerms/ConditionalBounds.lean	public
Kolmogorov.SUV.Ch02.exercise27_pair_condition	Kolmogorov.condK_pair_pair_le_condK	KolmogorovMathlib/Complexity/PairComplexity/LogarithmicTerms/ConditionalBounds.lean	public
Kolmogorov.SUV.Ch02.exercise28_program_complexity	Kolmogorov.condK_eq_min_program_complexity	KolmogorovMathlib/Complexity/InfiniteSequences/MonotoneGap.lean	public
Kolmogorov.SUV.Ch02.exercise29_total_conditional	Kolmogorov.condK_le_totalCondK_le_plainK	KolmogorovMathlib/Complexity/ConditionalComplexity/Continuity.lean	public
Kolmogorov.SUV.Ch02.exercise33_two_conditions	Kolmogorov.exists_incompressible_two_conditions	KolmogorovMathlib/Complexity/ConditionalComplexity/Continuity.lean	public
Kolmogorov.SUV.Ch02.exercise34_triangle	Kolmogorov.condK_triangle	KolmogorovMathlib/Complexity/ConditionalComplexity/Continuity.lean	public
Kolmogorov.SUV.Ch02.exercise35_sharp_symmetry	Kolmogorov.plainK_add_condK_le_plainK_pair_add_three_log	KolmogorovMathlib/Complexity/ConditionalComplexity/Continuity.lean	public
Kolmogorov.SUV.Ch02.exercise36_dichotomy	Kolmogorov.rectangle_dichotomy	KolmogorovMathlib/Complexity/KolmogorovLevin/Refinements.lean	public
Kolmogorov.SUV.Ch02.exercise37_unavoidable_above	Kolmogorov.exists_plainK_pair_ge_add_log	KolmogorovMathlib/Complexity/KolmogorovLevin/LogarithmicGap.lean	public
Kolmogorov.SUV.Ch02.exercise37_unavoidable_below	Kolmogorov.exists_plainK_pair_le_sub_log	KolmogorovMathlib/Complexity/KolmogorovLevin/LogarithmicGap.lean	public
Kolmogorov.SUV.Ch02.exercise38_one_bit_flip	Kolmogorov.plainK_flipBit_le_add_log	KolmogorovMathlib/Complexity/KolmogorovLevin/LogarithmicGap.lean	public
Kolmogorov.SUV.Ch02.exercise39_many_descriptions	Kolmogorov.condK_le_of_many_descriptions	KolmogorovMathlib/Complexity/KolmogorovLevin/ShortDescriptions.lean	public
Kolmogorov.SUV.Ch02.exercise40_few_shortest_descriptions	Kolmogorov.card_shortestDescriptions_le	KolmogorovMathlib/Complexity/KolmogorovLevin/ShortDescriptions.lean	public
Kolmogorov.SUV.Ch02.exercise41_probability_bound	Kolmogorov.condK_le_of_probability_condK_le	KolmogorovMathlib/Complexity/RandomConditions/Bound/StageComputability.lean	public
Kolmogorov.SUV.Ch02.exercise42_average	Kolmogorov.average_condK_eq_condK_length	KolmogorovMathlib/Complexity/ConditionalComplexity/AverageBounds/Expectation.lean	public
Kolmogorov.SUV.Ch02.exercise42_tail	Kolmogorov.fraction_condK_lt_condK_length_le	KolmogorovMathlib/Complexity/ConditionalComplexity/AverageBounds/Tail.lean	public
Kolmogorov.SUV.Ch02.exercise43_short_conditional	Kolmogorov.plainK_le_of_condK_lt	KolmogorovMathlib/Complexity/ConditionalComplexity/AverageBounds/Expectation.lean	public
Kolmogorov.SUV.Ch02.exercise44_self_conditional	Kolmogorov.plainK_eq_condK_self_plainK	KolmogorovMathlib/Complexity/ConditionalComplexity/AverageBounds/Expectation.lean	public
Kolmogorov.SUV.Ch02.exercise45_complexity_of_complexity	Kolmogorov.exists_condK_cVal_within_log_length	KolmogorovMathlib/Complexity/SelfComplexity/TokenGame/LowerBound.lean	public
Kolmogorov.SUV.Ch02.exercise48_computable_iff_bounded	Kolmogorov.computable_iff_condK_prefix_bounded	KolmogorovMathlib/Complexity/InfiniteSequences/MonotoneComparison.lean	public
Kolmogorov.SUV.Ch02.exercise49_log_prefixes_computable	Kolmogorov.computable_of_plainK_prefix_le_log	KolmogorovMathlib/Complexity/InfiniteSequences/PrefixComplexity.lean	public
Kolmogorov.SUV.Ch02.exercise53_a_count	Kolmogorov.card_incompressible_mem_Icc	KolmogorovMathlib/Complexity/InfiniteSequences/MonotoneComparison.lean	public
Kolmogorov.SUV.Ch02.exercise53_b_count_complexity	Kolmogorov.plainK_card_incompressible_ge	KolmogorovMathlib/Complexity/InfiniteSequences/MonotoneComparison.lean	public
Kolmogorov.SUV.Ch02.exercise53_c_halves	Kolmogorov.plainK_halves_of_incompressible	KolmogorovMathlib/Complexity/IncompressibleStrings/SplitDecompressors.lean	public
Kolmogorov.SUV.Ch02.exercise53_d_substrings	Kolmogorov.plainK_substring_of_incompressible	KolmogorovMathlib/Complexity/IncompressibleStrings/SplitDecompressors.lean	public
Kolmogorov.SUV.Ch02.exercise53_e_zero_runs	Kolmogorov.incompressible_contains_zero_run	KolmogorovMathlib/Complexity/IncompressibleStrings/SplitDecompressors.lean	public
Kolmogorov.SUV.Ch02.exercise54_infinitely_often	Kolmogorov.exists_infinitely_many_prefix_plainK_le	KolmogorovMathlib/Complexity/IncompressibleStrings/Deficiency.lean	public
Kolmogorov.SUV.Ch02.exercise54_matching_sequence	Kolmogorov.exists_sequence_prefix_plainK_ge	KolmogorovMathlib/Complexity/IncompressibleStrings/Deficiency.lean	public
Kolmogorov.SUV.Ch02.exercise55_deficiency_comparison	Kolmogorov.deficiency_comparison_le_log	KolmogorovMathlib/Complexity/IncompressibleStrings/Deficiency.lean	public
Kolmogorov.SUV.Ch02.exercise58_conservation	Kolmogorov.deterministic_information_conservation	KolmogorovMathlib/Complexity/IncompressibleStrings/Deficiency.lean	public
Kolmogorov.SUV.Ch02.exercise59_probabilistic_conservation	Kolmogorov.levin_information_conservation	KolmogorovMathlib/Complexity/Information/ConservationBounds.lean	public
Kolmogorov.SUV.Ch02.exercise59_probabilistic_conservation_book	Kolmogorov.levin_information_conservation	KolmogorovMathlib/Complexity/Information/ConservationBounds.lean	public
Kolmogorov.SUV.Ch02.exercise60_asymmetry	Kolmogorov.info_asymmetric_example	KolmogorovMathlib/Complexity/Information/ConservationBounds.lean	public
Kolmogorov.SUV.Ch02.exercise61_expected_information	Kolmogorov.expected_info_le_log	KolmogorovMathlib/Complexity/Information/ConservationBounds.lean	public
Kolmogorov.SUV.Ch02.exercise63_information_chain	Kolmogorov.info_pair_chain_rule	KolmogorovMathlib/Complexity/Information/MutualInformation.lean	public
Kolmogorov.SUV.Ch02.exercise64_conditionally_independent_not	Kolmogorov.exists_conditionally_independent_not_independent	KolmogorovMathlib/Complexity/Information/MutualInformation.lean	public
Kolmogorov.SUV.Ch02.exercise64_independent_not_conditionally	Kolmogorov.exists_independent_not_conditionally_independent	KolmogorovMathlib/Complexity/Information/MutualInformation.lean	public
Kolmogorov.SUV.Ch02.f_extract	Kolmogorov.fExtract	KolmogorovMathlib/Complexity/InfiniteSequences/MonotoneGap.lean	public
Kolmogorov.SUV.Ch02.f_extract_body	Kolmogorov.fExtractBody	KolmogorovMathlib/Complexity/InfiniteSequences/MonotoneGap.lean	public
Kolmogorov.SUV.Ch02.f_p	Kolmogorov.fP	KolmogorovMathlib/Complexity/InfiniteSequences/MonotoneGap.lean	private
Kolmogorov.SUV.Ch02.t19_append_if_not_mem	Kolmogorov.append_if_not_mem	KolmogorovMathlib/Complexity/PairComplexity/ConditionalMinimality.lean	private
Kolmogorov.SUV.Ch02.t19_append_if_not_mem_prim	Kolmogorov.append_if_not_mem_prim	KolmogorovMathlib/Complexity/PairComplexity/ConditionalMinimality.lean	private
Kolmogorov.SUV.Ch02.t19_cand_body_prim	Kolmogorov.cand_body_prim	KolmogorovMathlib/Complexity/PairComplexity/ConditionalMinimality.lean	private
Kolmogorov.SUV.Ch02.t19_cand_prim	Kolmogorov.cand_prim	KolmogorovMathlib/Complexity/PairComplexity/ConditionalMinimality.lean	private
Kolmogorov.SUV.Ch02.t19_enum_mono	Kolmogorov.enum_mono	KolmogorovMathlib/Complexity/PairComplexity/ConditionalMinimality.lean	private
Kolmogorov.SUV.Ch02.t19_enum_nodup	Kolmogorov.enum_nodup	KolmogorovMathlib/Complexity/PairComplexity/ConditionalMinimality.lean	private
Kolmogorov.SUV.Ch02.t19_enum_prim	Kolmogorov.enum_prim	KolmogorovMathlib/Complexity/PairComplexity/ConditionalMinimality.lean	private
Kolmogorov.SUV.Ch02.t19_eval_step_prim	Kolmogorov.eval_step_prim	KolmogorovMathlib/Complexity/PairComplexity/ConditionalMinimality.lean	private
Kolmogorov.SUV.Ch02.t19_evaln_arg	Kolmogorov.evaln_arg	KolmogorovMathlib/Complexity/PairComplexity/ConditionalMinimality.lean	private
Kolmogorov.SUV.Ch02.t19_evaln_arg_prim	Kolmogorov.evaln_arg_prim	KolmogorovMathlib/Complexity/PairComplexity/ConditionalMinimality.lean	private
Kolmogorov.SUV.Ch02.t19_getElem_computable	Kolmogorov.getElem_computable	KolmogorovMathlib/Complexity/PairComplexity/ConditionalMinimality.lean	private
Kolmogorov.SUV.Ch02.t19_getElem_prim	Kolmogorov.getElem_prim	KolmogorovMathlib/Complexity/PairComplexity/ConditionalMinimality.lean	private
Kolmogorov.SUV.Ch02.t19_idx_prim	Kolmogorov.idx_prim	KolmogorovMathlib/Complexity/PairComplexity/ConditionalMinimality.lean	private
Kolmogorov.SUV.Ch02.t19_ofOpt_partrec	Kolmogorov.ofOpt_partrec	KolmogorovMathlib/Complexity/PairComplexity/ConditionalMinimality.lean	private
Kolmogorov.SUV.Ch02.t19_rfind_p_partrec	Kolmogorov.rfind_p_partrec	KolmogorovMathlib/Complexity/PairComplexity/ConditionalMinimality.lean	private
Kolmogorov.SUV.Ch02.t19_rfind_partrec	Kolmogorov.rfind_partrec	KolmogorovMathlib/Complexity/PairComplexity/ConditionalMinimality.lean	private
Kolmogorov.SUV.Ch02.t19_step_cases_prim	Kolmogorov.step_cases_prim	KolmogorovMathlib/Complexity/PairComplexity/ConditionalMinimality.lean	private
Kolmogorov.SUV.Ch02.theorem16_first	Kolmogorov.plainK_pair_le_add_two_log	KolmogorovMathlib/Complexity/PairComplexity/Basic.lean	public
Kolmogorov.SUV.Ch02.theorem16_second	Kolmogorov.plainK_pair_le_add_log_add_two_logLog	KolmogorovMathlib/Complexity/PairComplexity/Basic.lean	public
Kolmogorov.SUV.Ch02.theorem16_third	Kolmogorov.plainK_pair_le_add_log_add_logLog_add_two_logLogLog	KolmogorovMathlib/Complexity/PairComplexity/Basic.lean	public
Kolmogorov.SUV.Ch02.theorem19	Kolmogorov.condK_minimal_upperSemicomputable	KolmogorovMathlib/Complexity/PairComplexity/ConditionalMinimality.lean	public
Kolmogorov.SUV.Ch02.theorem20	Kolmogorov.plainK_pair_le_add_two_log_add_condK	KolmogorovMathlib/Complexity/PairComplexity/ConditionalMinimality.lean	public
Kolmogorov.SUV.Ch04.Exercise101.approx_sum	Kolmogorov.SemimeasureEmbedding.approxSum	KolmogorovMathlib/AlgorithmicProbability/KraftChaitinApplications/Part01.lean	public
Kolmogorov.SUV.Ch04.Exercise101.approx_sum_range_term	Kolmogorov.SemimeasureEmbedding.approxSumRangeTerm	KolmogorovMathlib/AlgorithmicProbability/KraftChaitinApplications/Part01.lean	public
Kolmogorov.SUV.Ch04.approx_m1	Kolmogorov.approxM1	KolmogorovMathlib/AlgorithmicProbability/KraftChaitinApplications/Part02.lean	public
Kolmogorov.SUV.Ch04.approx_m2	Kolmogorov.approxM2	KolmogorovMathlib/AlgorithmicProbability/KraftChaitinApplications/Part02.lean	public
Kolmogorov.SUV.Ch04.exercise100_leftmost_allocation	Kolmogorov.kraftChaitin_leftmost_allocation	KolmogorovMathlib/AlgorithmicProbability/KraftChaitinApplications/Part01.lean	public
Kolmogorov.SUV.Ch04.exercise101_pair_max	Kolmogorov.aprioriMeasure_pair_max_eq	KolmogorovMathlib/AlgorithmicProbability/KraftChaitinApplications/Part01.lean	public
Kolmogorov.SUV.Ch04.exercise101_pair_sum	Kolmogorov.aprioriMeasure_pair_sum_eq	KolmogorovMathlib/AlgorithmicProbability/KraftChaitinApplications/Part01.lean	public
Kolmogorov.SUV.Ch04.exercise102_computable_grouping	Kolmogorov.aprioriMeasure_computable_grouping	KolmogorovMathlib/AlgorithmicProbability/KraftChaitinApplications/Part02.lean	public
Kolmogorov.SUV.Ch04.exercise105_pair_with_bound	Kolmogorov.KP_pair_bound_le	KolmogorovMathlib/Prefix/NumericalValues.lean	public
Kolmogorov.SUV.Ch04.exercise106_average_prefix_complexity	Kolmogorov.average_KP_eq_length_add_KP	KolmogorovMathlib/Prefix/NumericalValues.lean	public
Kolmogorov.SUV.Ch04.exercise107_plain_pair_prefix_bound	Kolmogorov.plainK_pair_le_KP_add_plainK	KolmogorovMathlib/Prefix/NumericalValues.lean	public
Kolmogorov.SUV.Ch04.exercise108_high_prefix_complexity	Kolmogorov.KP_le_of_plainK_le_sub	KolmogorovMathlib/Prefix/NumericalValues.lean	public
Kolmogorov.SUV.Ch04.exercise109_converse_false	Kolmogorov.not_program_KP_le_condKP	KolmogorovMathlib/Prefix/PairComplexity.lean	public
Kolmogorov.SUV.Ch04.exercise109_le_program_complexity	Kolmogorov.condKP_le_program_KP	KolmogorovMathlib/Prefix/PairComplexity.lean	public
Kolmogorov.SUV.Ch04.exercise110_plain_pair_cond_bound	Kolmogorov.plainK_pair_le_KP_add_condK	KolmogorovMathlib/Prefix/NumericalValues.lean	public
Kolmogorov.SUV.Ch04.exercise111_triangle	Kolmogorov.condKP_triangle	KolmogorovMathlib/Prefix/PairComplexity.lean	public
Kolmogorov.SUV.Ch04.exercise114_triple_inequality	Kolmogorov.two_mul_KP_triple_le	KolmogorovMathlib/Prefix/PairComplexity.lean	public
Kolmogorov.SUV.Ch04.exercise115_pair_increase	Kolmogorov.exists_extension_KP_pair_ge	KolmogorovMathlib/Prefix/PairComplexity.lean	public
Kolmogorov.SUV.Ch04.exercise116_extension_weak	Kolmogorov.exists_extension_KP_ge_sub	KolmogorovMathlib/Prefix/ExtensionTheorem.lean	public
Kolmogorov.SUV.Ch04.exercise117_solovay_inequality	Kolmogorov.solovay_plain_le_prefix_sub_prefix_prefix	KolmogorovMathlib/MonotoneComplexity/Omega/SolovayInverse.lean	public
Kolmogorov.SUV.Ch04.exercise94_computable_lowerSemicomputable	Kolmogorov.isLowerSemicomputable_of_isComputableReal	KolmogorovMathlib/AlgorithmicProbability/HaltingProbabilityApproximation.lean	public
Kolmogorov.SUV.Ch04.exercise95_computable_iff	Kolmogorov.isComputableReal_iff_lowerSemicomputable_and_neg	KolmogorovMathlib/AlgorithmicProbability/HaltingProbabilityApproximation.lean	public
Kolmogorov.SUV.Ch04.exercise97_robustness_undecidable	Kolmogorov.robustness_undecidable	KolmogorovMathlib/Prefix/SelfDelimitingMachines.lean	public
Kolmogorov.SUV.Ch04.exercise98_minimalRestrict_not_computable	Kolmogorov.exists_prefixStable_minimalRestrict_not_computable	KolmogorovMathlib/Prefix/PrefixStableComplexity.lean	public
Kolmogorov.SUV.Ch04.exercise99_no_log_bound	Kolmogorov.not_KP_le_length_add_log	KolmogorovMathlib/Prefix/PrefixStableComplexity.lean	public
Kolmogorov.SUV.Ch04.g_req	Kolmogorov.gReq	KolmogorovMathlib/AlgorithmicProbability/HaltingProbabilityApproximation.lean	public
Kolmogorov.SUV.Ch04.theorem44_halting_lowerSemicomputable	Kolmogorov.haltingProbability_isLowerSemicomputable	KolmogorovMathlib/Interface/ComputableReals/LowerSemicomputableReals.lean	public
Kolmogorov.SUV.Ch04.theorem44_lowerSemicomputable_is_halting	Kolmogorov.haltingProbability_of_isLowerSemicomputable	KolmogorovMathlib/Interface/ComputableReals/LowerSemicomputableReals.lean	public
Kolmogorov.SUV.Ch04.theorem45_lowerSemicomputableSeq_iff	Kolmogorov.lowerSemicomputableSeq_iff_enumerable_rationalPairs	KolmogorovMathlib/AlgorithmicProbability/HaltingProbabilityApproximation.lean	public
Kolmogorov.SUV.Ch04.theorem48_exists_optimal_prefixStable	Kolmogorov.exists_optimal_prefixStable_decompressor	KolmogorovMathlib/Prefix/StableDecompressors.lean	public
Kolmogorov.SUV.Ch04.theorem50_prefixFree_iff_blockingRead	Kolmogorov.blockingRead_iff_computable_prefixFree	KolmogorovMathlib/Prefix/BlockingReadMachines.lean	public
Kolmogorov.SUV.Ch04.theorem52_isOpen_iff	Kolmogorov.prefixTopology_isOpen_iff	KolmogorovMathlib/Prefix/SelfDelimitingMachines.lean	public
Kolmogorov.SUV.Ch04.theorem53_continuous_iff	Kolmogorov.prefixTopology_continuous_iff	KolmogorovMathlib/Prefix/SelfDelimitingMachines.lean	public
Kolmogorov.SUV.Ch04.theorem54_existsUnique	Kolmogorov.existsUnique_continuousMap_of_compatibleGraph	KolmogorovMathlib/AlgorithmicProbability/CompatibleGraphs/Basic.lean	public
Kolmogorov.SUV.Ch04.theorem54_graph_bijection	Kolmogorov.continuousMap_graph_bijection	KolmogorovMathlib/AlgorithmicProbability/CompatibleGraphs/Basic.lean	public
Kolmogorov.SUV.Ch04.theorem55_prefixStable_le_prefixFree	Kolmogorov.prefixStable_prefixFree_complexity_eq	KolmogorovMathlib/Prefix/PrefixStableComplexity.lean	public
Kolmogorov.SUV.Ch04.theorem71_extension_max	Kolmogorov.exists_extension_KP_ge	KolmogorovMathlib/Prefix/ExtensionTheorem.lean	public
Kolmogorov.SUV.Ch04.theorem72_fixed_point	Kolmogorov.condKP_self_plainK_eq	KolmogorovMathlib/Prefix/ExtensionTheorem.lean	public
Kolmogorov.SUV.Ch04.theorem72_stability	Kolmogorov.plainK_eq_of_condKP_eq_add	KolmogorovMathlib/Prefix/ExtensionTheorem.lean	public
Kolmogorov.SUV.Ch04.theorem73_solovay	Kolmogorov.solovay_plain_eq_prefix_sub_prefix_prefix	KolmogorovMathlib/MonotoneComplexity/Omega/SolovayInverse/Core.lean	public
Kolmogorov.SUV.Ch04.theorem74_solovay_inverse	Kolmogorov.solovay_prefix_plain_eq_add_condK_add	KolmogorovMathlib/MonotoneComplexity/Omega/SolovayInverse/Core.lean	public
Kolmogorov.SUV.Ch14.exercise345_deficiency_tail	Kolmogorov.fraction_deficiency_gt_le	KolmogorovMathlib/AlgorithmicStatistics/DeficiencyValue.lean	public
Kolmogorov.SUV.Ch14.exercise348_distribution_to_set	Kolmogorov.distribution_to_uniform_set_model	KolmogorovMathlib/AlgorithmicStatistics/DeficiencyValue.lean	public
Kolmogorov.SUV.Ch14.exercise349_exists_non_random	Kolmogorov.exists_not_martinLofRandom_computableMeasure	KolmogorovMathlib/AlgorithmicStatistics/DeficiencyValue.lean	public
Kolmogorov.SUV.Ch14.exercise350_extreme_profile_nonstochastic	Kolmogorov.isNonStochastic_of_extreme_profile	KolmogorovMathlib/AlgorithmicStatistics/StochasticityProfile.lean	public
Kolmogorov.SUV.Ch14.exercise350_nonstochastic_of_extreme_profile	Kolmogorov.isNonStochastic_of_extreme_profile_general	KolmogorovMathlib/AlgorithmicStatistics/StochasticityProfile.lean	public
Kolmogorov.SUV.Ch14.exercise353_tail_strings_mutually_simple	Kolmogorov.tail_strings_mutually_simple	KolmogorovMathlib/AlgorithmicStatistics/StochasticityProfile.lean	public
Kolmogorov.SUV.Ch14.exercise354_profile_invariant_under_simple_bijection	Kolmogorov.descriptionProfile_invariant_of_simple_bijection	KolmogorovMathlib/AlgorithmicStatistics/DescriptionProfileInvariance.lean	public
Kolmogorov.SUV.Ch14.exercise359_hamming_gap_restricted_profile	Kolmogorov.hammingGap_restricted_profile	KolmogorovMathlib/Restricted/DescriptionProfileGap.lean	public
Kolmogorov.SUV.Ch14.exercise363_exists_nonstochastic_weak	Kolmogorov.exists_isNonStochastic_weak	KolmogorovMathlib/AlgorithmicStatistics/StochasticityProfile.lean	public
Kolmogorov.SUV.Ch14.exercise365_nonstochastic_mass_weak	Kolmogorov.nonStochasticMass_bounds_weak	KolmogorovMathlib/AlgorithmicStatistics/NonStochasticMassWeak.lean	public
Kolmogorov.SUV.Ch14.exercise366_profile_properties	Kolmogorov.stochasticityProfile_properties	KolmogorovMathlib/AlgorithmicStatistics/StochasticityProfile.lean	public
Kolmogorov.SUV.Ch14.theorem249_all_stochastic	Kolmogorov.isStochastic_of_add_ge	KolmogorovMathlib/AlgorithmicStatistics/DeficiencyValue.lean	public
Kolmogorov.SUV.Ch14.theorem251_nonstochastic_mass	Kolmogorov.nonStochasticMass_bounds	KolmogorovMathlib/AlgorithmicStatistics/DeficiencyValue.lean	public
Kolmogorov.SUV.Ch14.theorem259_high_conditional_complexity_improves_i	Kolmogorov.descriptionFamily_improves_i_of_high_condK	KolmogorovMathlib/Restricted/MinimalRestrictedDescriptions.lean	public
Kolmogorov.SUV.Ch14.theorem259_high_conditional_complexity_improves_j	Kolmogorov.descriptionFamily_improves_j_of_high_condK	KolmogorovMathlib/Restricted/MinimalRestrictedDescriptions.lean	public
Kolmogorov.StandardMachine.condSymmetryOfInformation	Kolmogorov.StandardMachine.cond_symmetry_of_information	KolmogorovMathlib/Interface/StandardMachine.lean	public
Kolmogorov.StandardMachine.symmetryOfInformation	Kolmogorov.StandardMachine.symmetry_of_information	KolmogorovMathlib/Interface/StandardMachine.lean	public
Kolmogorov.bitsGValid	Kolmogorov.bitsG_valid	KolmogorovMathlib/Foundation/NatEncoding.lean	public
Kolmogorov.bucket1_pred	Kolmogorov.bucket1Pred	KolmogorovMathlib/AlgorithmicStatistics/TwoPart/Realization/Part01.lean	public
Kolmogorov.cardCompressibleWordsLt	Kolmogorov.card_compressibleWordsLt	KolmogorovMathlib/Complexity/Incompressibility.lean	public
Kolmogorov.cardGeneratedWordsLe	Kolmogorov.card_generatedWordsLe	KolmogorovMathlib/Complexity/Incompressibility.lean	public
Kolmogorov.cardStringsOfLength	Kolmogorov.card_stringsOfLength	KolmogorovMathlib/Complexity/Incompressibility.lean	public
Kolmogorov.chaitinGeneralized	Kolmogorov.chaitin_generalized	KolmogorovMathlib/Complexity/ChaitinCorollaries.lean	public
Kolmogorov.condKComp	Kolmogorov.condK_comp	KolmogorovMathlib/Complexity/Properties.lean	public
Kolmogorov.condKEqTopIff	Kolmogorov.condK_eq_top_iff	KolmogorovMathlib/Complexity/Properties.lean	public
Kolmogorov.condKGtIff	Kolmogorov.condK_gt_iff	KolmogorovMathlib/Complexity/Properties.lean	public
Kolmogorov.condKLeIff	Kolmogorov.condK_le_iff	KolmogorovMathlib/Complexity/Properties.lean	public
Kolmogorov.condKLeIsRe	Kolmogorov.condK_le_isRE	KolmogorovMathlib/Complexity/Properties.lean	public
Kolmogorov.condKLePlainK	Kolmogorov.condK_le_plainK	KolmogorovMathlib/Complexity/Properties.lean	public
Kolmogorov.condKMapLe	Kolmogorov.condK_map_le	KolmogorovMathlib/Complexity/Properties.lean	public
Kolmogorov.condKSelf	Kolmogorov.condK_self	KolmogorovMathlib/Complexity/Properties.lean	public
Kolmogorov.coverMachine_dim	Kolmogorov.coverMachineDim	KolmogorovMathlib/MonotoneComplexity/Dimension/LowComplexityCover.lean	private
Kolmogorov.decodeBitsComputable	Kolmogorov.decodeBits_computable	KolmogorovMathlib/Foundation/NatEncoding.lean	public
Kolmogorov.decode_restrictedCurveGridCode_sample	Kolmogorov.decodeRestrictedCurveGridCodeSample	KolmogorovMathlib/Restricted/FamilyCurve/BadStream.lean	public
Kolmogorov.emittedHalfRichChunks_fold_step	Kolmogorov.emittedHalfRichChunksFoldStep	KolmogorovMathlib/AlgorithmicStatistics/TwoPart/Snapshots/RichChunks.lean	public
Kolmogorov.emittedHalfRichChunks_step	Kolmogorov.emittedHalfRichChunksStep	KolmogorovMathlib/AlgorithmicStatistics/TwoPart/Snapshots/RichChunks.lean	public
Kolmogorov.existsCodeOfIsDecompressor	Kolmogorov.exists_code_of_isDecompressor	KolmogorovMathlib/Core/Invariance.lean	public
Kolmogorov.existsComplexInjective	Kolmogorov.exists_complex_injective	KolmogorovMathlib/Complexity/Incompressibility.lean	public
Kolmogorov.existsComplexString	Kolmogorov.exists_complex_string	KolmogorovMathlib/Complexity/Incompressibility.lean	public
Kolmogorov.existsIncompressibleString	Kolmogorov.exists_incompressible_string	KolmogorovMathlib/Complexity/Incompressibility.lean	public
Kolmogorov.existsIsOptimalConditional	Kolmogorov.exists_isOptimalConditional	KolmogorovMathlib/Core/Invariance.lean	public
Kolmogorov.existsPlainKNatGt	Kolmogorov.exists_plainKNat_gt	KolmogorovMathlib/Complexity/NatComplexity.lean	public
Kolmogorov.familyStageModelCodesList_happ_arg	Kolmogorov.familyStageModelCodesListHappArg	KolmogorovMathlib/Restricted/Improving/UniformComputability.lean	public
Kolmogorov.familyStageModelCodesList_happ_fun	Kolmogorov.familyStageModelCodesListHappFun	KolmogorovMathlib/Restricted/Improving/UniformComputability.lean	public
Kolmogorov.familyStageModelCodesList_hg_arg	Kolmogorov.familyStageModelCodesListHgArg	KolmogorovMathlib/Restricted/Improving/UniformComputability.lean	public
Kolmogorov.familyStageModelCodesList_hg_fun	Kolmogorov.familyStageModelCodesListHgFun	KolmogorovMathlib/Restricted/Improving/UniformComputability.lean	public
Kolmogorov.familyStageModelCodesList_hh_fun	Kolmogorov.familyStageModelCodesListHhFun	KolmogorovMathlib/Restricted/Improving/UniformComputability.lean	public
Kolmogorov.filter_length	Kolmogorov.filterLength	KolmogorovMathlib/AlgorithmicRandomness/EffectiveOpen.lean	public
Kolmogorov.fwNat_c_gen	Kolmogorov.fwNatCGen	KolmogorovMathlib/AlgorithmicStatistics/TwoPart/Realization/FinalWindow.lean	public
Kolmogorov.fwNat_i	Kolmogorov.fwNatI	KolmogorovMathlib/AlgorithmicStatistics/TwoPart/Realization/FinalWindow.lean	public
Kolmogorov.fwNat_m	Kolmogorov.fwNatM	KolmogorovMathlib/AlgorithmicStatistics/TwoPart/Realization/FinalWindow.lean	public
Kolmogorov.fwNat_n	Kolmogorov.fwNatN	KolmogorovMathlib/AlgorithmicStatistics/TwoPart/Realization/FinalWindow.lean	public
Kolmogorov.fwNat_version	Kolmogorov.fwNatVersion	KolmogorovMathlib/AlgorithmicStatistics/TwoPart/Realization/FinalWindow.lean	public
Kolmogorov.g_cons	Kolmogorov.gCons	KolmogorovMathlib/AlgorithmicRandomness/EffectiveLaws.lean	public
Kolmogorov.g_tail	Kolmogorov.gTail	KolmogorovMathlib/AlgorithmicRandomness/EffectiveLaws.lean	public
Kolmogorov.gacsDayNode_prefix	Kolmogorov.gacsDayNodePrefix	KolmogorovMathlib/MonotoneComplexity/GacsDayGame.lean	public
Kolmogorov.get_2_pow_s	Kolmogorov.twoPowStage	KolmogorovMathlib/AlgorithmicRandomness/LSCCharacterizations/MonotoneLimits.lean	public
Kolmogorov.get_A	Kolmogorov.getA	KolmogorovMathlib/AlgorithmicRandomness/LSCCharacterizations/MonotoneLimits.lean	public
Kolmogorov.get_B	Kolmogorov.getB	KolmogorovMathlib/AlgorithmicRandomness/LSCCharacterizations/MonotoneLimits.lean	public
Kolmogorov.get_approx	Kolmogorov.getApprox	KolmogorovMathlib/AlgorithmicRandomness/LSCCharacterizations/MonotoneLimits.lean	public
Kolmogorov.get_cond	Kolmogorov.getCond	KolmogorovMathlib/AlgorithmicRandomness/LSCCharacterizations/MonotoneLimits.lean	public
Kolmogorov.get_q_den	Kolmogorov.getQDen	KolmogorovMathlib/AlgorithmicRandomness/LSCCharacterizations/DyadicEnumeration.lean	public
Kolmogorov.get_q_num	Kolmogorov.getQNum	KolmogorovMathlib/AlgorithmicRandomness/LSCCharacterizations/DyadicEnumeration.lean	public
Kolmogorov.get_s	Kolmogorov.stageOf	KolmogorovMathlib/AlgorithmicRandomness/LSCCharacterizations/MonotoneLimits.lean	public
Kolmogorov.get_x	Kolmogorov.stringOf	KolmogorovMathlib/AlgorithmicRandomness/LSCCharacterizations/MonotoneLimits.lean	public
Kolmogorov.grayChargedFinalReplayV2_of_final	Kolmogorov.grayChargedFinalReplayV2OfFinal	KolmogorovMathlib/MonotoneComplexity/GacsDayV2Closure/Part02.lean	public
Kolmogorov.grayChargedFinalReplay_of_final	Kolmogorov.grayChargedFinalReplayOfFinal	KolmogorovMathlib/MonotoneComplexity/GacsDayChargedClosureCore/ExitWidth.lean	public
Kolmogorov.grayChargedSourceFrozenLayout	Kolmogorov.grayCharged_source_frozen_layout	KolmogorovMathlib/MonotoneComplexity/GacsDayChargedReplay/SourceInvariant.lean	public
Kolmogorov.grayChargedSourceFrozenLayoutV2	Kolmogorov.grayCharged_source_frozen_layout_v2	KolmogorovMathlib/MonotoneComplexity/GacsDayV2ChargedReplay.lean	public
Kolmogorov.grayEndgame_a	Kolmogorov.grayEndgameA	KolmogorovMathlib/MonotoneComplexity/GacsDayEndgameScale.lean	public
Kolmogorov.grayTailGlobalStoppedWidth	Kolmogorov.grayTail_global_stopped_width	KolmogorovMathlib/MonotoneComplexity/GacsDayLadderTailGlobalProgress/Part02.lean	public
Kolmogorov.growthLemma	Kolmogorov.growth_lemma	KolmogorovMathlib/Complexity/Uncomputability.lean	public
Kolmogorov.int_lt_nat	Kolmogorov.intLtNat	KolmogorovMathlib/AlgorithmicRandomness/LSCCharacterizations/DyadicEnumeration.lean	public
Kolmogorov.int_mul_nat	Kolmogorov.intMulNat	KolmogorovMathlib/AlgorithmicRandomness/LSCCharacterizations/DyadicEnumeration.lean	public
Kolmogorov.isDecompressorUniversalDecompressor	Kolmogorov.isDecompressor_universalDecompressor	KolmogorovMathlib/Core/UniversalDecompressor.lean	public
Kolmogorov.k_P	Kolmogorov.kP	KolmogorovMathlib/AlgorithmicStatistics/StrongModels/ProfileCardinality.lean	public
Kolmogorov.m_P	Kolmogorov.mP	KolmogorovMathlib/AlgorithmicStatistics/StrongModels/ProfileCardinality.lean	public
Kolmogorov.m_P_eps	Kolmogorov.mPEps	KolmogorovMathlib/AlgorithmicStatistics/StrongModels/ProfileCardinality.lean	public
Kolmogorov.memStringsOfLength	Kolmogorov.mem_stringsOfLength	KolmogorovMathlib/Complexity/Incompressibility.lean	public
Kolmogorov.mem_domainAt_of_produces	Kolmogorov.produces_mem_domainAt	KolmogorovMathlib/Prefix/Machine.lean	public
Kolmogorov.my_approx	Kolmogorov.monotoneApprox	KolmogorovMathlib/AlgorithmicRandomness/LSCCharacterizations/Characterization.lean	public
Kolmogorov.my_enum	Kolmogorov.dyadicEnum	KolmogorovMathlib/AlgorithmicRandomness/LSCCharacterizations/DyadicEnumeration.lean	public
Kolmogorov.my_max_approx	Kolmogorov.monotoneMaxApprox	KolmogorovMathlib/AlgorithmicRandomness/LSCCharacterizations/MonotoneLimits.lean	public
Kolmogorov.my_term	Kolmogorov.monotoneTerm	KolmogorovMathlib/AlgorithmicRandomness/LSCCharacterizations/MonotoneLimits.lean	public
Kolmogorov.n_P	Kolmogorov.nP	KolmogorovMathlib/AlgorithmicStatistics/StrongModels/ProfileCardinality.lean	public
Kolmogorov.natBitsComputable	Kolmogorov.natBits_computable	KolmogorovMathlib/Foundation/NatEncoding.lean	public
Kolmogorov.natBitsInjective	Kolmogorov.natBits_injective	KolmogorovMathlib/Foundation/NatEncoding.lean	public
Kolmogorov.noComputableUnboundedLowerBound	Kolmogorov.not_computable_unbounded_lowerBound	KolmogorovMathlib/Complexity/Uncomputability.lean	public
Kolmogorov.notComputablePlainKNat	Kolmogorov.not_computable_plainKNat	KolmogorovMathlib/Complexity/Uncomputability.lean	public
Kolmogorov.partrecUnivNat	Kolmogorov.partrec_univNat	KolmogorovMathlib/Core/UniversalDecompressor.lean	public
Kolmogorov.pinnedEndgame_a	Kolmogorov.pinnedEndgameA	KolmogorovMathlib/MonotoneComplexity/GacsDayPinnedEndgame.lean	public
Kolmogorov.pinnedEndgame_alpha	Kolmogorov.pinnedEndgameAlpha	KolmogorovMathlib/MonotoneComplexity/GacsDayPinnedEndgame.lean	public
Kolmogorov.pinnedEndgame_b	Kolmogorov.pinnedEndgameB	KolmogorovMathlib/MonotoneComplexity/GacsDayPinnedEndgame.lean	public
Kolmogorov.pinnedEndgame_e	Kolmogorov.pinnedEndgameE	KolmogorovMathlib/MonotoneComplexity/GacsDayPinnedEndgame.lean	public
Kolmogorov.pinnedEndgame_h	Kolmogorov.pinnedEndgameH	KolmogorovMathlib/MonotoneComplexity/GacsDayPinnedEndgame.lean	public
Kolmogorov.pinnedEndgame_k	Kolmogorov.pinnedEndgameK	KolmogorovMathlib/MonotoneComplexity/GacsDayPinnedEndgame.lean	public
Kolmogorov.plainKGtIsCore	Kolmogorov.plainK_gt_isCore	KolmogorovMathlib/Complexity/Properties.lean	public
Kolmogorov.plainKLeLength	Kolmogorov.plainK_le_length	KolmogorovMathlib/Complexity/Properties.lean	public
Kolmogorov.plainKMapLe	Kolmogorov.plainK_map_le	KolmogorovMathlib/Complexity/Properties.lean	public
Kolmogorov.plainKNatCompLe	Kolmogorov.plainKNat_comp_le	KolmogorovMathlib/Complexity/Uncomputability.lean	public
Kolmogorov.plainKNatFindComplexLe	Kolmogorov.plainKNat_findComplex_le	KolmogorovMathlib/Complexity/Uncomputability.lean	public
Kolmogorov.plainKNatGtIsCore	Kolmogorov.plainKNat_gt_isCore	KolmogorovMathlib/Complexity/ChaitinCorollaries.lean	public
Kolmogorov.plainKNatInvariance	Kolmogorov.plainKNat_invariance	KolmogorovMathlib/Complexity/NatComplexity.lean	public
Kolmogorov.plainKNatLeLength	Kolmogorov.plainKNat_le_length	KolmogorovMathlib/Complexity/NatComplexity.lean	public
Kolmogorov.primrecBitsG	Kolmogorov.primrec_bitsG	KolmogorovMathlib/Foundation/NatEncoding.lean	public
Kolmogorov.primrecDecodeBits	Kolmogorov.primrec_decodeBits	KolmogorovMathlib/Foundation/NatEncoding.lean	public
Kolmogorov.primrecDecodeStep	Kolmogorov.primrec_decodeStep	KolmogorovMathlib/Foundation/NatEncoding.lean	public
Kolmogorov.primrecNatBits	Kolmogorov.primrec_natBits	KolmogorovMathlib/Foundation/NatEncoding.lean	public
Kolmogorov.primrecParseTapeNat	Kolmogorov.primrec_parseTapeNat	KolmogorovMathlib/Core/UniversalDecompressor.lean	public
Kolmogorov.producesIsRe	Kolmogorov.produces_isRE	KolmogorovMathlib/Complexity/Properties.lean	public
Kolmogorov.producesUnique	Kolmogorov.produces_unique	KolmogorovMathlib/Complexity/Incompressibility.lean	public
Kolmogorov.restrictedCoverValidBool_f1	Kolmogorov.restrictedCoverValidBoolF1	KolmogorovMathlib/Restricted/FamilyCurve/Selector.lean	public
Kolmogorov.restrictedCoverValidBool_f2_arg	Kolmogorov.restrictedCoverValidBoolF2Arg	KolmogorovMathlib/Restricted/FamilyCurve/Selector.lean	public
Kolmogorov.restrictedCoverValidBool_f2_fun	Kolmogorov.restrictedCoverValidBoolF2Fun	KolmogorovMathlib/Restricted/FamilyCurve/Selector.lean	public
Kolmogorov.restrictedCoverValidBool_f3_arg	Kolmogorov.restrictedCoverValidBoolF3Arg	KolmogorovMathlib/Restricted/FamilyCurve/Selector.lean	public
Kolmogorov.restrictedCoverValidBool_f3_fun	Kolmogorov.restrictedCoverValidBoolF3Fun	KolmogorovMathlib/Restricted/FamilyCurve/Selector.lean	public
Kolmogorov.restrictedCoverValidBool_f4_arg	Kolmogorov.restrictedCoverValidBoolF4Arg	KolmogorovMathlib/Restricted/FamilyCurve/Selector.lean	public
Kolmogorov.restrictedCoverValidBool_f4_fun	Kolmogorov.restrictedCoverValidBoolF4Fun	KolmogorovMathlib/Restricted/FamilyCurve/Selector.lean	public
Kolmogorov.restrictedCoverValidBool_f5_arg	Kolmogorov.restrictedCoverValidBoolF5Arg	KolmogorovMathlib/Restricted/FamilyCurve/Selector.lean	public
Kolmogorov.restrictedCoverValidBool_f5_fun	Kolmogorov.restrictedCoverValidBoolF5Fun	KolmogorovMathlib/Restricted/FamilyCurve/Selector.lean	public
Kolmogorov.secondIncompletenessGeneralized	Kolmogorov.second_incompleteness_generalized	KolmogorovMathlib/Complexity/SecondIncompletenessCorollaries.lean	public
Kolmogorov.setOptimalityCardBound	Kolmogorov.setOptimality_card_bound	KolmogorovMathlib/AlgorithmicStatistics/TwoPart/Deficiencies.lean	public
Kolmogorov.stageExistence_isRE	Kolmogorov.stageExistenceIsRE	KolmogorovMathlib/MonotoneComplexity/APrioriSublevelCover.lean	public
Kolmogorov.strongModelOrdinalNoiseTransport	Kolmogorov.strongModel_ordinal_noise_transport	KolmogorovMathlib/AlgorithmicStatistics/StrongModels/UpwardOrdinalBetaRegime.lean	public
Kolmogorov.universalSimulation	Kolmogorov.universal_simulation	KolmogorovMathlib/Core/UniversalDecompressor.lean	public
Kolmogorov.universalStreamStage_pred	Kolmogorov.universalStreamStagePred	KolmogorovMathlib/MonotoneComplexity/StreamRelationEnumeration.lean	public
memStringsOfLengthLe	mem_stringsOfLengthLe	KolmogorovMathlib/AlgorithmicStatistics/StrongModels/BudgetedCornerBallModels.lean	public
Kolmogorov.SUV.Ch14.Prop254a	Kolmogorov.HasIJDescription	KolmogorovMathlib/AlgorithmicStatistics/StochasticityProfile.lean	public
Kolmogorov.SUV.Ch14.Prop254b	Kolmogorov.HasSimpleEnumeratedList	KolmogorovMathlib/AlgorithmicStatistics/StochasticityProfile.lean	public
Kolmogorov.SUV.Ch14.Prop254c	Kolmogorov.HasSimpleGroupedEnumeration	KolmogorovMathlib/AlgorithmicStatistics/StochasticityProfile.lean	public
Kolmogorov.SUV.Ch14.Prop254d	Kolmogorov.TailInEverySimpleEnumeration	KolmogorovMathlib/AlgorithmicStatistics/StochasticityProfile.lean	public
Kolmogorov.SUV.Ch14.ex364_KP_bound	Kolmogorov.KP_le_of_selector_bounds	KolmogorovMathlib/AlgorithmicStatistics/DeficiencyValue.lean	private
Kolmogorov.SUV.Ch14.ex364_cov_bound	Kolmogorov.selector_cover_bound	KolmogorovMathlib/AlgorithmicStatistics/DeficiencyValue.lean	private
Kolmogorov.SUV.Ch14.exercise359_c	Kolmogorov.hammingGapProfileConst	KolmogorovMathlib/Restricted/DescriptionProfileGap.lean	public
Kolmogorov.SUV.Ch14.exercise359_hamming_gap_restricted_profile_proof	Kolmogorov.hammingGap_restricted_profile_aux	KolmogorovMathlib/Restricted/DescriptionProfileGap.lean	private
Kolmogorov.SUV.Ch14.exercise359_profile_exclusion	Kolmogorov.hammingGap_profile_exclusion	KolmogorovMathlib/Restricted/DescriptionProfileGap.lean	private
Kolmogorov.SUV.Ch14.exercise359_profile_inclusion	Kolmogorov.hammingGap_profile_inclusion	KolmogorovMathlib/Restricted/DescriptionProfileGap.lean	private
Kolmogorov.SUV.Ch14.exercise359_unrestricted_profile	Kolmogorov.hammingSet_inDescriptionProfile	KolmogorovMathlib/Restricted/DescriptionProfileGap.lean	private
Kolmogorov.SUV.Ch14.exercise364FilterFn	Kolmogorov.uncoveredStrings	KolmogorovMathlib/AlgorithmicStatistics/DeficiencyValue.lean	public
Kolmogorov.SUV.Ch14.exercise364FilterFn_primrec	Kolmogorov.uncoveredStrings_primrec	KolmogorovMathlib/AlgorithmicStatistics/DeficiencyValue.lean	private
Kolmogorov.SUV.Ch14.exercise364GetFn	Kolmogorov.uncoveredStringAt	KolmogorovMathlib/AlgorithmicStatistics/DeficiencyValue.lean	public
Kolmogorov.SUV.Ch14.exercise364GetFn_primrec	Kolmogorov.uncoveredStringAt_primrec	KolmogorovMathlib/AlgorithmicStatistics/DeficiencyValue.lean	private
Kolmogorov.SUV.Ch14.exercise364PostFn	Kolmogorov.uncoveredStringPart	KolmogorovMathlib/AlgorithmicStatistics/DeficiencyValue.lean	public
Kolmogorov.SUV.Ch14.exercise364PostFn_partrec₂	Kolmogorov.uncoveredStringPart_partrec₂	KolmogorovMathlib/AlgorithmicStatistics/DeficiencyValue.lean	private
Kolmogorov.SUV.Ch14.exercise364SelectorFn	Kolmogorov.uncoveredStringSelector	KolmogorovMathlib/AlgorithmicStatistics/DeficiencyValue.lean	public
Kolmogorov.SUV.Ch14.exercise364SelectorFn_spec	Kolmogorov.uncoveredStringSelector_spec	KolmogorovMathlib/AlgorithmicStatistics/DeficiencyValue.lean	private
Kolmogorov.SUV.Ch14.exercise367_lower_bound	Kolmogorov.structureFunction_deficiency_lower_bound	KolmogorovMathlib/AlgorithmicStatistics/StructureFunctionDeficiency.lean	private
Kolmogorov.SUV.Ch14.h_check5_computable	Kolmogorov.selector5HaltCheck_computable	KolmogorovMathlib/AlgorithmicStatistics/DeficiencyValue.lean	public
Kolmogorov.SUV.Ch14.logSlack_le_linear	Kolmogorov.logSlack_le_mul_add_two_mul	KolmogorovMathlib/AlgorithmicStatistics/StochasticityProfile.lean	public
Kolmogorov.SUV.Ch14.partrec_exercise364SelectorFn	Kolmogorov.partrec_uncoveredStringSelector	KolmogorovMathlib/AlgorithmicStatistics/DeficiencyValue.lean	public
Kolmogorov.SUV.Ch14.selAlpha5	Kolmogorov.selector5Alpha	KolmogorovMathlib/AlgorithmicStatistics/DeficiencyValue.lean	public
Kolmogorov.SUV.Ch14.selAlpha5_primrec	Kolmogorov.selector5Alpha_primrec	KolmogorovMathlib/AlgorithmicStatistics/DeficiencyValue.lean	public
Kolmogorov.SUV.Ch14.selH5	Kolmogorov.selector5HaltCount	KolmogorovMathlib/AlgorithmicStatistics/DeficiencyValue.lean	public
Kolmogorov.SUV.Ch14.selH5_primrec	Kolmogorov.selector5HaltCount_primrec	KolmogorovMathlib/AlgorithmicStatistics/DeficiencyValue.lean	public
Kolmogorov.SUV.Ch14.selIndex5	Kolmogorov.selector5Index	KolmogorovMathlib/AlgorithmicStatistics/DeficiencyValue.lean	public
Kolmogorov.SUV.Ch14.selIndex5_primrec	Kolmogorov.selector5Index_primrec	KolmogorovMathlib/AlgorithmicStatistics/DeficiencyValue.lean	public
Kolmogorov.SUV.Ch14.selMaxK5	Kolmogorov.selector5MaxK	KolmogorovMathlib/AlgorithmicStatistics/DeficiencyValue.lean	public
Kolmogorov.SUV.Ch14.selMaxK5_primrec	Kolmogorov.selector5MaxK_primrec	KolmogorovMathlib/AlgorithmicStatistics/DeficiencyValue.lean	public
Kolmogorov.SUV.Ch14.selNat5	Kolmogorov.selector5Length	KolmogorovMathlib/AlgorithmicStatistics/DeficiencyValue.lean	public
Kolmogorov.SUV.Ch14.selNat5_primrec	Kolmogorov.selector5Length_primrec	KolmogorovMathlib/AlgorithmicStatistics/DeficiencyValue.lean	public
Kolmogorov.SUV.Ch14.deficiencyValue	Kolmogorov.deficiencyValue	KolmogorovMathlib/AlgorithmicStatistics/DeficiencyValue.lean	public
Kolmogorov.SUV.Ch14.optimalityDeficiencyValue	Kolmogorov.optimalityDeficiencyValue	KolmogorovMathlib/AlgorithmicStatistics/DeficiencyValue.lean	public
Kolmogorov.SUV.Ch14.sqrtLogSlack	Kolmogorov.sqrtLogSlack	KolmogorovMathlib/AlgorithmicStatistics/DeficiencyValue.lean	public
Kolmogorov.SUV.Ch14.IsLowerSemicomputableTest	Kolmogorov.IsLowerSemicomputableTest	KolmogorovMathlib/AlgorithmicStatistics/DeficiencyValue.lean	public
Kolmogorov.SUV.Ch14.PlainDeficiencyLe	Kolmogorov.PlainDeficiencyLe	KolmogorovMathlib/AlgorithmicStatistics/DeficiencyValue.lean	public
Kolmogorov.SUV.Ch14.plainDeficiencyValue	Kolmogorov.plainDeficiencyValue	KolmogorovMathlib/AlgorithmicStatistics/DeficiencyValue.lean	public
Kolmogorov.SUV.Ch14.pack5	Kolmogorov.pack5	KolmogorovMathlib/AlgorithmicStatistics/DeficiencyValue.lean	public
Kolmogorov.SUV.Ch14.selectorInput5	Kolmogorov.selectorInput5	KolmogorovMathlib/AlgorithmicStatistics/DeficiencyValue.lean	public
Kolmogorov.SUV.Ch14.countP_or_le	Kolmogorov.countP_or_le	KolmogorovMathlib/AlgorithmicStatistics/DeficiencyValue.lean	public
Kolmogorov.SUV.Ch14.countP_any_le	Kolmogorov.countP_any_le	KolmogorovMathlib/AlgorithmicStatistics/DeficiencyValue.lean	public
Kolmogorov.SUV.Ch14.countP_levelSetMemBool_le	Kolmogorov.countP_levelSetMemBool_le	KolmogorovMathlib/AlgorithmicStatistics/DeficiencyValue.lean	public
Kolmogorov.SUV.Ch14.countHalts_lt_pow	Kolmogorov.countHalts_lt_pow	KolmogorovMathlib/AlgorithmicStatistics/DeficiencyValue.lean	public
Kolmogorov.SUV.Ch14.countP_coveredBool_le	Kolmogorov.countP_coveredBool_le	KolmogorovMathlib/AlgorithmicStatistics/DeficiencyValue.lean	public
Kolmogorov.SUV.Ch14.selector_length_arith_bridge	Kolmogorov.selector_length_arith_bridge	KolmogorovMathlib/AlgorithmicStatistics/DeficiencyValue.lean	public
Kolmogorov.SUV.Ch14.length_filter_not	Kolmogorov.length_filter_not	KolmogorovMathlib/AlgorithmicStatistics/DeficiencyValue.lean	public
Kolmogorov.SUV.Ch14.selectorInput5_length_le	Kolmogorov.selectorInput5_length_le	KolmogorovMathlib/AlgorithmicStatistics/DeficiencyValue.lean	public
Kolmogorov.SUV.Ch14.nonStochasticMass	Kolmogorov.nonStochasticMass	KolmogorovMathlib/AlgorithmicStatistics/DeficiencyValue.lean	public
Kolmogorov.SUV.Ch14.logSlack_add_left	Kolmogorov.logSlack_add_left	KolmogorovMathlib/AlgorithmicStatistics/StochasticityProfile.lean	public
Kolmogorov.SUV.Ch14.bits_length_le_succ	Kolmogorov.bits_length_le_succ	KolmogorovMathlib/AlgorithmicStatistics/StochasticityProfile.lean	public
Kolmogorov.SUV.Ch14.EnumeratesList	Kolmogorov.EnumeratesList	KolmogorovMathlib/AlgorithmicStatistics/StochasticityProfile.lean	public
Kolmogorov.SUV.Ch14.EnumeratesGroups	Kolmogorov.EnumeratesGroups	KolmogorovMathlib/AlgorithmicStatistics/StochasticityProfile.lean	public
Kolmogorov.SUV.Ch14.IsSimpleCode	Kolmogorov.IsSimpleCode	KolmogorovMathlib/AlgorithmicStatistics/StochasticityProfile.lean	public
Kolmogorov.SUV.Ch14.foldr_length_step	Kolmogorov.foldr_length_step	KolmogorovMathlib/AlgorithmicStatistics/StochasticityProfile.lean	public
Kolmogorov.SUV.Ch14.tailAfter_eq_foldr	Kolmogorov.tailAfter_eq_foldr	KolmogorovMathlib/AlgorithmicStatistics/StochasticityProfile.lean	public
Kolmogorov.SUV.Ch14.tailAfter_primrec	Kolmogorov.tailAfter_primrec	KolmogorovMathlib/AlgorithmicStatistics/StochasticityProfile.lean	public
Kolmogorov.SUV.Ch14.tailStringsSelector	Kolmogorov.tailStringsSelector	KolmogorovMathlib/AlgorithmicStatistics/StochasticityProfile.lean	public
Kolmogorov.SUV.Ch14.tailStringsSelector_eval	Kolmogorov.tailStringsSelector_eval	KolmogorovMathlib/AlgorithmicStatistics/StochasticityProfile.lean	public
Kolmogorov.SUV.Ch14.tailStringsSelector_partrec	Kolmogorov.tailStringsSelector_partrec	KolmogorovMathlib/AlgorithmicStatistics/StochasticityProfile.lean	public
Kolmogorov.SUV.Ch14.codeFromList	Kolmogorov.codeFromList	KolmogorovMathlib/AlgorithmicStatistics/StochasticityProfile.lean	public
Kolmogorov.SUV.Ch14.codeFromList_primrec	Kolmogorov.codeFromList_primrec	KolmogorovMathlib/AlgorithmicStatistics/StochasticityProfile.lean	public
Kolmogorov.SUV.Ch14.codeFromList_eq	Kolmogorov.codeFromList_eq	KolmogorovMathlib/AlgorithmicStatistics/StochasticityProfile.lean	public
Kolmogorov.SUV.Ch14.bijectionEvalFuel	Kolmogorov.bijectionEvalFuel	KolmogorovMathlib/AlgorithmicStatistics/StochasticityProfile.lean	public
Kolmogorov.SUV.Ch14.bijectionRun	Kolmogorov.bijectionRun	KolmogorovMathlib/AlgorithmicStatistics/StochasticityProfile.lean	public
Kolmogorov.SUV.Ch14.bijectionCheck	Kolmogorov.bijectionCheck	KolmogorovMathlib/AlgorithmicStatistics/StochasticityProfile.lean	public
Kolmogorov.SUV.Ch14.bijectionPost	Kolmogorov.bijectionPost	KolmogorovMathlib/AlgorithmicStatistics/StochasticityProfile.lean	public
Kolmogorov.SUV.Ch14.bijectionCheck_partrec	Kolmogorov.bijectionCheck_partrec	KolmogorovMathlib/AlgorithmicStatistics/StochasticityProfile.lean	public
Kolmogorov.SUV.Ch14.primrecDecodeGetD	Kolmogorov.primrecDecodeGetD	KolmogorovMathlib/Core/UniversalDecompressor.lean	private
Kolmogorov.SUV.Ch14.bijectionPost_partrec	Kolmogorov.bijectionPost_partrec	KolmogorovMathlib/AlgorithmicStatistics/StochasticityProfile.lean	public
Kolmogorov.SUV.Ch14.bijectionImageMap	Kolmogorov.bijectionImageMap	KolmogorovMathlib/AlgorithmicStatistics/StochasticityProfile.lean	public
Kolmogorov.SUV.Ch14.bijectionImageMap_partrec	Kolmogorov.bijectionImageMap_partrec	KolmogorovMathlib/AlgorithmicStatistics/StochasticityProfile.lean	public
Kolmogorov.SUV.Ch14.bijectionRun_eq	Kolmogorov.bijectionRun_eq	KolmogorovMathlib/AlgorithmicStatistics/StochasticityProfile.lean	public
Kolmogorov.SUV.Ch14.size_add_le	Kolmogorov.size_add_le	KolmogorovMathlib/AlgorithmicStatistics/DescriptionProfileInvariance.lean	public
Kolmogorov.SUV.Ch14.size_add_size_le	Kolmogorov.size_add_size_le	KolmogorovMathlib/Restricted/MinimalRestrictedDescriptions.lean	public
Kolmogorov.SUV.Ch14.InDescriptionProfileInPre	Kolmogorov.InDescriptionProfileInPre	KolmogorovMathlib/Restricted/MinimalRestrictedDescriptions.lean	public
Kolmogorov.SUV.Ch14.bits_length_bound_of_div	Kolmogorov.bits_length_bound_of_div	KolmogorovMathlib/Restricted/DescriptionProfileGap.lean	public
Kolmogorov.SUV.Ch14.bits_length_lower_bound_of_div	Kolmogorov.bits_length_lower_bound_of_div	KolmogorovMathlib/Restricted/DescriptionProfileGap.lean	public
Kolmogorov.SUV.Ch14.logSlack_shift_total_bound	Kolmogorov.logSlack_shift_total_bound	KolmogorovMathlib/Restricted/DescriptionProfileGap.lean	public
Kolmogorov.SUV.Ch14.approxComplexity	Kolmogorov.approxComplexity	KolmogorovMathlib/Restricted/DescriptionProfileGap.lean	public
Kolmogorov.SUV.Ch14.hammingBallProfileMin	Kolmogorov.hammingBallProfileMin	KolmogorovMathlib/Restricted/DescriptionProfileGap.lean	public
Kolmogorov.SUV.Ch14.ENat_sInf_mem	Kolmogorov.ENat_sInf_mem	KolmogorovMathlib/Restricted/DescriptionProfileGap/SlackArithmetic.lean	public
Kolmogorov.SUV.Ch14.DeficiencyLe_of_deficiencyValue_eq	Kolmogorov.DeficiencyLe_of_deficiencyValue_eq	KolmogorovMathlib/Restricted/DescriptionProfileGap/SlackArithmetic.lean	public
Kolmogorov.SUV.Ch14.SetOptimalityDeficiencyLe_of_optimalityDeficiencyValue_eq	Kolmogorov.SetOptimalityDeficiencyLe_of_optimalityDeficiencyValue_eq	KolmogorovMathlib/Restricted/DescriptionProfileGap/SlackArithmetic.lean	public
Kolmogorov.SUV.Ch14.upper_bound_slack_sum_le	Kolmogorov.upper_bound_slack_sum_le	KolmogorovMathlib/Restricted/DescriptionProfileGap/SlackArithmetic.lean	public
Kolmogorov.SUV.Ch14.upper_bound_M1_le	Kolmogorov.upper_bound_M1_le	KolmogorovMathlib/Restricted/DescriptionProfileGap/SlackArithmetic.lean	public
Kolmogorov.SUV.Ch14.upper_bound_M2_le	Kolmogorov.upper_bound_M2_le	KolmogorovMathlib/Restricted/DescriptionProfileGap/SlackArithmetic.lean	public
Kolmogorov.SUV.Ch14.lower_upper_slack_add	Kolmogorov.lower_upper_slack_add	KolmogorovMathlib/Restricted/DescriptionProfileGap/SlackArithmetic.lean	public
Kolmogorov.SUV.Ch14.kx_le_3n_add_clen	Kolmogorov.kx_le_3n_add_clen	KolmogorovMathlib/Restricted/DescriptionProfileGap/SlackArithmetic.lean	public
Kolmogorov.SUV.Ch14.delta_sub_k0_le_full	Kolmogorov.delta_sub_k0_le_full	KolmogorovMathlib/Restricted/DescriptionProfileGap/SlackArithmetic.lean	public
Kolmogorov.SUV.natToBits	Kolmogorov.natBits	KolmogorovMathlib/Foundation/EffectiveNotions.lean	public
Kolmogorov.SUV.IsEnumerableSet	Kolmogorov.IsEnumerableSet	KolmogorovMathlib/Foundation/EffectiveNotions.lean	public
Kolmogorov.SUV.IsDecidableSet	Kolmogorov.IsDecidableSet	KolmogorovMathlib/Foundation/EffectiveNotions.lean	public
Kolmogorov.SUV.IsEnumerableFamily	Kolmogorov.IsEnumerableFamily	KolmogorovMathlib/Foundation/EffectiveNotions.lean	public
Kolmogorov.SUV.IsUpperSemicomputable	Kolmogorov.IsUpperSemicomputable	KolmogorovMathlib/Foundation/EffectiveNotions.lean	public
Kolmogorov.SUV.IsUpperSemicomputable₂	Kolmogorov.IsUpperSemicomputable₂	KolmogorovMathlib/Foundation/EffectiveNotions.lean	public
Kolmogorov.SUV.IsPostSimple	Kolmogorov.IsPostSimple	KolmogorovMathlib/Foundation/EffectiveNotions.lean	public
Kolmogorov.SUV.IsRSeparable	Kolmogorov.IsRSeparable	KolmogorovMathlib/Foundation/EffectiveNotions.lean	public
Kolmogorov.SUV.mapToNatFun	Kolmogorov.mapToNatFun	KolmogorovMathlib/Foundation/EffectiveNotions.lean	public
Kolmogorov.SUV.IsDecompressorIn	Kolmogorov.IsDecompressorIn	KolmogorovMathlib/Foundation/EffectiveNotions.lean	public
Kolmogorov.SUV.IsOptimalConditionalIn	Kolmogorov.IsOptimalConditionalIn	KolmogorovMathlib/Foundation/EffectiveNotions.lean	public
Kolmogorov.SUV.haltingSemicharacteristic	Kolmogorov.haltingSemicharacteristic	KolmogorovMathlib/Foundation/EffectiveNotions.lean	public
Kolmogorov.SUV.charOracle	Kolmogorov.charOracle	KolmogorovMathlib/Foundation/EffectiveNotions.lean	public
Kolmogorov.SUV.haltingOracle	Kolmogorov.haltingOracle	KolmogorovMathlib/Foundation/EffectiveNotions.lean	public
Kolmogorov.SUV.totalOracle	Kolmogorov.totalOracle	KolmogorovMathlib/Foundation/EffectiveNotions.lean	public
Kolmogorov.SUV.cVal	Kolmogorov.cVal	KolmogorovMathlib/Foundation/EffectiveNotions.lean	public
Kolmogorov.SUV.condCVal	Kolmogorov.condCVal	KolmogorovMathlib/Foundation/EffectiveNotions.lean	public
Kolmogorov.SUV.Ch14.descriptionProfile_invariant_of_simple_bijection	Kolmogorov.descriptionProfile_invariant_of_simple_bijection	KolmogorovMathlib/AlgorithmicStatistics/DescriptionProfileInvariance.lean	public
Kolmogorov.SUV.Ch02.ex59Bad	Kolmogorov.shiftDecompressorOutput	KolmogorovCounterexamples/Problem59CnOnlyExponent.lean	public
Kolmogorov.SUV.Ch02.ex59Bad_computable	Kolmogorov.shiftDecompressorOutput_computable	KolmogorovCounterexamples/Problem59CnOnlyExponent.lean	public
Kolmogorov.SUV.Ch02.ex59Bad_hit	Kolmogorov.shiftDecompressorOutput_hit	KolmogorovCounterexamples/Problem59CnOnlyExponent.lean	public
Kolmogorov.SUV.Ch02.ex59Code	Kolmogorov.lengthTaggedCode	KolmogorovCounterexamples/Problem59CnOnlyExponent.lean	public
Kolmogorov.SUV.Ch02.ex59Code_injective	Kolmogorov.lengthTaggedCode_injective	KolmogorovCounterexamples/Problem59CnOnlyExponent.lean	public
Kolmogorov.SUV.Ch02.ex59D	Kolmogorov.shiftDecompressor	KolmogorovCounterexamples/Problem59CnOnlyExponent.lean	public
Kolmogorov.SUV.Ch02.ex59D_isDecompressor	Kolmogorov.shiftDecompressor_isDecompressor	KolmogorovCounterexamples/Problem59CnOnlyExponent.lean	public
Kolmogorov.SUV.Ch02.ex59Family	Kolmogorov.refutationFamily	KolmogorovCounterexamples/Problem59CnOnlyExponent.lean	public
Kolmogorov.SUV.Ch02.ex59Family_card	Kolmogorov.refutationFamily_card	KolmogorovCounterexamples/Problem59CnOnlyExponent.lean	public
Kolmogorov.SUV.Ch02.ex59Proj	Kolmogorov.conditionProjection	KolmogorovCounterexamples/Problem59CnOnlyExponent.lean	public
Kolmogorov.SUV.Ch02.ex59Proj_partrec	Kolmogorov.conditionProjection_partrec	KolmogorovCounterexamples/Problem59CnOnlyExponent.lean	public
Kolmogorov.SUV.Ch02.ex59_exists_complex_mem	Kolmogorov.exists_incompressible_mem	KolmogorovCounterexamples/Problem59CnOnlyExponent.lean	public
Kolmogorov.SUV.Ch02.exercise59_Cn_only_unprovable	Kolmogorov.information_conservation_Cn_only_exponent_unprovable	KolmogorovCounterexamples/Problem59CnOnlyExponent.lean	public
Kolmogorov.SUV.Ch02.exercise59_conservation_Cn_only_false	Kolmogorov.information_conservation_Cn_only_exponent_false	KolmogorovCounterexamples/Problem59CnOnlyExponent.lean	public
Kolmogorov.SUV.Ch04.ch44bAllocString	Kolmogorov.allocatedString	KolmogorovMathlib/Interface/ComputableReals/LowerSemicomputableReals.lean	public
Kolmogorov.SUV.Ch04.ch44bAllocString_spec	Kolmogorov.allocatedString_spec	KolmogorovMathlib/Interface/ComputableReals/LowerSemicomputableReals.lean	public
Kolmogorov.SUV.Ch04.ch44bG	Kolmogorov.allocatedWeight	KolmogorovMathlib/Interface/ComputableReals/LowerSemicomputableReals.lean	public
Kolmogorov.SUV.Ch04.ch44bM	Kolmogorov.requestMachine	KolmogorovMathlib/Interface/ComputableReals/LowerSemicomputableReals.lean	public
Kolmogorov.SUV.Ch04.ch44bM_eq_some	Kolmogorov.requestMachine_eq_some	KolmogorovMathlib/Interface/ComputableReals/LowerSemicomputableReals.lean	public
Kolmogorov.SUV.Ch04.ch44bNum	Kolmogorov.dyadicNumerator	KolmogorovMathlib/Interface/ComputableReals/LowerSemicomputableReals.lean	public
Kolmogorov.SUV.Ch04.ch44bNum_computable	Kolmogorov.dyadicNumerator_computable	KolmogorovMathlib/Interface/ComputableReals/LowerSemicomputableReals.lean	public
Kolmogorov.SUV.Ch04.ch44bNum_le	Kolmogorov.dyadicNumerator_le	KolmogorovMathlib/Interface/ComputableReals/LowerSemicomputableReals.lean	public
Kolmogorov.SUV.Ch04.ch44bNum_lt	Kolmogorov.dyadicNumerator_lt	KolmogorovMathlib/Interface/ComputableReals/LowerSemicomputableReals.lean	public
Kolmogorov.SUV.Ch04.ch44bNum_two_mul_le	Kolmogorov.dyadicNumerator_two_mul_le	KolmogorovMathlib/Interface/ComputableReals/LowerSemicomputableReals.lean	public
Kolmogorov.SUV.Ch04.ch44bPointMass	Kolmogorov.emptyStringPointMass	KolmogorovMathlib/Interface/ComputableReals/LowerSemicomputableReals.lean	public
Kolmogorov.SUV.Ch04.ch44bPos	Kolmogorov.lowerApproxPos	KolmogorovMathlib/Interface/ComputableReals/LowerSemicomputableReals.lean	public
Kolmogorov.SUV.Ch04.ch44bPos_mono	Kolmogorov.lowerApproxPos_mono	KolmogorovMathlib/Interface/ComputableReals/LowerSemicomputableReals.lean	public
Kolmogorov.SUV.Ch04.ch44bPos_nonneg	Kolmogorov.lowerApproxPos_nonneg	KolmogorovMathlib/Interface/ComputableReals/LowerSemicomputableReals.lean	public
Kolmogorov.SUV.Ch04.ch44bPos_tendsto	Kolmogorov.lowerApproxPos_tendsto	KolmogorovMathlib/Interface/ComputableReals/LowerSemicomputableReals.lean	public
Kolmogorov.SUV.Ch04.ch44bVal	Kolmogorov.dyadicApprox	KolmogorovMathlib/Interface/ComputableReals/LowerSemicomputableReals.lean	public
Kolmogorov.SUV.Ch04.ch44bVal_ge	Kolmogorov.dyadicApprox_ge	KolmogorovMathlib/Interface/ComputableReals/LowerSemicomputableReals.lean	public
Kolmogorov.SUV.Ch04.ch44bVal_le	Kolmogorov.dyadicApprox_le	KolmogorovMathlib/Interface/ComputableReals/LowerSemicomputableReals.lean	public
Kolmogorov.SUV.Ch04.ch44bVal_mono	Kolmogorov.dyadicApprox_mono	KolmogorovMathlib/Interface/ComputableReals/LowerSemicomputableReals.lean	public
Kolmogorov.SUV.Ch04.ch44bVal_tendsto	Kolmogorov.dyadicApprox_tendsto	KolmogorovMathlib/Interface/ComputableReals/LowerSemicomputableReals.lean	public
Kolmogorov.SUV.Ch04.ch44b_dyadicValue_eq	Kolmogorov.stageDyadicValue_eq	KolmogorovMathlib/Interface/ComputableReals/LowerSemicomputableReals.lean	public
Kolmogorov.SUV.Ch04.ch44b_dyadicValue_zero	Kolmogorov.dyadicValue_zero	KolmogorovMathlib/AlgorithmicProbability/KraftChaitinCore/LSCApproximation.lean	public
Kolmogorov.SUV.Ch04.ch44b_floor_eq	Kolmogorov.stageFloor_eq	KolmogorovMathlib/Interface/ComputableReals/LowerSemicomputableReals.lean	public
Kolmogorov.SUV.Ch04.ch44b_floor_nat_div	Kolmogorov.stageFloor_nat_div	KolmogorovMathlib/Interface/ComputableReals/LowerSemicomputableReals.lean	public
Kolmogorov.SUV.Ch04.ch44b_g_ne_zero_imp	Kolmogorov.allocatedWeight_ne_zero_imp	KolmogorovMathlib/Interface/ComputableReals/LowerSemicomputableReals.lean	public
Kolmogorov.SUV.Ch04.ch44b_iSup_eq	Kolmogorov.stageApprox_iSup_eq	KolmogorovMathlib/Interface/ComputableReals/LowerSemicomputableReals.lean	public
Kolmogorov.SUV.Ch04.ch44b_isLSC	Kolmogorov.haltingProbability_isLSC	KolmogorovMathlib/Interface/ComputableReals/LowerSemicomputableReals.lean	public
Kolmogorov.SUV.Ch04.ch44b_isPrefixDecompressor	Kolmogorov.requestMachine_isPrefixDecompressor	KolmogorovMathlib/Interface/ComputableReals/LowerSemicomputableReals.lean	public
Kolmogorov.SUV.Ch04.ch44b_isSemimeasure	Kolmogorov.emptyStringPointMass_isSemimeasure	KolmogorovMathlib/Interface/ComputableReals/LowerSemicomputableReals.lean	public
Kolmogorov.SUV.Ch04.ch44b_main	Kolmogorov.haltingProbability_of_isLowerSemicomputable	KolmogorovMathlib/Interface/ComputableReals/LowerSemicomputableReals.lean	public
Kolmogorov.SUV.Ch04.ch44b_realization	Kolmogorov.semimeasure_realization	KolmogorovMathlib/Interface/ComputableReals/LowerSemicomputableReals.lean	public
Kolmogorov.SUV.Ch04.cylinder	Kolmogorov.sequenceCylinder	KolmogorovMathlib/Prefix/SelfDelimitingMachines.lean	public
Kolmogorov.SUV.Ch04.dyadicValue_sum	Kolmogorov.dyadicValue_sum_range_dim	KolmogorovMathlib/MonotoneComplexity/Dimension/DeficiencySemimeasure.lean	public
Kolmogorov.SUV.Ch04.ex98_f_fun	Kolmogorov.minimalRestrictWitnessFun	KolmogorovMathlib/Prefix/PrefixStableComplexity.lean	private
Kolmogorov.SUV.Ch04.ex98_f_fun_partrec	Kolmogorov.minimalRestrictWitnessFun_partrec	KolmogorovMathlib/Prefix/PrefixStableComplexity.lean	private
Kolmogorov.SUV.Ch04.ex98_f_fun_prefix_stable	Kolmogorov.minimalRestrictWitnessFun_prefix_stable	KolmogorovMathlib/Prefix/PrefixStableComplexity.lean	private
Kolmogorov.SUV.Ch04.ex98_f_fun_s_n_dom	Kolmogorov.minimalRestrictWitnessFun_s_n_dom	KolmogorovMathlib/Prefix/PrefixStableComplexity.lean	private
Kolmogorov.SUV.Ch04.exercise114_f_A	Kolmogorov.tripleCodeOfNestedPair	KolmogorovMathlib/Prefix/PairComplexity.lean	public
Kolmogorov.SUV.Ch04.exercise114_f_B	Kolmogorov.tripleCodeOfSwappedPair	KolmogorovMathlib/Prefix/PairComplexity.lean	public
Kolmogorov.SUV.Ch04.exercise114_hf_A	Kolmogorov.tripleCodeOfNestedPair_computable	KolmogorovMathlib/Prefix/PairComplexity.lean	private
Kolmogorov.SUV.Ch04.exercise114_hf_B	Kolmogorov.tripleCodeOfSwappedPair_computable	KolmogorovMathlib/Prefix/PairComplexity.lean	private
Kolmogorov.SUV.Ch04.th45_enc_k	Kolmogorov.stageEncoding_k	KolmogorovMathlib/AlgorithmicProbability/HaltingProbabilityApproximation.lean	private
Kolmogorov.SUV.Ch04.th45_h_pair_comp	Kolmogorov.stagePair_computable	KolmogorovMathlib/AlgorithmicProbability/HaltingProbabilityApproximation.lean	private
Kolmogorov.SUV.Ch04.th45_h_r_comp	Kolmogorov.stageRat_computable	KolmogorovMathlib/AlgorithmicProbability/HaltingProbabilityApproximation.lean	private
Kolmogorov.SUV.Ch04.th45_h_rat_lt_comp	Kolmogorov.stageRatLt_computable	KolmogorovMathlib/AlgorithmicProbability/HaltingProbabilityApproximation.lean	private
Kolmogorov.SUV.Ch04.theorem46_semimeasure_is_output_distribution	Kolmogorov.semimeasure_realization	KolmogorovMathlib/Interface/ComputableReals/LowerSemicomputableReals.lean	public
Kolmogorov.SUV.Ch04.theorem72DiffDecoder	Kolmogorov.diffDecoder	KolmogorovMathlib/Prefix/ExtensionTheorem.lean	public
Kolmogorov.SUV.Ch04.theorem72DiffDecoder_computable	Kolmogorov.diffDecoder_isDecompressor	KolmogorovMathlib/Prefix/ExtensionTheorem.lean	private
Kolmogorov.SUV.Ch04.theorem72DiffPair	Kolmogorov.diffDecoderPair	KolmogorovMathlib/Prefix/ExtensionTheorem.lean	public
Kolmogorov.SUV.Ch04.theorem72DiffPair_primrec	Kolmogorov.diffDecoderPair_primrec	KolmogorovMathlib/Prefix/ExtensionTheorem.lean	private
Kolmogorov.SUV.Ch04.theorem72KPShiftDecoder	Kolmogorov.kpShiftDecoder	KolmogorovMathlib/Prefix/ExtensionTheorem.lean	public
Kolmogorov.SUV.Ch04.theorem72KPShiftDecoder_isDecompressor	Kolmogorov.kpShiftDecoder_isDecompressor	KolmogorovMathlib/Prefix/ExtensionTheorem.lean	private
Kolmogorov.SUV.Ch04.theorem72KPShiftDecoder_isPrefixDecompressor	Kolmogorov.kpShiftDecoder_isPrefixDecompressor	KolmogorovMathlib/Prefix/ExtensionTheorem.lean	private
Kolmogorov.SUV.Ch04.theorem72KPShiftDecoder_isPrefixMachine	Kolmogorov.kpShiftDecoder_isPrefixMachine	KolmogorovMathlib/Prefix/ExtensionTheorem.lean	private
Kolmogorov.SUV.Ch04.theorem72ShiftCode	Kolmogorov.shiftCode	KolmogorovMathlib/Prefix/ExtensionTheorem.lean	public
Kolmogorov.SUV.Ch04.theorem72ShiftCode_computable	Kolmogorov.shiftCode_computable	KolmogorovMathlib/Prefix/ExtensionTheorem.lean	private
Kolmogorov.SUV.Ch04.theorem72ShiftCond	Kolmogorov.shiftCond	KolmogorovMathlib/Prefix/ExtensionTheorem.lean	public
Kolmogorov.SUV.Ch04.theorem72ShiftCond_computable	Kolmogorov.shiftCond_computable	KolmogorovMathlib/Prefix/ExtensionTheorem.lean	private
Kolmogorov.SUV.Ch04.IsLowerSemicomputableReal	Kolmogorov.ComputableReals.IsLowerSemicomputableReal	KolmogorovMathlib/Interface/ComputableReals/Part01.lean	public
Kolmogorov.SUV.Ch04.dyadicValue_zero	Kolmogorov.dyadicValue_zero	KolmogorovMathlib/AlgorithmicProbability/KraftChaitinCore/LSCApproximation.lean	public
Kolmogorov.SUV.Ch04.dyadicValue_max	Kolmogorov.dyadicValue_max	KolmogorovMathlib/MonotoneComplexity/SimpleTreeApproximation.lean	public
Kolmogorov.SUV.Ch04.runOut_mono	Kolmogorov.runOut_mono	KolmogorovMathlib/AlgorithmicStatistics/TwoPart/Snapshots/Part02.lean	public
Kolmogorov.SUV.Ch04.kraftChaitin_leftmost_allocation	Kolmogorov.kraftChaitin_leftmost_allocation	KolmogorovMathlib/AlgorithmicProbability/KraftChaitinApplications/Part01.lean	public
Kolmogorov.SUV.Ch04.Exercise101.embedFirst	Kolmogorov.SemimeasureEmbedding.embedFirst	KolmogorovMathlib/AlgorithmicProbability/KraftChaitinApplications/Part01.lean	public
Kolmogorov.SUV.Ch04.Exercise101.embedFirst_pairCode	Kolmogorov.SemimeasureEmbedding.embedFirst_pairCode	KolmogorovMathlib/AlgorithmicProbability/KraftChaitinApplications/Part01.lean	public
Kolmogorov.SUV.Ch04.Exercise101.isSemimeasure_embedFirst	Kolmogorov.SemimeasureEmbedding.isSemimeasure_embedFirst	KolmogorovMathlib/AlgorithmicProbability/KraftChaitinApplications/Part01.lean	public
Kolmogorov.SUV.Ch04.Exercise101.isLSC_embedFirst	Kolmogorov.SemimeasureEmbedding.isLSC_embedFirst	KolmogorovMathlib/AlgorithmicProbability/KraftChaitinApplications/Part01.lean	public
Kolmogorov.SUV.Ch04.Exercise101.isLowerSemicomputableSemimeasure_embedFirst	Kolmogorov.SemimeasureEmbedding.isLowerSemicomputableSemimeasure_embedFirst	KolmogorovMathlib/AlgorithmicProbability/KraftChaitinApplications/Part01.lean	public
Kolmogorov.SUV.Ch04.Exercise101.lower_bound_pair_code	Kolmogorov.SemimeasureEmbedding.lower_bound_pair_code	KolmogorovMathlib/AlgorithmicProbability/KraftChaitinApplications/Part01.lean	public
Kolmogorov.SUV.Ch04.Exercise101.boundedList	Kolmogorov.SemimeasureEmbedding.boundedList	KolmogorovMathlib/AlgorithmicProbability/KraftChaitinApplications/Part01.lean	public
Kolmogorov.SUV.Ch04.Exercise101.boundedList_succ	Kolmogorov.SemimeasureEmbedding.boundedList_succ	KolmogorovMathlib/AlgorithmicProbability/KraftChaitinApplications/Part01.lean	public
Kolmogorov.SUV.Ch04.Exercise101.boundedList_prefix	Kolmogorov.SemimeasureEmbedding.boundedList_prefix	KolmogorovMathlib/AlgorithmicProbability/KraftChaitinApplications/Part01.lean	public
Kolmogorov.SUV.Ch04.Exercise101.sumPair	Kolmogorov.SemimeasureEmbedding.sumPair	KolmogorovMathlib/AlgorithmicProbability/KraftChaitinApplications/Part01.lean	public
Kolmogorov.SUV.Ch04.Exercise101.isSemimeasure_sumPair	Kolmogorov.SemimeasureEmbedding.isSemimeasure_sumPair	KolmogorovMathlib/AlgorithmicProbability/KraftChaitinApplications/Part01.lean	public
Kolmogorov.SUV.Ch04.Exercise101.mem_boundedList	Kolmogorov.SemimeasureEmbedding.mem_boundedList	KolmogorovMathlib/AlgorithmicProbability/KraftChaitinApplications/Part01.lean	public
Kolmogorov.SUV.Ch04.Exercise101.boundedList_nodup	Kolmogorov.SemimeasureEmbedding.boundedList_nodup	KolmogorovMathlib/AlgorithmicProbability/KraftChaitinApplications/Part01.lean	public
Kolmogorov.SUV.Ch04.Exercise101.list_sum_eq_finset_sum	Kolmogorov.SemimeasureEmbedding.list_sum_eq_finset_sum	KolmogorovMathlib/AlgorithmicProbability/KraftChaitinApplications/Part01.lean	public
Kolmogorov.SUV.Ch04.Exercise101.natListSum	Kolmogorov.SemimeasureEmbedding.natListSum	KolmogorovMathlib/AlgorithmicProbability/KraftChaitinApplications/Part01.lean	public
Kolmogorov.SUV.Ch04.Exercise101.natListSum_eq_sum	Kolmogorov.SemimeasureEmbedding.natListSum_eq_sum	KolmogorovMathlib/AlgorithmicProbability/KraftChaitinApplications/Part01.lean	public
Kolmogorov.SUV.Ch04.Exercise101.boundedList_primrec	Kolmogorov.SemimeasureEmbedding.boundedList_primrec	KolmogorovMathlib/AlgorithmicProbability/KraftChaitinApplications/Part01.lean	public
Kolmogorov.SUV.Ch04.Exercise101.boundedList_computable	Kolmogorov.SemimeasureEmbedding.boundedList_computable	KolmogorovMathlib/AlgorithmicProbability/KraftChaitinApplications/Part01.lean	public
Kolmogorov.SUV.Ch04.Exercise101.approxSum	Kolmogorov.SemimeasureEmbedding.approxSum	KolmogorovMathlib/AlgorithmicProbability/KraftChaitinApplications/Part01.lean	public
Kolmogorov.SUV.Ch04.Exercise101.approx_sum_eq	Kolmogorov.SemimeasureEmbedding.approx_sum_eq	KolmogorovMathlib/AlgorithmicProbability/KraftChaitinApplications/Part01.lean	public
Kolmogorov.SUV.Ch04.Exercise101.dyadicValue_boundedList_sum	Kolmogorov.SemimeasureEmbedding.dyadicValue_boundedList_sum	KolmogorovMathlib/AlgorithmicProbability/KraftChaitinApplications/Part01.lean	public
Kolmogorov.SUV.Ch04.Exercise101.finset_sum_iSup_monotone	Kolmogorov.SemimeasureEmbedding.finset_sum_iSup_monotone	KolmogorovMathlib/AlgorithmicProbability/KraftChaitinApplications/Part01.lean	public
Kolmogorov.SUV.Ch04.Exercise101.list_sum_eq_range_getElem?	Kolmogorov.SemimeasureEmbedding.list_sum_eq_range_getElem?	KolmogorovMathlib/AlgorithmicProbability/KraftChaitinApplications/Part01.lean	public
Kolmogorov.SUV.Ch04.Exercise101.approxSumRangeTerm	Kolmogorov.SemimeasureEmbedding.approxSumRangeTerm	KolmogorovMathlib/AlgorithmicProbability/KraftChaitinApplications/Part01.lean	public
Kolmogorov.SUV.Ch04.Exercise101.approx_sum_range_term_eq	Kolmogorov.SemimeasureEmbedding.approx_sum_range_term_eq	KolmogorovMathlib/AlgorithmicProbability/KraftChaitinApplications/Part01.lean	public
Kolmogorov.SUV.Ch04.Exercise101.approx_sum_eq_range_sum	Kolmogorov.SemimeasureEmbedding.approx_sum_eq_range_sum	KolmogorovMathlib/AlgorithmicProbability/KraftChaitinApplications/Part01.lean	public
Kolmogorov.SUV.Ch04.Exercise101.approx_sum_range_term_computable	Kolmogorov.SemimeasureEmbedding.approx_sum_range_term_computable	KolmogorovMathlib/AlgorithmicProbability/KraftChaitinApplications/Part01.lean	public
Kolmogorov.SUV.Ch04.Exercise101.approx_sum_computable	Kolmogorov.SemimeasureEmbedding.approx_sum_computable	KolmogorovMathlib/AlgorithmicProbability/KraftChaitinApplications/Part01.lean	public
Kolmogorov.SUV.Ch04.Exercise101.isLSC_sumPair	Kolmogorov.SemimeasureEmbedding.isLSC_sumPair	KolmogorovMathlib/AlgorithmicProbability/KraftChaitinApplications/Part01.lean	public
Kolmogorov.SUV.Ch04.Exercise101.isLowerSemicomputableSemimeasure_sumPair	Kolmogorov.SemimeasureEmbedding.isLowerSemicomputableSemimeasure_sumPair	KolmogorovMathlib/AlgorithmicProbability/KraftChaitinApplications/Part01.lean	public
Kolmogorov.SUV.Ch04.Exercise101.upper_bound_sum_pair	Kolmogorov.SemimeasureEmbedding.upper_bound_sum_pair	KolmogorovMathlib/AlgorithmicProbability/KraftChaitinApplications/Part01.lean	public
Kolmogorov.SUV.Ch04.aprioriMeasure_pair_sum_eq	Kolmogorov.aprioriMeasure_pair_sum_eq	KolmogorovMathlib/AlgorithmicProbability/KraftChaitinApplications/Part01.lean	public
Kolmogorov.SUV.Ch04.aprioriMeasure_pair_max_eq	Kolmogorov.aprioriMeasure_pair_max_eq	KolmogorovMathlib/AlgorithmicProbability/KraftChaitinApplications/Part01.lean	public
Kolmogorov.SUV.Ch04.dyadicValue_sup	Kolmogorov.dyadicValue_sup	KolmogorovMathlib/AlgorithmicProbability/KraftChaitinApplications/Part02.lean	public
Kolmogorov.SUV.Ch04.dyadicValue_ite	Kolmogorov.dyadicValue_ite	KolmogorovMathlib/AlgorithmicProbability/KraftChaitinApplications/Part02.lean	public
Kolmogorov.SUV.Ch04.ENNReal_sum_iSup	Kolmogorov.ENNReal_sum_iSup	KolmogorovMathlib/AlgorithmicProbability/KraftChaitinApplications/Part02.lean	public
Kolmogorov.SUV.Ch04.approxM2	Kolmogorov.approxM2	KolmogorovMathlib/AlgorithmicProbability/KraftChaitinApplications/Part02.lean	public
Kolmogorov.SUV.Ch04.approx_m2_body_computable	Kolmogorov.approx_m2_body_computable	KolmogorovMathlib/AlgorithmicProbability/KraftChaitinApplications/Part02.lean	public
Kolmogorov.SUV.Ch04.approx_m2_computable	Kolmogorov.approx_m2_computable	KolmogorovMathlib/AlgorithmicProbability/KraftChaitinApplications/Part02.lean	public
Kolmogorov.SUV.Ch04.approxM1	Kolmogorov.approxM1	KolmogorovMathlib/AlgorithmicProbability/KraftChaitinApplications/Part02.lean	public
Kolmogorov.SUV.Ch04.approx_m1_body_computable	Kolmogorov.approx_m1_body_computable	KolmogorovMathlib/AlgorithmicProbability/KraftChaitinApplications/Part02.lean	public
Kolmogorov.SUV.Ch04.approx_m1_computable	Kolmogorov.approx_m1_computable	KolmogorovMathlib/AlgorithmicProbability/KraftChaitinApplications/Part02.lean	public
Kolmogorov.SUV.Ch04.aprioriMeasure_computable_grouping	Kolmogorov.aprioriMeasure_computable_grouping	KolmogorovMathlib/AlgorithmicProbability/KraftChaitinApplications/Part02.lean	public
Kolmogorov.SUV.Ch04.IsComputableReal	Kolmogorov.ComputableReals.IsComputableReal	KolmogorovMathlib/Interface/ComputableReals/Part01.lean	public
Kolmogorov.SUV.Ch04.IsLowerSemicomputableSeq	Kolmogorov.ComputableReals.IsLowerSemicomputableSeq	KolmogorovMathlib/Interface/ComputableReals/Part01.lean	public
Kolmogorov.SUV.Ch04.haltingProbability	Kolmogorov.haltingProbability	KolmogorovMathlib/Interface/ComputableReals/LowerSemicomputableReals.lean	public
Kolmogorov.SUV.Ch04.Thm44a.sumMap_eq_foldr	Kolmogorov.StageHaltingMass.sumMap_eq_foldr	KolmogorovMathlib/Interface/ComputableReals/LowerSemicomputableReals.lean	private
Kolmogorov.SUV.Ch04.Thm44a.haltsWithin_primrec	Kolmogorov.StageHaltingMass.haltsWithin_primrec	KolmogorovMathlib/Interface/ComputableReals/LowerSemicomputableReals.lean	private
Kolmogorov.SUV.Ch04.Thm44a.nTerm	Kolmogorov.StageHaltingMass.nTerm	KolmogorovMathlib/Interface/ComputableReals/LowerSemicomputableReals.lean	private
Kolmogorov.SUV.Ch04.Thm44a.nSum	Kolmogorov.StageHaltingMass.nSum	KolmogorovMathlib/Interface/ComputableReals/LowerSemicomputableReals.lean	private
Kolmogorov.SUV.Ch04.Thm44a.nTerm_primrec	Kolmogorov.StageHaltingMass.nTerm_primrec	KolmogorovMathlib/Interface/ComputableReals/LowerSemicomputableReals.lean	private
Kolmogorov.SUV.Ch04.Thm44a.nSum_primrec	Kolmogorov.StageHaltingMass.nSum_primrec	KolmogorovMathlib/Interface/ComputableReals/LowerSemicomputableReals.lean	private
Kolmogorov.SUV.Ch04.Thm44a.qApp	Kolmogorov.StageHaltingMass.qApp	KolmogorovMathlib/Interface/ComputableReals/LowerSemicomputableReals.lean	private
Kolmogorov.SUV.Ch04.Thm44a.qApp_spec	Kolmogorov.StageHaltingMass.qApp_spec	KolmogorovMathlib/Interface/ComputableReals/LowerSemicomputableReals.lean	private
Kolmogorov.SUV.Ch04.Thm44a.qApp_computable	Kolmogorov.StageHaltingMass.qApp_computable	KolmogorovMathlib/Interface/ComputableReals/LowerSemicomputableReals.lean	private
Kolmogorov.SUV.Ch04.Thm44a.wTerm	Kolmogorov.StageHaltingMass.wTerm	KolmogorovMathlib/Interface/ComputableReals/LowerSemicomputableReals.lean	private
Kolmogorov.SUV.Ch04.Thm44a.bpFinset	Kolmogorov.StageHaltingMass.bpFinset	KolmogorovMathlib/Interface/ComputableReals/LowerSemicomputableReals.lean	private
Kolmogorov.SUV.Ch04.Thm44a.mem_bpFinset	Kolmogorov.StageHaltingMass.mem_bpFinset	KolmogorovMathlib/Interface/ComputableReals/LowerSemicomputableReals.lean	private
Kolmogorov.SUV.Ch04.Thm44a.wSum	Kolmogorov.StageHaltingMass.wSum	KolmogorovMathlib/Interface/ComputableReals/LowerSemicomputableReals.lean	private
Kolmogorov.SUV.Ch04.Thm44a.nSum_cast	Kolmogorov.StageHaltingMass.nSum_cast	KolmogorovMathlib/Interface/ComputableReals/LowerSemicomputableReals.lean	private
Kolmogorov.SUV.Ch04.Thm44a.wTerm_mul_pow	Kolmogorov.StageHaltingMass.wTerm_mul_pow	KolmogorovMathlib/Interface/ComputableReals/LowerSemicomputableReals.lean	private
Kolmogorov.SUV.Ch04.Thm44a.wSum_mul_pow	Kolmogorov.StageHaltingMass.wSum_mul_pow	KolmogorovMathlib/Interface/ComputableReals/LowerSemicomputableReals.lean	private
Kolmogorov.SUV.Ch04.Thm44a.wSum_toReal	Kolmogorov.StageHaltingMass.wSum_toReal	KolmogorovMathlib/Interface/ComputableReals/LowerSemicomputableReals.lean	private
Kolmogorov.SUV.Ch04.Thm44a.wTerm_mono	Kolmogorov.StageHaltingMass.wTerm_mono	KolmogorovMathlib/Interface/ComputableReals/LowerSemicomputableReals.lean	private
Kolmogorov.SUV.Ch04.Thm44a.wSum_mono	Kolmogorov.StageHaltingMass.wSum_mono	KolmogorovMathlib/Interface/ComputableReals/LowerSemicomputableReals.lean	private
Kolmogorov.SUV.Ch04.Thm44a.dom_iff_exists_halts	Kolmogorov.StageHaltingMass.dom_iff_exists_halts	KolmogorovMathlib/Interface/ComputableReals/LowerSemicomputableReals.lean	private
Kolmogorov.SUV.Ch04.Thm44a.wSum_le	Kolmogorov.StageHaltingMass.wSum_le	KolmogorovMathlib/Interface/ComputableReals/LowerSemicomputableReals.lean	private
Kolmogorov.SUV.Ch04.Thm44a.exists_stage	Kolmogorov.StageHaltingMass.exists_stage	KolmogorovMathlib/Interface/ComputableReals/LowerSemicomputableReals.lean	private
Kolmogorov.SUV.Ch04.Thm44a.domainWeight_le_iSup	Kolmogorov.StageHaltingMass.domainWeight_le_iSup	KolmogorovMathlib/Interface/ComputableReals/LowerSemicomputableReals.lean	private
Kolmogorov.SUV.Ch04.Thm44a.tendsto_wSum_toReal	Kolmogorov.StageHaltingMass.tendsto_wSum_toReal	KolmogorovMathlib/Interface/ComputableReals/LowerSemicomputableReals.lean	private
Kolmogorov.SUV.Ch04.haltingProbability_isLowerSemicomputable	Kolmogorov.haltingProbability_isLowerSemicomputable	KolmogorovMathlib/Interface/ComputableReals/LowerSemicomputableReals.lean	public
Kolmogorov.SUV.Ch04.exists_machine_haltingProbability_eq	Kolmogorov.haltingProbability_of_isLowerSemicomputable	KolmogorovMathlib/Interface/ComputableReals/LowerSemicomputableReals.lean	public
Kolmogorov.SUV.Ch04.ratLtBool	Kolmogorov.ratLtBool	KolmogorovMathlib/AlgorithmicProbability/HaltingProbabilityApproximation.lean	private
Kolmogorov.SUV.Ch04.ratLtBool_computable	Kolmogorov.ratLtBool_computable	KolmogorovMathlib/AlgorithmicProbability/HaltingProbabilityApproximation.lean	private
Kolmogorov.SUV.Ch04.condRatLt	Kolmogorov.condRatLt	KolmogorovMathlib/AlgorithmicProbability/HaltingProbabilityApproximation.lean	private
Kolmogorov.SUV.Ch04.condRatLt_computable	Kolmogorov.condRatLt_computable	KolmogorovMathlib/AlgorithmicProbability/HaltingProbabilityApproximation.lean	private
Kolmogorov.SUV.Ch04.chkStep	Kolmogorov.chkStep	KolmogorovMathlib/AlgorithmicProbability/HaltingProbabilityApproximation.lean	private
Kolmogorov.SUV.Ch04.chkStep_computable	Kolmogorov.chkStep_computable	KolmogorovMathlib/AlgorithmicProbability/HaltingProbabilityApproximation.lean	private
Kolmogorov.SUV.Ch04.chkIsSome	Kolmogorov.chkIsSome	KolmogorovMathlib/AlgorithmicProbability/HaltingProbabilityApproximation.lean	private
Kolmogorov.SUV.Ch04.chkIsSome_computable	Kolmogorov.chkIsSome_computable	KolmogorovMathlib/AlgorithmicProbability/HaltingProbabilityApproximation.lean	private
Kolmogorov.SUV.Ch04.encRatNat	Kolmogorov.encRatNat	KolmogorovMathlib/AlgorithmicProbability/HaltingProbabilityApproximation.lean	private
Kolmogorov.SUV.Ch04.encRatNat_eq	Kolmogorov.encRatNat_eq	KolmogorovMathlib/AlgorithmicProbability/HaltingProbabilityApproximation.lean	private
Kolmogorov.SUV.Ch04.encRatNat_primrec	Kolmogorov.encRatNat_primrec	KolmogorovMathlib/AlgorithmicProbability/HaltingProbabilityApproximation.lean	private
Kolmogorov.SUV.Ch04.encRatNat_computable	Kolmogorov.encRatNat_computable	KolmogorovMathlib/AlgorithmicProbability/HaltingProbabilityApproximation.lean	private
Kolmogorov.SUV.Ch04.f0	Kolmogorov.f0	KolmogorovMathlib/AlgorithmicProbability/HaltingProbabilityApproximation.lean	private
Kolmogorov.SUV.Ch04.f0_def	Kolmogorov.f0_def	KolmogorovMathlib/AlgorithmicProbability/HaltingProbabilityApproximation.lean	private
Kolmogorov.SUV.Ch04.f0_computable	Kolmogorov.f0_computable	KolmogorovMathlib/AlgorithmicProbability/HaltingProbabilityApproximation.lean	private
Kolmogorov.SUV.Ch04.maxRat	Kolmogorov.maxRat	KolmogorovMathlib/AlgorithmicProbability/HaltingProbabilityApproximation.lean	private
Kolmogorov.SUV.Ch04.maxRat_computable	Kolmogorov.maxRat_computable	KolmogorovMathlib/AlgorithmicProbability/HaltingProbabilityApproximation.lean	private
Kolmogorov.SUV.Ch04.maxVal	Kolmogorov.maxVal	KolmogorovMathlib/AlgorithmicProbability/HaltingProbabilityApproximation.lean	private
Kolmogorov.SUV.Ch04.maxVal_computable	Kolmogorov.maxVal_computable	KolmogorovMathlib/AlgorithmicProbability/HaltingProbabilityApproximation.lean	private
Kolmogorov.SUV.Ch04.someMaxVal	Kolmogorov.someMaxVal	KolmogorovMathlib/AlgorithmicProbability/HaltingProbabilityApproximation.lean	private
Kolmogorov.SUV.Ch04.someMaxVal_computable	Kolmogorov.someMaxVal_computable	KolmogorovMathlib/AlgorithmicProbability/HaltingProbabilityApproximation.lean	private
Kolmogorov.SUV.Ch04.combineOpt	Kolmogorov.combineOpt	KolmogorovMathlib/AlgorithmicProbability/HaltingProbabilityApproximation.lean	private
Kolmogorov.SUV.Ch04.combineOpt_computable	Kolmogorov.combineOpt_computable	KolmogorovMathlib/AlgorithmicProbability/HaltingProbabilityApproximation.lean	private
Kolmogorov.SUV.Ch04.runSeqRec	Kolmogorov.runSeqRec	KolmogorovMathlib/AlgorithmicProbability/HaltingProbabilityApproximation.lean	private
Kolmogorov.SUV.Ch04.runSeqRec_computable	Kolmogorov.runSeqRec_computable	KolmogorovMathlib/AlgorithmicProbability/HaltingProbabilityApproximation.lean	private
Kolmogorov.SUV.Ch04.runSeq	Kolmogorov.runSeq	KolmogorovMathlib/AlgorithmicProbability/HaltingProbabilityApproximation.lean	private
Kolmogorov.SUV.Ch04.runSeq_zero	Kolmogorov.runSeq_zero	KolmogorovMathlib/AlgorithmicProbability/HaltingProbabilityApproximation.lean	private
Kolmogorov.SUV.Ch04.runSeq_succ	Kolmogorov.runSeq_succ	KolmogorovMathlib/AlgorithmicProbability/HaltingProbabilityApproximation.lean	private
Kolmogorov.SUV.Ch04.runSeq_computable	Kolmogorov.runSeq_computable	KolmogorovMathlib/AlgorithmicProbability/HaltingProbabilityApproximation.lean	private
Kolmogorov.SUV.Ch04.combineOpt_mono	Kolmogorov.combineOpt_mono	KolmogorovMathlib/AlgorithmicProbability/HaltingProbabilityApproximation.lean	private
Kolmogorov.SUV.Ch04.combineOpt_mono_right	Kolmogorov.combineOpt_mono_right	KolmogorovMathlib/AlgorithmicProbability/HaltingProbabilityApproximation.lean	private
Kolmogorov.SUV.Ch04.runSeq_mono	Kolmogorov.runSeq_mono	KolmogorovMathlib/AlgorithmicProbability/HaltingProbabilityApproximation.lean	private
Kolmogorov.SUV.Ch04.f0_lt	Kolmogorov.f0_lt	KolmogorovMathlib/AlgorithmicProbability/HaltingProbabilityApproximation.lean	private
Kolmogorov.SUV.Ch04.combineOpt_lt	Kolmogorov.combineOpt_lt	KolmogorovMathlib/AlgorithmicProbability/HaltingProbabilityApproximation.lean	private
Kolmogorov.SUV.Ch04.runSeq_lt	Kolmogorov.runSeq_lt	KolmogorovMathlib/AlgorithmicProbability/HaltingProbabilityApproximation.lean	private
Kolmogorov.SUV.Ch04.runSeq_f0_ge	Kolmogorov.runSeq_f0_ge	KolmogorovMathlib/AlgorithmicProbability/HaltingProbabilityApproximation.lean	private
Kolmogorov.SUV.Ch04.hub_helper	Kolmogorov.hub_helper	KolmogorovMathlib/AlgorithmicProbability/HaltingProbabilityApproximation.lean	private
Kolmogorov.SUV.Ch04.lowerSemicomputableSeq_iff_enumerable_rationalPairs	Kolmogorov.lowerSemicomputableSeq_iff_enumerable_rationalPairs	KolmogorovMathlib/AlgorithmicProbability/HaltingProbabilityApproximation.lean	public
Kolmogorov.SUV.Ch04.M_def	Kolmogorov.M_def	KolmogorovMathlib/AlgorithmicProbability/HaltingProbabilityApproximation.lean	public
Kolmogorov.SUV.Ch04.isPrefixDecompressor_M_def	Kolmogorov.isPrefixDecompressor_M_def	KolmogorovMathlib/AlgorithmicProbability/HaltingProbabilityApproximation.lean	public
Kolmogorov.SUV.Ch04.M_def_eq_some	Kolmogorov.M_def_eq_some	KolmogorovMathlib/AlgorithmicProbability/HaltingProbabilityApproximation.lean	public
Kolmogorov.SUV.Ch04.gReq	Kolmogorov.gReq	KolmogorovMathlib/AlgorithmicProbability/HaltingProbabilityApproximation.lean	public
Kolmogorov.SUV.Ch04.g_ne_zero_imp	Kolmogorov.g_ne_zero_imp	KolmogorovMathlib/AlgorithmicProbability/HaltingProbabilityApproximation.lean	public
Kolmogorov.SUV.Ch04.allocString	Kolmogorov.allocString	KolmogorovMathlib/AlgorithmicProbability/HaltingProbabilityApproximation.lean	public
Kolmogorov.SUV.Ch04.allocString_spec	Kolmogorov.allocString_spec	KolmogorovMathlib/AlgorithmicProbability/HaltingProbabilityApproximation.lean	public
Kolmogorov.SUV.Ch04.isLowerSemicomputable_of_isComputableReal	Kolmogorov.isLowerSemicomputable_of_isComputableReal	KolmogorovMathlib/AlgorithmicProbability/HaltingProbabilityApproximation.lean	public
Kolmogorov.SUV.Ch04.isComputableReal_iff_lowerSemicomputable_and_neg	Kolmogorov.isComputableReal_iff_lowerSemicomputable_and_neg	KolmogorovMathlib/AlgorithmicProbability/HaltingProbabilityApproximation.lean	public
Kolmogorov.SUV.Ch04.condK_prefixExtensionMap_le_condK_V	Kolmogorov.condK_prefixExtensionMap_le_condK_V	KolmogorovMathlib/Prefix/PrefixStableComplexity.lean	public
Kolmogorov.SUV.Ch04.prefixStable_prefixFree_complexity_eq	Kolmogorov.prefixStable_prefixFree_complexity_eq	KolmogorovMathlib/Prefix/PrefixStableComplexity.lean	public
Kolmogorov.SUV.Ch04.minimalRestrict	Kolmogorov.minimalRestrict	KolmogorovMathlib/Prefix/PrefixStableComplexity.lean	public
Kolmogorov.SUV.Ch04.diagSelf	Kolmogorov.diagSelf	KolmogorovMathlib/Prefix/PrefixStableComplexity.lean	private
Kolmogorov.SUV.Ch04.diagSelf_partrec	Kolmogorov.diagSelf_partrec	KolmogorovMathlib/Prefix/PrefixStableComplexity.lean	private
Kolmogorov.SUV.Ch04.not_partrec_compl_dom	Kolmogorov.not_partrec_compl_dom	KolmogorovMathlib/Prefix/PrefixStableComplexity.lean	private
Kolmogorov.SUV.Ch04.isSingleTrue	Kolmogorov.isSingleTrue	KolmogorovMathlib/Prefix/PrefixStableComplexity.lean	private
Kolmogorov.SUV.Ch04.isDoubleTrue	Kolmogorov.isDoubleTrue	KolmogorovMathlib/Prefix/PrefixStableComplexity.lean	private
Kolmogorov.SUV.Ch04.primrec_isSingleTrue	Kolmogorov.primrec_isSingleTrue	KolmogorovMathlib/Prefix/PrefixStableComplexity.lean	private
Kolmogorov.SUV.Ch04.primrec_isDoubleTrue	Kolmogorov.primrec_isDoubleTrue	KolmogorovMathlib/Prefix/PrefixStableComplexity.lean	private
Kolmogorov.SUV.Ch04.computable_isSingleTrue	Kolmogorov.computable_isSingleTrue	KolmogorovMathlib/Prefix/PrefixStableComplexity.lean	private
Kolmogorov.SUV.Ch04.computable_isDoubleTrue	Kolmogorov.computable_isDoubleTrue	KolmogorovMathlib/Prefix/PrefixStableComplexity.lean	private
Kolmogorov.SUV.Ch04.primrec_not	Kolmogorov.primrec_not	KolmogorovMathlib/Prefix/PrefixStableComplexity.lean	private
Kolmogorov.SUV.Ch04.dropWhile_eq_drop_takeWhile_length	Kolmogorov.dropWhile_eq_drop_takeWhile_length	KolmogorovMathlib/Prefix/PrefixStableComplexity.lean	private
Kolmogorov.SUV.Ch04.Primrec.list_dropWhile'	Kolmogorov.Primrec.list_dropWhile'	KolmogorovMathlib/Prefix/PrefixStableComplexity.lean	private
Kolmogorov.SUV.Ch04.computable_tail	Kolmogorov.computable_tail	KolmogorovMathlib/Prefix/PrefixStableComplexity.lean	private
Kolmogorov.SUV.Ch04.computable_takeLen	Kolmogorov.computable_takeLen	KolmogorovMathlib/Prefix/PrefixStableComplexity.lean	private
Kolmogorov.SUV.Ch04.isSingleTrue_of_prefix	Kolmogorov.isSingleTrue_of_prefix	KolmogorovMathlib/Prefix/PrefixStableComplexity.lean	private
Kolmogorov.SUV.Ch04.isDoubleTrue_of_prefix	Kolmogorov.isDoubleTrue_of_prefix	KolmogorovMathlib/Prefix/PrefixStableComplexity.lean	private
Kolmogorov.SUV.Ch04.dropWhile_not_prefix_of_prefix	Kolmogorov.dropWhile_not_prefix_of_prefix	KolmogorovMathlib/Prefix/PrefixStableComplexity.lean	private
Kolmogorov.SUV.Ch04.takeWhile_not_length_eq_of_prefix	Kolmogorov.takeWhile_not_length_eq_of_prefix	KolmogorovMathlib/Prefix/PrefixStableComplexity.lean	private
Kolmogorov.SUV.Ch04.take_append_self	Kolmogorov.take_append_self	KolmogorovMathlib/Prefix/PrefixStableComplexity.lean	private
Kolmogorov.SUV.Ch04.take_s_n	Kolmogorov.take_s_n	KolmogorovMathlib/Prefix/PrefixStableComplexity.lean	private
Kolmogorov.SUV.Ch04.dropWhile_replicate_false	Kolmogorov.dropWhile_replicate_false	KolmogorovMathlib/Prefix/PrefixStableComplexity.lean	private
Kolmogorov.SUV.Ch04.dropWhile_replicate_false_true	Kolmogorov.dropWhile_replicate_false_true	KolmogorovMathlib/Prefix/PrefixStableComplexity.lean	private
Kolmogorov.SUV.Ch04.takeWhile_replicate_false_true	Kolmogorov.takeWhile_replicate_false_true	KolmogorovMathlib/Prefix/PrefixStableComplexity.lean	private
Kolmogorov.SUV.Ch04.dropWhile_replicate_false_true_true	Kolmogorov.dropWhile_replicate_false_true_true	KolmogorovMathlib/Prefix/PrefixStableComplexity.lean	private
Kolmogorov.SUV.Ch04.assert_dom_eq	Kolmogorov.assert_dom_eq	KolmogorovMathlib/Prefix/PrefixStableComplexity.lean	private
Kolmogorov.SUV.Ch04.minimalRestrict_s_n_dom	Kolmogorov.minimalRestrict_s_n_dom	KolmogorovMathlib/Prefix/PrefixStableComplexity.lean	private
Kolmogorov.SUV.Ch04.computable_s_n	Kolmogorov.computable_s_n	KolmogorovMathlib/Prefix/PrefixStableComplexity.lean	private
Kolmogorov.SUV.Ch04.exists_prefixStable_minimalRestrict_not_computable	Kolmogorov.exists_prefixStable_minimalRestrict_not_computable	KolmogorovMathlib/Prefix/PrefixStableComplexity.lean	public
Kolmogorov.SUV.Ch04.two_pow_mul_inv_two_pow	Kolmogorov.two_pow_mul_inv_two_pow	KolmogorovMathlib/Prefix/BlockingReadMachines.lean	private
Kolmogorov.SUV.Ch04.not_KP_le_length_add_log	Kolmogorov.not_KP_le_length_add_log	KolmogorovMathlib/Prefix/PrefixStableComplexity.lean	public
Kolmogorov.SUV.Ch04.IsPrefixFreeFun	Kolmogorov.IsPrefixFreeFun	KolmogorovMathlib/Prefix/BlockingReadMachines.lean	public
Kolmogorov.SUV.Ch04.BlockingComputes	Kolmogorov.BlockingComputes	KolmogorovMathlib/Prefix/BlockingReadMachines.lean	public
Kolmogorov.SUV.Ch04.actSearchOut	Kolmogorov.actSearchOut	KolmogorovMathlib/Prefix/BlockingReadMachines.lean	public
Kolmogorov.SUV.Ch04.actMap	Kolmogorov.actMap	KolmogorovMathlib/Prefix/BlockingReadMachines.lean	public
Kolmogorov.SUV.Ch04.decode_bitstring_computable	Kolmogorov.decode_bitstring_computable	KolmogorovMathlib/Prefix/BlockingReadMachines.lean	public
Kolmogorov.SUV.Ch04.bitstring_eq_decide_computable	Kolmogorov.bitstring_eq_decide_computable	KolmogorovMathlib/Prefix/BlockingReadMachines.lean	public
Kolmogorov.SUV.Ch04.actSearch_cond_computable	Kolmogorov.actSearch_cond_computable	KolmogorovMathlib/Prefix/BlockingReadMachines.lean	public
Kolmogorov.SUV.Ch04.actSearch_evaln_computable	Kolmogorov.actSearch_evaln_computable	KolmogorovMathlib/Prefix/BlockingReadMachines.lean	public
Kolmogorov.SUV.Ch04.actSearch_map_out_computable	Kolmogorov.actSearch_map_out_computable	KolmogorovMathlib/Prefix/BlockingReadMachines.lean	public
Kolmogorov.SUV.Ch04.actSearch_map_computable	Kolmogorov.actSearch_map_computable	KolmogorovMathlib/Prefix/BlockingReadMachines.lean	public
Kolmogorov.SUV.Ch04.actSearch_then_computable	Kolmogorov.actSearch_then_computable	KolmogorovMathlib/Prefix/BlockingReadMachines.lean	public
Kolmogorov.SUV.Ch04.actSearch_if_computable	Kolmogorov.actSearch_if_computable	KolmogorovMathlib/Prefix/BlockingReadMachines.lean	public
Kolmogorov.SUV.Ch04.actSearchOut_computable	Kolmogorov.actSearchOut_computable	KolmogorovMathlib/Prefix/BlockingReadMachines.lean	public
Kolmogorov.SUV.Ch04.actMap_partrec	Kolmogorov.actMap_partrec	KolmogorovMathlib/Prefix/BlockingReadMachines.lean	public
Kolmogorov.SUV.Ch04.checkStepOut	Kolmogorov.checkStepOut	KolmogorovMathlib/Prefix/BlockingReadMachines.lean	public
Kolmogorov.SUV.Ch04.checkStep	Kolmogorov.checkStep	KolmogorovMathlib/Prefix/BlockingReadMachines.lean	public
Kolmogorov.SUV.Ch04.runCheck	Kolmogorov.runCheck	KolmogorovMathlib/Prefix/BlockingReadMachines.lean	public
Kolmogorov.SUV.Ch04.checkAll	Kolmogorov.checkAll	KolmogorovMathlib/Prefix/BlockingReadMachines.lean	public
Kolmogorov.SUV.Ch04.fFromAct	Kolmogorov.fFromAct	KolmogorovMathlib/Prefix/BlockingReadMachines.lean	public
Kolmogorov.SUV.Ch04.checkStepOut_computable	Kolmogorov.checkStepOut_computable	KolmogorovMathlib/Prefix/BlockingReadMachines.lean	public
Kolmogorov.SUV.Ch04.checkStep_partrec	Kolmogorov.checkStep_partrec	KolmogorovMathlib/Prefix/BlockingReadMachines.lean	public
Kolmogorov.SUV.Ch04.checkAll_partrec	Kolmogorov.checkAll_partrec	KolmogorovMathlib/Prefix/BlockingReadMachines.lean	public
Kolmogorov.SUV.Ch04.fFromAct_partrec	Kolmogorov.fFromAct_partrec	KolmogorovMathlib/Prefix/BlockingReadMachines.lean	public
Kolmogorov.SUV.Ch04.prefix_length_lt	Kolmogorov.prefix_length_lt	KolmogorovMathlib/Prefix/BlockingReadMachines.lean	public
Kolmogorov.SUV.Ch04.prefix_take_eq	Kolmogorov.isPrefix_of_isPrefix_take	KolmogorovMathlib/MonotoneComplexity/ContinuousStreamMap.lean	public
Kolmogorov.SUV.Ch04.runCheck_iff	Kolmogorov.runCheck_iff	KolmogorovMathlib/Prefix/BlockingReadMachines.lean	public
Kolmogorov.SUV.Ch04.mem_checkAll_iff	Kolmogorov.mem_checkAll_iff	KolmogorovMathlib/Prefix/BlockingReadMachines.lean	public
Kolmogorov.SUV.Ch04.mem_fFromAct_iff	Kolmogorov.mem_fFromAct_iff	KolmogorovMathlib/Prefix/BlockingReadMachines.lean	public
Kolmogorov.SUV.Ch04.blockingRead_iff_computable_prefixFree	Kolmogorov.blockingRead_iff_computable_prefixFree	KolmogorovMathlib/Prefix/BlockingReadMachines.lean	public
Kolmogorov.SUV.Ch04.solovayFst	Kolmogorov.solovayFst	KolmogorovMathlib/MonotoneComplexity/Omega/SolovayInverse/Core.lean	public
Kolmogorov.SUV.Ch04.solovayFst_primrec	Kolmogorov.solovayFst_primrec	KolmogorovMathlib/MonotoneComplexity/Omega/SolovayInverse/Core.lean	public
Kolmogorov.SUV.Ch04.solovayFst_computable	Kolmogorov.solovayFst_computable	KolmogorovMathlib/MonotoneComplexity/Omega/SolovayInverse/Core.lean	public
Kolmogorov.SUV.Ch04.solovaySnd	Kolmogorov.solovaySnd	KolmogorovMathlib/MonotoneComplexity/Omega/SolovayInverse/Core.lean	public
Kolmogorov.SUV.Ch04.solovaySnd_primrec	Kolmogorov.solovaySnd_primrec	KolmogorovMathlib/MonotoneComplexity/Omega/SolovayInverse/Core.lean	public
Kolmogorov.SUV.Ch04.solovaySnd_computable	Kolmogorov.solovaySnd_computable	KolmogorovMathlib/MonotoneComplexity/Omega/SolovayInverse/Core.lean	public
Kolmogorov.SUV.Ch04.solovayCtxFun	Kolmogorov.solovayCtxFun	KolmogorovMathlib/MonotoneComplexity/Omega/SolovayInverse/Core.lean	public
Kolmogorov.SUV.Ch04.solovayCtxFun_primrec	Kolmogorov.solovayCtxFun_primrec	KolmogorovMathlib/MonotoneComplexity/Omega/SolovayInverse/Core.lean	public
Kolmogorov.SUV.Ch04.solovayCtxFun_computable	Kolmogorov.solovayCtxFun_computable	KolmogorovMathlib/MonotoneComplexity/Omega/SolovayInverse/Core.lean	public
Kolmogorov.SUV.Ch04.solovayCtx	Kolmogorov.solovayCtx	KolmogorovMathlib/MonotoneComplexity/Omega/SolovayInverse/Core.lean	public
Kolmogorov.SUV.Ch04.solovayCtx_computable	Kolmogorov.solovayCtx_computable	KolmogorovMathlib/MonotoneComplexity/Omega/SolovayInverse/Core.lean	public
Kolmogorov.SUV.Ch04.decodeNatCode	Kolmogorov.CodedFiniteDistribution.decodeNatCode	KolmogorovMathlib/AlgorithmicStatistics/NormalizedCodedFiniteDistribution.lean	public
Kolmogorov.SUV.Ch04.decodeNatCode_primrec	Kolmogorov.CodedFiniteDistribution.decodeNatCode_primrec	KolmogorovMathlib/AlgorithmicStatistics/NormalizedCodedFiniteDistribution.lean	public
Kolmogorov.SUV.Ch04.decodeNatCode_natCode	Kolmogorov.CodedFiniteDistribution.decodeNatCode_natCode	KolmogorovMathlib/AlgorithmicStatistics/NormalizedCodedFiniteDistribution.lean	public
Kolmogorov.SUV.Ch04.natCodeToNatBitsMap	Kolmogorov.natCodeToNatBitsMap	KolmogorovMathlib/MonotoneComplexity/Omega/SolovayInverse/Core.lean	public
Kolmogorov.SUV.Ch04.natCodeToNatBitsMap_computable	Kolmogorov.natCodeToNatBitsMap_computable	KolmogorovMathlib/MonotoneComplexity/Omega/SolovayInverse/Core.lean	public
Kolmogorov.SUV.Ch04.solovayPairMap	Kolmogorov.solovayPairMap	KolmogorovMathlib/MonotoneComplexity/Omega/SolovayInverse/Core.lean	public
Kolmogorov.SUV.Ch04.solovayPairMap_primrec	Kolmogorov.solovayPairMap_primrec	KolmogorovMathlib/MonotoneComplexity/Omega/SolovayInverse/Core.lean	public
Kolmogorov.SUV.Ch04.solovayPairMap_computable	Kolmogorov.solovayPairMap_computable	KolmogorovMathlib/MonotoneComplexity/Omega/SolovayInverse/Core.lean	public
Kolmogorov.SUV.Ch04.kVal_eq_coe	Kolmogorov.kVal_eq_coe	KolmogorovMathlib/MonotoneComplexity/Omega/SolovayInverse/Core.lean	public
Kolmogorov.SUV.Ch04.cVal_eq_coe	Kolmogorov.cVal_eq_coe	KolmogorovMathlib/MonotoneComplexity/Omega/SolovayInverse/Core.lean	public
Kolmogorov.SUV.Ch04.kNatVal_eq_coe	Kolmogorov.kNatVal_eq_coe	KolmogorovMathlib/MonotoneComplexity/Omega/SolovayInverse/Core.lean	public
Kolmogorov.SUV.Ch04.solovay_plain_eq_prefix_sub_prefix_prefix	Kolmogorov.solovay_plain_eq_prefix_sub_prefix_prefix	KolmogorovMathlib/MonotoneComplexity/Omega/SolovayInverse/Core.lean	public
Kolmogorov.SUV.Ch04.plainK_ne_top_local	Kolmogorov.plainK_ne_top	KolmogorovMathlib/Complexity/PairComplexity/LogarithmicTerms/ConditionalBounds.lean	public
Kolmogorov.SUV.Ch04.addPairBits	Kolmogorov.addPairBits	KolmogorovMathlib/MonotoneComplexity/Omega/SolovayInverse/Core.lean	public
Kolmogorov.SUV.Ch04.addPairBits_computable	Kolmogorov.addPairBits_computable	KolmogorovMathlib/MonotoneComplexity/Omega/SolovayInverse/Core.lean	public
Kolmogorov.SUV.Ch04.addPairBits_eval	Kolmogorov.addPairBits_eval	KolmogorovMathlib/MonotoneComplexity/Omega/SolovayInverse/Core.lean	public
Kolmogorov.SUV.Ch04.four_mul_le_two_pow_add	Kolmogorov.four_mul_le_two_pow_add	KolmogorovMathlib/MonotoneComplexity/Omega/SolovayInverse/Core.lean	public
Kolmogorov.SUV.Ch04.four_mul_log2_le	Kolmogorov.four_mul_log2_le	KolmogorovMathlib/MonotoneComplexity/Omega/SolovayInverse/Core.lean	public
Kolmogorov.SUV.Ch04.log2_mul_le	Kolmogorov.log2_mul_le	KolmogorovMathlib/MonotoneComplexity/Omega/SolovayInverse/Core.lean	public
Kolmogorov.SUV.Ch04.four_mul_log2_affine_le	Kolmogorov.four_mul_log2_affine_le	KolmogorovMathlib/MonotoneComplexity/Omega/SolovayInverse/Core.lean	public
Kolmogorov.SUV.Ch04.kVal_le_cVal_add	Kolmogorov.kVal_le_cVal_add	KolmogorovMathlib/MonotoneComplexity/Omega/SolovayInverse/Core.lean	public
Kolmogorov.SUV.Ch04.cVal_le_kVal_add	Kolmogorov.cVal_le_kVal_add	KolmogorovMathlib/MonotoneComplexity/Omega/SolovayInverse/Core.lean	public
Kolmogorov.SUV.Ch04.kNatVal_le_two_mul_self	Kolmogorov.kNatVal_le_two_mul_self	KolmogorovMathlib/MonotoneComplexity/Omega/SolovayInverse/Core.lean	public
Kolmogorov.SUV.Ch04.kNatVal_le_log_bound	Kolmogorov.kNatVal_le_log_bound	KolmogorovMathlib/MonotoneComplexity/Omega/SolovayInverse/Core.lean	public
Kolmogorov.SUV.Ch04.kNatVal_diff_step	Kolmogorov.kNatVal_diff_step	KolmogorovMathlib/MonotoneComplexity/Omega/SolovayInverse/Core.lean	public
Kolmogorov.SUV.Ch04.solovay_prefix_plain_eq_add_condK_add	Kolmogorov.solovay_prefix_plain_eq_add_condK_add	KolmogorovMathlib/MonotoneComplexity/Omega/SolovayInverse/Core.lean	public
Kolmogorov.SUV.Ch04.padBits	Kolmogorov.ShortDescriptions.padBits	KolmogorovMathlib/Complexity/KolmogorovLevin/ShortDescriptions.lean	public
Kolmogorov.SUV.Ch04.length_padBits	Kolmogorov.length_padBits	KolmogorovMathlib/MonotoneComplexity/Omega/SolovayInverse/Inequality.lean	public
Kolmogorov.SUV.Ch04.bitsToNat_replicate_false	Kolmogorov.bitsToNat_replicate_false	KolmogorovMathlib/MonotoneComplexity/Omega/SolovayInverse/Core.lean	public
Kolmogorov.SUV.Ch04.bitsToNat_append	Kolmogorov.bitsToNat_append	KolmogorovMathlib/MonotoneComplexity/Omega/SolovayInverse/Inequality.lean	public
Kolmogorov.SUV.Ch04.bitsToNat_padBits	Kolmogorov.bitsToNat_padBits	KolmogorovMathlib/MonotoneComplexity/Omega/SolovayInverse/Inequality.lean	public
Kolmogorov.SUV.Ch04.solovayOut	Kolmogorov.solovayOut	KolmogorovMathlib/MonotoneComplexity/Omega/SolovayInverse/Inequality.lean	public
Kolmogorov.SUV.Ch04.solovayOut_computable	Kolmogorov.solovayOut_computable	KolmogorovMathlib/MonotoneComplexity/Omega/SolovayInverse/Inequality.lean	public
Kolmogorov.SUV.Ch04.solovayOutStr	Kolmogorov.solovayOutStr	KolmogorovMathlib/MonotoneComplexity/Omega/SolovayInverse/Inequality.lean	public
Kolmogorov.SUV.Ch04.solovayOutStr_computable	Kolmogorov.solovayOutStr_computable	KolmogorovMathlib/MonotoneComplexity/Omega/SolovayInverse/Inequality.lean	public
Kolmogorov.SUV.Ch04.solovayKN	Kolmogorov.solovayKN	KolmogorovMathlib/MonotoneComplexity/Omega/SolovayInverse/Inequality.lean	public
Kolmogorov.SUV.Ch04.solovayKN_computable	Kolmogorov.solovayKN_computable	KolmogorovMathlib/MonotoneComplexity/Omega/SolovayInverse/Inequality.lean	public
Kolmogorov.SUV.Ch04.solovayN	Kolmogorov.solovayN	KolmogorovMathlib/MonotoneComplexity/Omega/SolovayInverse/Inequality.lean	public
Kolmogorov.SUV.Ch04.solovayN_computable	Kolmogorov.solovayN_computable	KolmogorovMathlib/MonotoneComplexity/Omega/SolovayInverse/Inequality.lean	public
Kolmogorov.SUV.Ch04.cumSnapshotCodes	Kolmogorov.cumSnapshotCodes	KolmogorovMathlib/MonotoneComplexity/Omega/SolovayInverse/Inequality.lean	public
Kolmogorov.SUV.Ch04.cumSnapHelper_primrec	Kolmogorov.cumSnapHelper_primrec	KolmogorovMathlib/MonotoneComplexity/Omega/SolovayInverse/Inequality.lean	public
Kolmogorov.SUV.Ch04.cumSnapshotCodes_computable	Kolmogorov.cumSnapshotCodes_computable	KolmogorovMathlib/MonotoneComplexity/Omega/SolovayInverse/Inequality.lean	public
Kolmogorov.SUV.Ch04.cumSnapshotCodes_prefix_of_le	Kolmogorov.cumSnapshotCodes_prefix_of_le	KolmogorovMathlib/MonotoneComplexity/Omega/SolovayInverse/Inequality.lean	public
Kolmogorov.SUV.Ch04.solovayCodes	Kolmogorov.solovayCodes	KolmogorovMathlib/MonotoneComplexity/Omega/SolovayInverse/Inequality.lean	public
Kolmogorov.SUV.Ch04.solovayCodes_computable	Kolmogorov.solovayCodes_computable	KolmogorovMathlib/MonotoneComplexity/Omega/SolovayInverse/Inequality.lean	public
Kolmogorov.SUV.Ch04.solovayCond1_computable	Kolmogorov.solovayCond1_computable	KolmogorovMathlib/MonotoneComplexity/Omega/SolovayInverse/Inequality.lean	public
Kolmogorov.SUV.Ch04.solovayCond2_computable	Kolmogorov.solovayCond2_computable	KolmogorovMathlib/MonotoneComplexity/Omega/SolovayInverse/Inequality.lean	public
Kolmogorov.SUV.Ch04.solovayCond3_computable	Kolmogorov.solovayCond3_computable	KolmogorovMathlib/MonotoneComplexity/Omega/SolovayInverse/Inequality.lean	public
Kolmogorov.SUV.Ch04.solovayCond	Kolmogorov.solovayCond	KolmogorovMathlib/MonotoneComplexity/Omega/SolovayInverse/Inequality.lean	public
Kolmogorov.SUV.Ch04.solovayCond_computable	Kolmogorov.solovayCond_computable	KolmogorovMathlib/MonotoneComplexity/Omega/SolovayInverse/Inequality.lean	public
Kolmogorov.SUV.Ch04.solovayVal	Kolmogorov.solovayVal	KolmogorovMathlib/MonotoneComplexity/Omega/SolovayInverse/Inequality.lean	public
Kolmogorov.SUV.Ch04.solovayVal_computable	Kolmogorov.solovayVal_computable	KolmogorovMathlib/MonotoneComplexity/Omega/SolovayInverse/Inequality.lean	public
Kolmogorov.SUV.Ch04.solovayCheck	Kolmogorov.solovayCheck	KolmogorovMathlib/MonotoneComplexity/Omega/SolovayInverse/Inequality.lean	public
Kolmogorov.SUV.Ch04.solovayCheck_computable	Kolmogorov.solovayCheck_computable	KolmogorovMathlib/MonotoneComplexity/Omega/SolovayInverse/Inequality.lean	public
Kolmogorov.SUV.Ch04.solovayMap	Kolmogorov.solovayMap	KolmogorovMathlib/MonotoneComplexity/Omega/SolovayInverse/Inequality.lean	public
Kolmogorov.SUV.Ch04.solovayRfind_partrec	Kolmogorov.solovayRfind_partrec	KolmogorovMathlib/MonotoneComplexity/Omega/SolovayInverse/Inequality.lean	public
Kolmogorov.SUV.Ch04.solovayCheckPair	Kolmogorov.solovayCheckPair	KolmogorovMathlib/MonotoneComplexity/Omega/SolovayInverse/Inequality.lean	public
Kolmogorov.SUV.Ch04.solovayCheckPair_computable	Kolmogorov.solovayCheckPair_computable	KolmogorovMathlib/MonotoneComplexity/Omega/SolovayInverse/Inequality.lean	public
Kolmogorov.SUV.Ch04.solovayOfOpt_partrec	Kolmogorov.solovayOfOpt_partrec	KolmogorovMathlib/MonotoneComplexity/Omega/SolovayInverse/Inequality.lean	public
Kolmogorov.SUV.Ch04.solovayMap_isDecompressor	Kolmogorov.solovayMap_isDecompressor	KolmogorovMathlib/MonotoneComplexity/Omega/SolovayInverse/Inequality.lean	public
Kolmogorov.SUV.Ch04.KPPlain_le_of_mem_snapshotCodes	Kolmogorov.KPPlain_le_of_mem_snapshotCodes	KolmogorovMathlib/MonotoneComplexity/Omega/SolovayInverse/Inequality.lean	public
Kolmogorov.SUV.Ch04.KPPlain_le_of_mem_cumSnapshotCodes	Kolmogorov.KPPlain_le_of_mem_cumSnapshotCodes	KolmogorovMathlib/MonotoneComplexity/Omega/SolovayInverse/Inequality.lean	public
Kolmogorov.SUV.Ch04.card_le_of_ennreal_bound	Kolmogorov.card_le_of_ennreal_bound	KolmogorovMathlib/MonotoneComplexity/Omega/SolovayInverse/Inequality.lean	public
Kolmogorov.SUV.Ch04.getD_eq_of_prefix_common	Kolmogorov.getD_eq_of_prefix_common	KolmogorovMathlib/MonotoneComplexity/Omega/SolovayInverse/Inequality.lean	public
Kolmogorov.SUV.Ch04.bits_len_le_of_lt_two_pow	Kolmogorov.length_natBits_lt_pow	KolmogorovMathlib/AlgorithmicStatistics/NonStochastic.lean	public
Kolmogorov.SUV.Ch04.plainK_V_ne_top	Kolmogorov.plainK_ne_top	KolmogorovMathlib/Complexity/PairComplexity/LogarithmicTerms/ConditionalBounds.lean	public
Kolmogorov.SUV.Ch04.solovayCond_lt_length	Kolmogorov.solovayCond_lt_length	KolmogorovMathlib/MonotoneComplexity/Omega/SolovayInverse/Inequality.lean	public
Kolmogorov.SUV.Ch04.solovayCheck_max_isSome	Kolmogorov.solovayCheck_max_isSome	KolmogorovMathlib/MonotoneComplexity/Omega/SolovayInverse/Inequality.lean	public
Kolmogorov.SUV.Ch04.continuous_F_of_A	Kolmogorov.continuous_F_of_A	KolmogorovMathlib/AlgorithmicProbability/CompatibleGraphs/Basic.lean	public
Kolmogorov.SUV.Ch04.contGraph_F_of_A	Kolmogorov.contGraph_F_of_A	KolmogorovMathlib/AlgorithmicProbability/CompatibleGraphs/Basic.lean	public
Kolmogorov.SUV.Ch04.EExtends_streamTake_inr	Kolmogorov.EExtends_streamTake	KolmogorovMathlib/Prefix/SelfDelimitingMachines.lean	public
Kolmogorov.SUV.Ch04.existsUnique_continuousMap_of_compatibleGraph	Kolmogorov.existsUnique_continuousMap_of_compatibleGraph	KolmogorovMathlib/AlgorithmicProbability/CompatibleGraphs/Basic.lean	public
Kolmogorov.SUV.Ch04.continuousMap_graph_bijection	Kolmogorov.continuousMap_graph_bijection	KolmogorovMathlib/AlgorithmicProbability/CompatibleGraphs/Basic.lean	public
Kolmogorov.SUV.Ch04.leftValue	Kolmogorov.leftValue	KolmogorovMathlib/AlgorithmicProbability/CompatibleGraphs/Basic.lean	public
Kolmogorov.SUV.Ch04.foldl_leftValue_aux	Kolmogorov.foldl_leftValue_aux	KolmogorovMathlib/AlgorithmicProbability/CompatibleGraphs/Basic.lean	public
Kolmogorov.SUV.Ch04.leftValue_append	Kolmogorov.leftValue_append	KolmogorovMathlib/AlgorithmicProbability/CompatibleGraphs/Basic.lean	public
Kolmogorov.SUV.Ch04.leftValue_cons_true	Kolmogorov.leftValue_cons_true	KolmogorovMathlib/AlgorithmicProbability/CompatibleGraphs/Basic.lean	public
Kolmogorov.SUV.Ch04.leftValue_cons_false	Kolmogorov.leftValue_cons_false	KolmogorovMathlib/AlgorithmicProbability/CompatibleGraphs/Basic.lean	public
Kolmogorov.SUV.Ch04.leftValue_replicate_false	Kolmogorov.leftValue_replicate_false	KolmogorovMathlib/AlgorithmicProbability/CompatibleGraphs/Basic.lean	public
Kolmogorov.SUV.Ch04.leftValue_le_of_prefix	Kolmogorov.leftValue_le_of_prefix	KolmogorovMathlib/AlgorithmicProbability/CompatibleGraphs/Basic.lean	public
Kolmogorov.SUV.Ch04.replicate_false_trichotomy	Kolmogorov.replicate_false_trichotomy	KolmogorovMathlib/AlgorithmicProbability/CompatibleGraphs/Basic.lean	public
Kolmogorov.SUV.Ch04.leftValue_lt_pow	Kolmogorov.leftValue_lt_pow	KolmogorovMathlib/AlgorithmicProbability/CompatibleGraphs/Basic.lean	public
Kolmogorov.SUV.Ch04.descLengths_getElem_length_lt	Kolmogorov.descLengths_getElem_length_lt	KolmogorovMathlib/AlgorithmicProbability/CompatibleGraphs.lean	public
Kolmogorov.SUV.Ch04.leftValue_ge_of_prefixFree_and_le	Kolmogorov.leftValue_ge_of_prefixFree_and_le	KolmogorovMathlib/AlgorithmicProbability/CompatibleGraphs/Basic.lean	public
Kolmogorov.SUV.Ch04.leftValue_newNode_pad	Kolmogorov.leftValue_newNode_pad	KolmogorovMathlib/AlgorithmicProbability/CompatibleGraphs/Basic.lean	public
Kolmogorov.SUV.Ch04.exists_alloc_overlap_or_free_prefix	Kolmogorov.exists_alloc_overlap_or_free_prefix	KolmogorovMathlib/AlgorithmicProbability/CompatibleGraphs/Basic.lean	public
Kolmogorov.SUV.Ch04.getElem_free'_part1	Kolmogorov.getElem_free'_part1	KolmogorovMathlib/AlgorithmicProbability/CompatibleGraphs/Basic.lean	public
Kolmogorov.SUV.Ch04.getElem_free'_part2	Kolmogorov.getElem_free'_part2	KolmogorovMathlib/AlgorithmicProbability/CompatibleGraphs/Basic.lean	public
Kolmogorov.SUV.Ch04.getElem_free'_part3	Kolmogorov.getElem_free'_part3	KolmogorovMathlib/AlgorithmicProbability/CompatibleGraphs/APrioriMarginals.lean	public
Kolmogorov.SUV.Ch04.leftValue_le_of_state	Kolmogorov.leftValue_le_of_state	KolmogorovMathlib/AlgorithmicProbability/CompatibleGraphs/APrioriMarginals.lean	public
Kolmogorov.SUV.Ch04.exists_le_card_mul_le_sum	Kolmogorov.exists_le_card_mul_le_sum	KolmogorovMathlib/Prefix/ExtensionTheorem.lean	public
Kolmogorov.SUV.Ch04.extDropMap_opt_computable	Kolmogorov.extDropMap_opt_computable	KolmogorovMathlib/Prefix/ExtensionTheorem.lean	public
Kolmogorov.SUV.Ch04.extDropMap	Kolmogorov.extDropMap	KolmogorovMathlib/Prefix/ExtensionTheorem.lean	public
Kolmogorov.SUV.Ch04.extDropMap_isPrefixDecompressor	Kolmogorov.extDropMap_isPrefixDecompressor	KolmogorovMathlib/Prefix/ExtensionTheorem.lean	public
Kolmogorov.SUV.Ch04.finset_sum_tsum_comm	Kolmogorov.finset_sum_tsum_comm	KolmogorovMathlib/Prefix/ExtensionTheorem.lean	public
Kolmogorov.SUV.Ch04.extDropMap_aprioriMeasure_ge	Kolmogorov.extDropMap_aprioriMeasure_ge	KolmogorovMathlib/Prefix/ExtensionTheorem.lean	public
Kolmogorov.SUV.Ch04.exists_extension_KP_ge	Kolmogorov.exists_extension_KP_ge	KolmogorovMathlib/Prefix/ExtensionTheorem.lean	public
Kolmogorov.SUV.Ch04.deconstructConcatPair	Kolmogorov.deconstructConcatPair	KolmogorovMathlib/Prefix/ExtensionTheorem.lean	public
Kolmogorov.SUV.Ch04.deconstructConcatPair_computable	Kolmogorov.deconstructConcatPair_computable	KolmogorovMathlib/Prefix/ExtensionTheorem.lean	public
Kolmogorov.SUV.Ch04.deconstructConcatPair_eval	Kolmogorov.deconstructConcatPair_eval	KolmogorovMathlib/Prefix/ExtensionTheorem.lean	public
Kolmogorov.SUV.Ch04.exists_extension_KP_ge_sub	Kolmogorov.exists_extension_KP_ge_sub	KolmogorovMathlib/Prefix/ExtensionTheorem.lean	public
Kolmogorov.SUV.Ch04.condKP_self_plainK_eq	Kolmogorov.condKP_self_plainK_eq	KolmogorovMathlib/Prefix/ExtensionTheorem.lean	public
Kolmogorov.SUV.Ch04.plainK_eq_of_condKP_eq_add	Kolmogorov.plainK_eq_of_condKP_eq_add	KolmogorovMathlib/Prefix/ExtensionTheorem.lean	public
Kolmogorov.SUV.Ch04.kVal	Kolmogorov.kVal	KolmogorovMathlib/Prefix/NumericalValues.lean	public
Kolmogorov.SUV.Ch04.kCondVal	Kolmogorov.kCondVal	KolmogorovMathlib/Prefix/NumericalValues.lean	public
Kolmogorov.SUV.Ch04.kNat	Kolmogorov.kNat	KolmogorovMathlib/Prefix/NumericalValues.lean	public
Kolmogorov.SUV.Ch04.kNatVal	Kolmogorov.kNatVal	KolmogorovMathlib/Prefix/NumericalValues.lean	public
Kolmogorov.SUV.Ch04.cNatVal	Kolmogorov.cNatVal	KolmogorovMathlib/Prefix/NumericalValues.lean	public
Kolmogorov.SUV.Ch04.KPTriple	Kolmogorov.KPTriple	KolmogorovMathlib/Prefix/NumericalValues.lean	public
Kolmogorov.SUV.Ch04.prefixProgramComplexity	Kolmogorov.prefixProgramComplexity	KolmogorovMathlib/Prefix/NumericalValues.lean	public
Kolmogorov.SUV.Ch04.natDiffDecompressorOpt	Kolmogorov.natDiffDecompressorOpt	KolmogorovMathlib/Prefix/NumericalValues.lean	public
Kolmogorov.SUV.Ch04.natDiffDecompressor	Kolmogorov.natDiffDecompressor	KolmogorovMathlib/Prefix/NumericalValues.lean	public
Kolmogorov.SUV.Ch04.natDiffDecompressor_computable	Kolmogorov.natDiffDecompressor_computable	KolmogorovMathlib/Prefix/NumericalValues.lean	public
Kolmogorov.SUV.Ch04.natDiffDecompressor_isPrefixMachine	Kolmogorov.natDiffDecompressor_isPrefixMachine	KolmogorovMathlib/Prefix/NumericalValues.lean	public
Kolmogorov.SUV.Ch04.natDiffDecompressor_isPrefixDecompressor	Kolmogorov.natDiffDecompressor_isPrefixDecompressor	KolmogorovMathlib/Prefix/NumericalValues.lean	public
Kolmogorov.SUV.Ch04.natDiffDecompressor_produces	Kolmogorov.natDiffDecompressor_produces	KolmogorovMathlib/Prefix/NumericalValues.lean	public
Kolmogorov.SUV.Ch04.KP_pair_bound_le	Kolmogorov.KP_pair_bound_le	KolmogorovMathlib/Prefix/NumericalValues.lean	public
Kolmogorov.SUV.Ch04.kNatVal_hasPrefixComplexityValue	Kolmogorov.kNatVal_hasPrefixComplexityValue	KolmogorovMathlib/Prefix/NumericalValues.lean	public
Kolmogorov.SUV.Ch04.complexityWeight_KPPlain	Kolmogorov.complexityWeight_KPPlain	KolmogorovMathlib/Prefix/NumericalValues.lean	public
Kolmogorov.SUV.Ch04.average_KP_eq_length_add_KP	Kolmogorov.average_KP_eq_length_add_KP	KolmogorovMathlib/Prefix/NumericalValues.lean	public
Kolmogorov.SUV.Ch04.Exercise110.plainPrefixTwoStageS1	Kolmogorov.PlainPrefixTwoStage.plainPrefixTwoStageS1	KolmogorovMathlib/Prefix/NumericalValues.lean	public
Kolmogorov.SUV.Ch04.Exercise110.plainPrefixTwoStageS2	Kolmogorov.PlainPrefixTwoStage.plainPrefixTwoStageS2	KolmogorovMathlib/Prefix/NumericalValues.lean	public
Kolmogorov.SUV.Ch04.Exercise110.plainPrefixTwoStageOut	Kolmogorov.PlainPrefixTwoStage.plainPrefixTwoStageOut	KolmogorovMathlib/Prefix/NumericalValues.lean	public
Kolmogorov.SUV.Ch04.Exercise110.plainPrefixTwoStageCheck	Kolmogorov.PlainPrefixTwoStage.plainPrefixTwoStageCheck	KolmogorovMathlib/Prefix/NumericalValues.lean	public
Kolmogorov.SUV.Ch04.Exercise110.plainPrefixTwoStageMap	Kolmogorov.PlainPrefixTwoStage.plainPrefixTwoStageMap	KolmogorovMathlib/Prefix/NumericalValues.lean	public
Kolmogorov.SUV.Ch04.Exercise110.plainPrefixTwoStageS1_computable	Kolmogorov.PlainPrefixTwoStage.plainPrefixTwoStageS1_computable	KolmogorovMathlib/Prefix/NumericalValues.lean	public
Kolmogorov.SUV.Ch04.Exercise110.plainPrefixTwoStageS2_computable	Kolmogorov.PlainPrefixTwoStage.plainPrefixTwoStageS2_computable	KolmogorovMathlib/Prefix/NumericalValues.lean	public
Kolmogorov.SUV.Ch04.Exercise110.plainPrefixTwoStageOut_computable	Kolmogorov.PlainPrefixTwoStage.plainPrefixTwoStageOut_computable	KolmogorovMathlib/Prefix/NumericalValues.lean	public
Kolmogorov.SUV.Ch04.Exercise110.plainPrefixTwoStageCheck_computable	Kolmogorov.PlainPrefixTwoStage.plainPrefixTwoStageCheck_computable	KolmogorovMathlib/Prefix/NumericalValues.lean	public
Kolmogorov.SUV.Ch04.Exercise110.plainPrefixTwoStageMap_partrec	Kolmogorov.PlainPrefixTwoStage.plainPrefixTwoStageMap_partrec	KolmogorovMathlib/Prefix/NumericalValues.lean	public
Kolmogorov.SUV.Ch04.Exercise110.plainPrefixTwoStageMap_produces	Kolmogorov.PlainPrefixTwoStage.plainPrefixTwoStageMap_produces	KolmogorovMathlib/Prefix/NumericalValues.lean	public
Kolmogorov.SUV.Ch04.plainK_pair_le_KP_add_condK	Kolmogorov.plainK_pair_le_KP_add_condK	KolmogorovMathlib/Prefix/NumericalValues.lean	public
Kolmogorov.SUV.Ch04.plainK_pair_le_KP_add_plainK	Kolmogorov.plainK_pair_le_KP_add_plainK	KolmogorovMathlib/Prefix/NumericalValues.lean	public
Kolmogorov.SUV.Ch04.subPairBits	Kolmogorov.subPairBits	KolmogorovMathlib/Prefix/NumericalValues.lean	public
Kolmogorov.SUV.Ch04.subPairBits_computable	Kolmogorov.subPairBits_computable	KolmogorovMathlib/Prefix/NumericalValues.lean	public
Kolmogorov.SUV.Ch04.subPairBits_eval	Kolmogorov.subPairBits_eval	KolmogorovMathlib/Prefix/NumericalValues.lean	public
Kolmogorov.SUV.Ch04.bits_len_le_log2_add_two	Kolmogorov.bits_len_le_log2_add_two	KolmogorovMathlib/Prefix/NumericalValues.lean	public
Kolmogorov.SUV.Ch04.two_mul_le_two_pow	Kolmogorov.two_mul_le_two_pow	KolmogorovMathlib/Prefix/NumericalValues.lean	public
Kolmogorov.SUV.Ch04.two_mul_log2_le	Kolmogorov.two_mul_log2_le	KolmogorovMathlib/Prefix/NumericalValues.lean	public
Kolmogorov.SUV.Ch04.log2_lt_of_lt_pow	Kolmogorov.log2_lt_of_lt_pow	KolmogorovMathlib/Prefix/NumericalValues.lean	public
Kolmogorov.SUV.Ch04.log2_add_two_add_le	Kolmogorov.log2_add_two_add_le	KolmogorovMathlib/Prefix/NumericalValues.lean	public
Kolmogorov.SUV.Ch04.KP_le_of_plainK_le_sub	Kolmogorov.KP_le_of_plainK_le_sub	KolmogorovMathlib/Prefix/NumericalValues.lean	public
Kolmogorov.SUV.Ch04.evalProgDecompressor	Kolmogorov.evalProgDecompressor	KolmogorovMathlib/Prefix/PairComplexity.lean	public
Kolmogorov.SUV.Ch04.evalProgDecompressor_isDecompressor	Kolmogorov.evalProgDecompressor_isDecompressor	KolmogorovMathlib/Prefix/PairComplexity.lean	public
Kolmogorov.SUV.Ch04.evalProgDecompressor_isPrefixMachine	Kolmogorov.evalProgDecompressor_isPrefixMachine	KolmogorovMathlib/Prefix/PairComplexity.lean	public
Kolmogorov.SUV.Ch04.evalProgDecompressor_isPrefixDecompressor	Kolmogorov.evalProgDecompressor_isPrefixDecompressor	KolmogorovMathlib/Prefix/PairComplexity.lean	public
Kolmogorov.SUV.Ch04.evalProgDecompressor_produces	Kolmogorov.evalProgDecompressor_produces	KolmogorovMathlib/Prefix/PairComplexity.lean	public
Kolmogorov.SUV.Ch04.condKP_le_program_KP	Kolmogorov.condKP_le_program_KP	KolmogorovMathlib/Prefix/PairComplexity.lean	public
Kolmogorov.SUV.Ch04.natToBits_inj	Kolmogorov.natToBits_inj	KolmogorovMathlib/Prefix/PairComplexity.lean	public
Kolmogorov.SUV.Ch04.sum_s_real_eq	Kolmogorov.sum_s_real_eq	KolmogorovMathlib/Prefix/PairComplexity.lean	public
Kolmogorov.SUV.Ch04.real_sum_lower_bound	Kolmogorov.real_sum_lower_bound	KolmogorovMathlib/Prefix/PairComplexity.lean	public
Kolmogorov.SUV.Ch04.ofReal_half	Kolmogorov.ofReal_half	KolmogorovMathlib/Prefix/PairComplexity.lean	public
Kolmogorov.SUV.Ch04.ofReal_two	Kolmogorov.ofReal_two	KolmogorovMathlib/Prefix/PairComplexity.lean	public
Kolmogorov.SUV.Ch04.ennreal_sum_lower_bound	Kolmogorov.ennreal_sum_lower_bound	KolmogorovMathlib/Prefix/PairComplexity.lean	public
Kolmogorov.SUV.Ch04.not_program_KP_le_condKP	Kolmogorov.not_program_KP_le_condKP	KolmogorovMathlib/Prefix/PairComplexity.lean	public
Kolmogorov.SUV.Ch04.condKP_triangle	Kolmogorov.condKP_triangle	KolmogorovMathlib/Prefix/PairComplexity.lean	public
Kolmogorov.SUV.Ch04.two_mul_KP_triple_le	Kolmogorov.two_mul_KP_triple_le	KolmogorovMathlib/Prefix/PairComplexity.lean	public
Kolmogorov.SUV.Ch04.exists_extension_KP_pair_ge	Kolmogorov.exists_extension_KP_pair_ge	KolmogorovMathlib/Prefix/PairComplexity.lean	public
Kolmogorov.SUV.Ch04.IsPrefixStableFun	Kolmogorov.IsPrefixStableFun	KolmogorovMathlib/Prefix/StableDecompressors.lean	public
Kolmogorov.SUV.Ch04.IsPrefixStableMachine	Kolmogorov.IsPrefixStableMachine	KolmogorovMathlib/Prefix/StableDecompressors.lean	public
Kolmogorov.SUV.Ch04.IsPrefixStableDecompressor	Kolmogorov.IsPrefixStableDecompressor	KolmogorovMathlib/Prefix/StableDecompressors.lean	public
Kolmogorov.SUV.Ch04.IsOptimalPrefixStable	Kolmogorov.IsOptimalPrefixStable	KolmogorovMathlib/Prefix/StableDecompressors.lean	public
Kolmogorov.SUV.Ch04.stabTriple	Kolmogorov.stabTriple	KolmogorovMathlib/Prefix/StableDecompressors.lean	public
Kolmogorov.SUV.Ch04.stabTriple_primrec	Kolmogorov.stabTriple_primrec	KolmogorovMathlib/Prefix/StableDecompressors.lean	public
Kolmogorov.SUV.Ch04.stabTriple_sound	Kolmogorov.stabTriple_sound	KolmogorovMathlib/Prefix/StableDecompressors.lean	public
Kolmogorov.SUV.Ch04.stabTriple_complete	Kolmogorov.stabTriple_complete	KolmogorovMathlib/Prefix/StableDecompressors.lean	public
Kolmogorov.SUV.Ch04.primrec_decide_of_pred	Kolmogorov.primrec_decide_of_pred	KolmogorovMathlib/Prefix/StableDecompressors.lean	public
Kolmogorov.SUV.Ch04.or_not_or_not_iff_imp_imp	Kolmogorov.or_not_or_not_iff_imp_imp	KolmogorovMathlib/Prefix/StableDecompressors.lean	public
Kolmogorov.SUV.Ch04.bool_or_decide	Kolmogorov.bool_or_decide	KolmogorovMathlib/Prefix/StableDecompressors.lean	public
Kolmogorov.SUV.Ch04.bool_or_not_eq_decide_imp	Kolmogorov.bool_or_not_eq_decide_imp	KolmogorovMathlib/Prefix/StableDecompressors.lean	public
Kolmogorov.SUV.Ch04.stabCompat	Kolmogorov.stabCompat	KolmogorovMathlib/Prefix/StableDecompressors.lean	public
Kolmogorov.SUV.Ch04.stabCompat_iff	Kolmogorov.stabCompat_iff	KolmogorovMathlib/Prefix/StableDecompressors.lean	public
Kolmogorov.SUV.Ch04.stabCompat_primrec	Kolmogorov.stabCompat_primrec	KolmogorovMathlib/Prefix/StableDecompressors.lean	public
Kolmogorov.SUV.Ch04.stabPairCompat	Kolmogorov.stabPairCompat	KolmogorovMathlib/Prefix/StableDecompressors.lean	public
Kolmogorov.SUV.Ch04.stabPairCompat_of	Kolmogorov.stabPairCompat_of	KolmogorovMathlib/Prefix/StableDecompressors.lean	public
Kolmogorov.SUV.Ch04.stabPairCompat_primrec	Kolmogorov.stabPairCompat_primrec	KolmogorovMathlib/Prefix/StableDecompressors.lean	public
Kolmogorov.SUV.Ch04.stabPairCompat_eq_true	Kolmogorov.stabPairCompat_eq_true	KolmogorovMathlib/Prefix/StableDecompressors.lean	public
Kolmogorov.SUV.Ch04.stabOK	Kolmogorov.stabOK	KolmogorovMathlib/Prefix/StableDecompressors.lean	public
Kolmogorov.SUV.Ch04.foldr_and_eq_true	Kolmogorov.foldr_and_eq_true	KolmogorovMathlib/Prefix/StableDecompressors.lean	public
Kolmogorov.SUV.Ch04.stabOK_eq_true_iff	Kolmogorov.stabOK_eq_true_iff	KolmogorovMathlib/Prefix/StableDecompressors.lean	public
Kolmogorov.SUV.Ch04.stabOK_primrec	Kolmogorov.stabOK_primrec	KolmogorovMathlib/Prefix/StableDecompressors.lean	public
Kolmogorov.SUV.Ch04.stabSelect	Kolmogorov.stabSelect	KolmogorovMathlib/Prefix/StableDecompressors.lean	public
Kolmogorov.SUV.Ch04.stabSelect_eq_some_iff	Kolmogorov.stabSelect_eq_some_iff	KolmogorovMathlib/Prefix/StableDecompressors.lean	public
Kolmogorov.SUV.Ch04.stabSelect_primrec	Kolmogorov.stabSelect_primrec	KolmogorovMathlib/Prefix/StableDecompressors.lean	public
Kolmogorov.SUV.Ch04.stabFind	Kolmogorov.stabFind	KolmogorovMathlib/Prefix/StableDecompressors.lean	public
Kolmogorov.SUV.Ch04.stabFind_eq_some_iff	Kolmogorov.stabFind_eq_some_iff	KolmogorovMathlib/Prefix/StableDecompressors.lean	public
Kolmogorov.SUV.Ch04.stabFind_primrec	Kolmogorov.stabFind_primrec	KolmogorovMathlib/Prefix/StableDecompressors.lean	public
Kolmogorov.SUV.Ch04.stabMap	Kolmogorov.stabMap	KolmogorovMathlib/Prefix/StableDecompressors.lean	public
Kolmogorov.SUV.Ch04.stabMap_partrec_uniform	Kolmogorov.stabMap_partrec_uniform	KolmogorovMathlib/Prefix/StableDecompressors.lean	public
Kolmogorov.SUV.Ch04.stabFind_unique	Kolmogorov.stabFind_unique	KolmogorovMathlib/Prefix/StableDecompressors.lean	public
Kolmogorov.SUV.Ch04.stabMap_mem_of_find	Kolmogorov.stabMap_mem_of_find	KolmogorovMathlib/Prefix/StableDecompressors.lean	public
Kolmogorov.SUV.Ch04.stabMap_mem_imp_find	Kolmogorov.stabMap_mem_imp_find	KolmogorovMathlib/Prefix/StableDecompressors.lean	public
Kolmogorov.SUV.Ch04.stabMap_isPrefixStableMachine	Kolmogorov.stabMap_isPrefixStableMachine	KolmogorovMathlib/Prefix/StableDecompressors.lean	public
Kolmogorov.SUV.Ch04.stabTriple_produces	Kolmogorov.stabTriple_produces	KolmogorovMathlib/Prefix/StableDecompressors.lean	public
Kolmogorov.SUV.Ch04.exists_stabTriple_of_produces	Kolmogorov.exists_stabTriple_of_produces	KolmogorovMathlib/Prefix/StableDecompressors.lean	public
Kolmogorov.SUV.Ch04.stabOK_of_prefixStable	Kolmogorov.stabOK_of_prefixStable	KolmogorovMathlib/Prefix/StableDecompressors.lean	public
Kolmogorov.SUV.Ch04.condK_stabMap_le	Kolmogorov.condK_stabMap_le	KolmogorovMathlib/Prefix/StableDecompressors.lean	public
Kolmogorov.SUV.Ch04.stabUniversal	Kolmogorov.stabUniversal	KolmogorovMathlib/Prefix/StableDecompressors.lean	public
Kolmogorov.SUV.Ch04.stabUniversal_partrec	Kolmogorov.stabUniversal_partrec	KolmogorovMathlib/Prefix/StableDecompressors.lean	public
Kolmogorov.SUV.Ch04.takeWhile_eq_of_prefix	Kolmogorov.takeWhile_eq_of_prefix	KolmogorovMathlib/Prefix/StableDecompressors.lean	public
Kolmogorov.SUV.Ch04.stabUniversal_isPrefixStableMachine	Kolmogorov.stabUniversal_isPrefixStableMachine	KolmogorovMathlib/Prefix/StableDecompressors.lean	public
Kolmogorov.SUV.Ch04.stabUniversal_apply	Kolmogorov.stabUniversal_apply	KolmogorovMathlib/Prefix/StableDecompressors.lean	public
Kolmogorov.SUV.Ch04.exists_optimal_prefixStable_decompressor	Kolmogorov.exists_optimal_prefixStable_decompressor	KolmogorovMathlib/Prefix/StableDecompressors.lean	public
Kolmogorov.SUV.Ch04.prefixExtensionOut	Kolmogorov.prefixExtensionOut	KolmogorovMathlib/Prefix/StableDecompressors.lean	public
Kolmogorov.SUV.Ch04.prefixExtensionCheck	Kolmogorov.prefixExtensionCheck	KolmogorovMathlib/Prefix/StableDecompressors.lean	public
Kolmogorov.SUV.Ch04.prefixExtensionMap	Kolmogorov.prefixExtensionMap	KolmogorovMathlib/Prefix/StableDecompressors.lean	public
Kolmogorov.SUV.Ch04.prefixExtensionOut_computable	Kolmogorov.prefixExtensionOut_computable	KolmogorovMathlib/Prefix/StableDecompressors.lean	public
Kolmogorov.SUV.Ch04.prefixExtensionCheck_computable	Kolmogorov.prefixExtensionCheck_computable	KolmogorovMathlib/Prefix/StableDecompressors.lean	public
Kolmogorov.SUV.Ch04.prefixExtensionMap_partrec	Kolmogorov.prefixExtensionMap_partrec	KolmogorovMathlib/Prefix/StableDecompressors.lean	public
Kolmogorov.SUV.Ch04.prefixExtensionMap_mem_imp_produces	Kolmogorov.prefixExtensionMap_mem_imp_produces	KolmogorovMathlib/Prefix/StableDecompressors.lean	public
Kolmogorov.SUV.Ch04.prefixExtensionMap_isPrefixStableMachine	Kolmogorov.prefixExtensionMap_isPrefixStableMachine	KolmogorovMathlib/Prefix/StableDecompressors.lean	public
Kolmogorov.SUV.Ch04.NBAction	Kolmogorov.NBAction	KolmogorovMathlib/Prefix/SelfDelimitingMachines.lean	public
Kolmogorov.SUV.Ch04.NBAction.equivSum	Kolmogorov.NBAction.equivSum	KolmogorovMathlib/Prefix/SelfDelimitingMachines.lean	public
Kolmogorov.SUV.Ch04.nbAct	Kolmogorov.nbAct	KolmogorovMathlib/Prefix/SelfDelimitingMachines.lean	public
Kolmogorov.SUV.Ch04.IsArrivalSchedule	Kolmogorov.IsArrivalSchedule	KolmogorovMathlib/Prefix/SelfDelimitingMachines.lean	public
Kolmogorov.SUV.Ch04.NBStep	Kolmogorov.NBStep	KolmogorovMathlib/Prefix/SelfDelimitingMachines.lean	public
Kolmogorov.SUV.Ch04.NBOutputs	Kolmogorov.NBOutputs	KolmogorovMathlib/Prefix/SelfDelimitingMachines.lean	public
Kolmogorov.SUV.Ch04.IsRobustProgram	Kolmogorov.IsRobustProgram	KolmogorovMathlib/Prefix/SelfDelimitingMachines.lean	public
Kolmogorov.SUV.Ch04.NBComputes	Kolmogorov.NBComputes	KolmogorovMathlib/Prefix/SelfDelimitingMachines.lean	public
Kolmogorov.SUV.Ch04.nbAct_eq_of_eval_eq	Kolmogorov.nbAct_eq_of_eval_eq	KolmogorovMathlib/Prefix/SelfDelimitingMachines.lean	public
Kolmogorov.SUV.Ch04.NBStep_eq_of_eval_eq	Kolmogorov.NBStep_eq_of_eval_eq	KolmogorovMathlib/Prefix/SelfDelimitingMachines.lean	public
Kolmogorov.SUV.Ch04.NBOutputs_eq_of_eval_eq	Kolmogorov.NBOutputs_eq_of_eval_eq	KolmogorovMathlib/Prefix/SelfDelimitingMachines.lean	public
Kolmogorov.SUV.Ch04.IsRobustProgram_eq_of_eval_eq	Kolmogorov.IsRobustProgram_eq_of_eval_eq	KolmogorovMathlib/Prefix/SelfDelimitingMachines.lean	public
Kolmogorov.SUV.Ch04.exists_robust_program	Kolmogorov.exists_robust_program	KolmogorovMathlib/Prefix/SelfDelimitingMachines.lean	public
Kolmogorov.SUV.Ch04.exists_non_robust_program	Kolmogorov.exists_non_robust_program	KolmogorovMathlib/Prefix/SelfDelimitingMachines.lean	public
Kolmogorov.SUV.Ch04.robustness_undecidable	Kolmogorov.robustness_undecidable	KolmogorovMathlib/Prefix/SelfDelimitingMachines.lean	public
Kolmogorov.SUV.Ch04.SeqE	Kolmogorov.SeqE	KolmogorovMathlib/Prefix/SelfDelimitingMachines.lean	public
Kolmogorov.SUV.Ch04.streamTake	Kolmogorov.streamTake	KolmogorovMathlib/Prefix/SelfDelimitingMachines.lean	public
Kolmogorov.SUV.Ch04.EExtends	Kolmogorov.EExtends	KolmogorovMathlib/Prefix/SelfDelimitingMachines.lean	public
Kolmogorov.SUV.Ch04.eTopology	Kolmogorov.eTopology	KolmogorovMathlib/Prefix/SelfDelimitingMachines.lean	public
Kolmogorov.SUV.Ch04.streamTake_length	Kolmogorov.streamTake_length	KolmogorovMathlib/Prefix/SelfDelimitingMachines.lean	public
Kolmogorov.SUV.Ch04.EExtends_refl	Kolmogorov.EExtends_refl	KolmogorovMathlib/Prefix/SelfDelimitingMachines.lean	public
Kolmogorov.SUV.Ch04.EExtends_streamTake	Kolmogorov.EExtends_streamTake	KolmogorovMathlib/Prefix/SelfDelimitingMachines.lean	public
Kolmogorov.SUV.Ch04.streamTake_prefix_of_streamTake	Kolmogorov.streamTake_prefix_of_streamTake	KolmogorovMathlib/Prefix/SelfDelimitingMachines.lean	public
Kolmogorov.SUV.Ch04.EExtends_trans	Kolmogorov.EExtends_trans	KolmogorovMathlib/Prefix/SelfDelimitingMachines.lean	public
Kolmogorov.SUV.Ch04.cylinder_mem	Kolmogorov.cylinder_mem	KolmogorovMathlib/Prefix/SelfDelimitingMachines.lean	public
Kolmogorov.SUV.Ch04.isOpen_iUnion_of_isOpen	Kolmogorov.isOpen_iUnion_of_isOpen	KolmogorovMathlib/Prefix/SelfDelimitingMachines.lean	public
Kolmogorov.SUV.Ch04.prefixTopology_isOpen_iff	Kolmogorov.prefixTopology_isOpen_iff	KolmogorovMathlib/Prefix/SelfDelimitingMachines.lean	public
Kolmogorov.SUV.Ch04.natBotTopology	Kolmogorov.natBotTopology	KolmogorovMathlib/Prefix/SelfDelimitingMachines.lean	public
Kolmogorov.SUV.Ch04.natBotLe	Kolmogorov.natBotLe	KolmogorovMathlib/Prefix/SelfDelimitingMachines.lean	public
Kolmogorov.SUV.Ch04.eTopology_isBasis	Kolmogorov.eTopology_isBasis	KolmogorovMathlib/Prefix/SelfDelimitingMachines.lean	public
Kolmogorov.SUV.Ch04.prefixTopology_continuous_iff	Kolmogorov.prefixTopology_continuous_iff	KolmogorovMathlib/Prefix/SelfDelimitingMachines.lean	public
Kolmogorov.SUV.Ch04.contGraph	Kolmogorov.contGraph	KolmogorovMathlib/Prefix/SelfDelimitingMachines.lean	public
Kolmogorov.SUV.Ch04.IsCompatibleGraph	Kolmogorov.IsCompatibleGraph	KolmogorovMathlib/Prefix/SelfDelimitingMachines.lean	public
Kolmogorov.SUV.Ch04.continuous_natBotTopology_iff	Kolmogorov.continuous_natBotTopology_iff	KolmogorovMathlib/Prefix/SelfDelimitingMachines.lean	public
Kolmogorov.SUV.Ch04.isOpen_eTopology_extends	Kolmogorov.isOpen_eTopology_extends	KolmogorovMathlib/Prefix/SelfDelimitingMachines.lean	public
Kolmogorov.SUV.Ch04.isOpen_eTopology_stream	Kolmogorov.isOpen_eTopology_stream	KolmogorovMathlib/Prefix/SelfDelimitingMachines.lean	public
Kolmogorov.SUV.Ch04.F_of_A	Kolmogorov.F_of_A	KolmogorovMathlib/Prefix/SelfDelimitingMachines.lean	public
Kolmogorov.SUV.Ch04.F_of_A_inl_eq_some	Kolmogorov.F_of_A_inl_eq_some	KolmogorovMathlib/Prefix/SelfDelimitingMachines.lean	public
Kolmogorov.SUV.Ch04.F_of_A_inr_eq_some	Kolmogorov.F_of_A_inr_eq_some	KolmogorovMathlib/Prefix/SelfDelimitingMachines.lean	public
Kolmogorov.SUV.Ch04.F_of_A_eq_some	Kolmogorov.F_of_A_eq_some	KolmogorovMathlib/Prefix/SelfDelimitingMachines.lean	public
Kolmogorov.SUV.Ch04.produces_of_runOut_eq_some	Kolmogorov.runOut_sound	KolmogorovMathlib/AlgorithmicStatistics/Selector.lean	public
Kolmogorov.SUV.Ch04.solovay_plain_le_prefix_sub_prefix_prefix	Kolmogorov.solovay_plain_le_prefix_sub_prefix_prefix	KolmogorovMathlib/MonotoneComplexity/Omega/SolovayInverse.lean	public
Kolmogorov.SUV.Ch14.descriptionFamily_improves_i_of_high_condK	Kolmogorov.descriptionFamily_improves_i_of_high_condK	KolmogorovMathlib/Restricted/MinimalRestrictedDescriptions.lean	public
Kolmogorov.SUV.Ch14.descriptionFamily_improves_j_of_high_condK	Kolmogorov.descriptionFamily_improves_j_of_high_condK	KolmogorovMathlib/Restricted/MinimalRestrictedDescriptions.lean	public
Kolmogorov.SUV.Ch14.distribution_to_uniform_set_model	Kolmogorov.distribution_to_uniform_set_model	KolmogorovMathlib/AlgorithmicStatistics/DeficiencyValue.lean	public
Kolmogorov.SUV.Ch14.exists_isNonStochastic_weak	Kolmogorov.exists_isNonStochastic_weak	KolmogorovMathlib/AlgorithmicStatistics/StochasticityProfile.lean	public
Kolmogorov.SUV.Ch14.exists_not_martinLofRandom_computableMeasure	Kolmogorov.exists_not_martinLofRandom_computableMeasure	KolmogorovMathlib/AlgorithmicStatistics/DeficiencyValue.lean	public
Kolmogorov.SUV.Ch14.fraction_deficiency_gt_le	Kolmogorov.fraction_deficiency_gt_le	KolmogorovMathlib/AlgorithmicStatistics/DeficiencyValue.lean	public
Kolmogorov.SUV.Ch14.hammingGap_restricted_profile	Kolmogorov.hammingGap_restricted_profile_aux	KolmogorovMathlib/Restricted/DescriptionProfileGap.lean	private
Kolmogorov.SUV.Ch14.isNonStochastic_of_extreme_profile	Kolmogorov.isNonStochastic_of_extreme_profile	KolmogorovMathlib/AlgorithmicStatistics/StochasticityProfile.lean	public
Kolmogorov.SUV.Ch14.isNonStochastic_of_extreme_profile_general	Kolmogorov.isNonStochastic_of_extreme_profile_general	KolmogorovMathlib/AlgorithmicStatistics/StochasticityProfile.lean	public
Kolmogorov.SUV.Ch14.isStochastic_of_add_ge	Kolmogorov.isStochastic_of_add_ge	KolmogorovMathlib/AlgorithmicStatistics/DeficiencyValue.lean	public
Kolmogorov.SUV.Ch14.nonStochasticMass_bounds	Kolmogorov.nonStochasticMass_bounds	KolmogorovMathlib/AlgorithmicStatistics/DeficiencyValue.lean	public
Kolmogorov.SUV.Ch14.nonStochasticMass_bounds_weak	Kolmogorov.nonStochasticMass_bounds_weak	KolmogorovMathlib/AlgorithmicStatistics/NonStochasticMassWeak.lean	public
Kolmogorov.SUV.Ch14.stochasticityProfile_properties	Kolmogorov.stochasticityProfile_properties	KolmogorovMathlib/AlgorithmicStatistics/StochasticityProfile.lean	public
Kolmogorov.SUV.Ch14.tail_strings_mutually_simple	Kolmogorov.tail_strings_mutually_simple	KolmogorovMathlib/AlgorithmicStatistics/StochasticityProfile.lean	public
Kolmogorov.SUV.Ch01.theorem07_a	Kolmogorov.isEnumerableFamily_complexityBelow_and_card_lt_two_pow	KolmogorovMathlib/Complexity/EnumerableFamilies/CountingBounds.lean	public
Kolmogorov.SUV.Ch01.theorem07_b	Kolmogorov.plainK_lt_of_mem_of_isEnumerableFamily_of_card_lt_two_pow	KolmogorovMathlib/Complexity/EnumerableFamilies/Enumeration/BlockComputability.lean	public
Kolmogorov.SUV.Ch01.theorem08_a	Kolmogorov.isUpperSemicomputable_plainK_and_card_lt_two_pow	KolmogorovMathlib/Complexity/EnumerableFamilies/CountingBounds.lean	public
Kolmogorov.SUV.Ch01.theorem08_b	Kolmogorov.plainK_le_of_isUpperSemicomputable_of_card_lt_two_pow	KolmogorovMathlib/Complexity/EnumerableFamilies/CountingBounds.lean	public
Kolmogorov.SUV.Ch01.theorem09	Kolmogorov.plainK_within_const_of_calibrated	KolmogorovMathlib/Complexity/EnumerableFamilies/CalibratedComplexity.lean	public
Kolmogorov.SUV.Ch01.theorem09_direction1	Kolmogorov.plainK_le_of_isUpperSemicomputable_of_card_le_two_pow	KolmogorovMathlib/Complexity/EnumerableFamilies/CountingBounds.lean	public
Kolmogorov.SUV.Ch01.theorem09_direction2	Kolmogorov.le_plainK_of_two_pow_le_card_of_nonGrowth	KolmogorovMathlib/Complexity/EnumerableFamilies/CalibratedBlocks.lean	public
Kolmogorov.SUV.Ch01.theorem10_check	Kolmogorov.enumeratedLongString	KolmogorovMathlib/Complexity/EnumerableFamilies/CalibratedComplexity.lean	public
Kolmogorov.SUV.Ch01.theorem10_check_computable	Kolmogorov.enumeratedLongString_computable	KolmogorovMathlib/Complexity/BusyBeaver.lean	private
Kolmogorov.SUV.Ch01.theorem10_check_step	Kolmogorov.searchLongStringStep	KolmogorovMathlib/Complexity/BusyBeaver.lean	private
Kolmogorov.SUV.Ch01.theorem10_check_step_computable	Kolmogorov.searchLongStringStep_computable	KolmogorovMathlib/Complexity/BusyBeaver.lean	private
Kolmogorov.SUV.Ch01.theorem10_decide_len_computable	Kolmogorov.decide_two_mul_two_pow_lt_length_computable	KolmogorovMathlib/Complexity/BusyBeaver.lean	private
Kolmogorov.SUV.Ch01.theorem10_decode	Kolmogorov.searchWitnessString	KolmogorovMathlib/Complexity/BusyBeaver.lean	private
Kolmogorov.SUV.Ch01.theorem10_decode_computable	Kolmogorov.searchWitnessString_computable	KolmogorovMathlib/Complexity/BusyBeaver.lean	private
Kolmogorov.SUV.Ch01.theorem10_enumerable	Kolmogorov.isEnumerableSet_two_mul_plainK_lt_length	KolmogorovMathlib/Complexity/EnumerableFamilies/CalibratedComplexity.lean	public
Kolmogorov.SUV.Ch01.theorem10_evaln_p_arg	Kolmogorov.searchEvalnArg	KolmogorovMathlib/Complexity/BusyBeaver.lean	private
Kolmogorov.SUV.Ch01.theorem10_evaln_p_arg_primrec	Kolmogorov.searchEvalnArg_primrec	KolmogorovMathlib/Complexity/BusyBeaver.lean	private
Kolmogorov.SUV.Ch01.theorem10_g_dec_computable	Kolmogorov.searchWitnessString_find_computable	KolmogorovMathlib/Complexity/BusyBeaver.lean	private
Kolmogorov.SUV.Ch01.theorem10_g_unpair_fst_computable	Kolmogorov.searchWitnessIndex_find_computable	KolmogorovMathlib/Complexity/BusyBeaver.lean	private
Kolmogorov.SUV.Ch01.theorem10_infinite	Kolmogorov.infinite_compl_two_mul_plainK_lt_length	KolmogorovMathlib/Complexity/EnumerableFamilies/CalibratedComplexity.lean	public
Kolmogorov.SUV.Ch01.theorem10_simple	Kolmogorov.finite_of_isEnumerableSet_subset_compl_two_mul_plainK_lt_length	KolmogorovMathlib/Complexity/BusyBeaver.lean	private
Kolmogorov.SUV.Ch01.theorem10_unpair_fst	Kolmogorov.searchWitnessIndex	KolmogorovMathlib/Complexity/BusyBeaver.lean	private
Kolmogorov.SUV.Ch01.theorem10_unpair_fst_computable	Kolmogorov.searchWitnessIndex_computable	KolmogorovMathlib/Complexity/BusyBeaver.lean	private
Kolmogorov.SUV.Ch01.theorem11_g	Kolmogorov.bitStringExtension	KolmogorovMathlib/Complexity/BusyBeaver.lean	private
Kolmogorov.SUV.Ch01.theorem11_g_partrec	Kolmogorov.bitStringExtension_partrec	KolmogorovMathlib/Complexity/BusyBeaver.lean	private
Kolmogorov.SUV.Ch01.step_halt	Kolmogorov.step_halt	KolmogorovMathlib/Complexity/EnumerableFamilies/CountingBounds.lean	private
Kolmogorov.SUV.Ch01.new_items	Kolmogorov.new_items	KolmogorovMathlib/Complexity/EnumerableFamilies/CountingBounds.lean	private
Kolmogorov.SUV.Ch01.cumList	Kolmogorov.cumList	KolmogorovMathlib/Complexity/EnumerableFamilies/CountingBounds.lean	private
Kolmogorov.SUV.Ch01.thm08_idx	Kolmogorov.thm08_idx	KolmogorovMathlib/Complexity/EnumerableFamilies/CountingBounds.lean	private
Kolmogorov.SUV.Ch01.thm08_check_stage_pair	Kolmogorov.thm08_check_stage_pair	KolmogorovMathlib/Complexity/EnumerableFamilies/CountingBounds.lean	private
Kolmogorov.SUV.Ch01.check_stage	Kolmogorov.check_stage	KolmogorovMathlib/Complexity/EnumerableFamilies/CountingBounds.lean	private
Kolmogorov.SUV.Ch01.eval_D	Kolmogorov.eval_D	KolmogorovMathlib/Complexity/EnumerableFamilies/CountingBounds.lean	private
Kolmogorov.SUV.Ch01.beq_eq_decide_local	Kolmogorov.beq_eq_decide_local	KolmogorovMathlib/Complexity/EnumerableFamilies/CountingBounds.lean	private
Kolmogorov.SUV.Ch01.idxOf_eq_idxOf	Kolmogorov.idxOf_eq_idxOf	KolmogorovMathlib/Complexity/EnumerableFamilies/CountingBounds.lean	private
Kolmogorov.SUV.Ch01.idx_spec	Kolmogorov.idx_spec	KolmogorovMathlib/Complexity/EnumerableFamilies/CountingBounds.lean	private
Kolmogorov.SUV.Ch01.cumList_prefix	Kolmogorov.cumList_prefix	KolmogorovMathlib/Complexity/EnumerableFamilies/CountingBounds.lean	private
Kolmogorov.SUV.Ch01.cumList_prefix_le	Kolmogorov.cumList_prefix_le	KolmogorovMathlib/Complexity/EnumerableFamilies/CountingBounds.lean	private
Kolmogorov.SUV.Ch01.cumList_nodup	Kolmogorov.cumList_nodup	KolmogorovMathlib/Complexity/EnumerableFamilies/CountingBounds.lean	private
Kolmogorov.SUV.Ch01.cumList_mem	Kolmogorov.cumList_mem	KolmogorovMathlib/Complexity/EnumerableFamilies/CountingBounds.lean	private
Kolmogorov.SUV.Ch01.new_items_primrec	Kolmogorov.new_items_primrec	KolmogorovMathlib/Complexity/EnumerableFamilies/CountingBounds.lean	private
Kolmogorov.SUV.Ch01.nat_rec_eq_cumList	Kolmogorov.nat_rec_eq_cumList	KolmogorovMathlib/Complexity/EnumerableFamilies/CountingBounds.lean	private
Kolmogorov.SUV.Ch01.cumList_primrec	Kolmogorov.cumList_primrec	KolmogorovMathlib/Complexity/EnumerableFamilies/CountingBounds.lean	private
Kolmogorov.SUV.Ch01.cumList_computable	Kolmogorov.cumList_computable	KolmogorovMathlib/Complexity/EnumerableFamilies/CountingBounds.lean	private
Kolmogorov.SUV.Ch01.idx_computable	Kolmogorov.idx_computable	KolmogorovMathlib/Complexity/EnumerableFamilies/CountingBounds.lean	private
Kolmogorov.SUV.Ch01.check_stage_pair_computable	Kolmogorov.check_stage_pair_computable	KolmogorovMathlib/Complexity/EnumerableFamilies/CountingBounds.lean	private
Kolmogorov.SUV.Ch01.check_stage_computable	Kolmogorov.check_stage_computable	KolmogorovMathlib/Complexity/EnumerableFamilies/CountingBounds.lean	private
Kolmogorov.SUV.Ch01.eval_D_partrec	Kolmogorov.eval_D_partrec	KolmogorovMathlib/Complexity/EnumerableFamilies/CountingBounds.lean	private
Kolmogorov.SUV.Ch01.list_length_le_ncard	Kolmogorov.list_length_le_ncard	KolmogorovMathlib/Complexity/EnumerableFamilies/CountingBounds.lean	private
Kolmogorov.SUV.Ch01.firstAppearsAt	Kolmogorov.firstAppearsAt	KolmogorovMathlib/Complexity/EnumerableFamilies/Enumeration/BlockComputability.lean	private
Kolmogorov.SUV.Ch01.enumVStep	Kolmogorov.enumVStep	KolmogorovMathlib/Complexity/EnumerableFamilies/Enumeration/BlockComputability.lean	public
Kolmogorov.SUV.Ch01.enumV_step_def	Kolmogorov.enumV_step_def	KolmogorovMathlib/Complexity/EnumerableFamilies/Enumeration/BlockComputability.lean	private
Kolmogorov.SUV.Ch01.enumVList	Kolmogorov.enumVList	KolmogorovMathlib/Complexity/EnumerableFamilies/Enumeration/BlockComputability.lean	public
Kolmogorov.SUV.Ch01.enumV_list_prefix	Kolmogorov.enumV_list_prefix	KolmogorovMathlib/Complexity/EnumerableFamilies/Enumeration/BlockComputability.lean	public
Kolmogorov.SUV.Ch01.getElem?_eq_of_prefix	Kolmogorov.getElem?_eq_of_prefix	KolmogorovMathlib/Complexity/EnumerableFamilies/Enumeration.lean	private
Kolmogorov.SUV.Ch01.firstAppearsAt_spec	Kolmogorov.firstAppearsAt_spec	KolmogorovMathlib/Complexity/EnumerableFamilies/Enumeration/BlockComputability.lean	public
Kolmogorov.SUV.Ch01.enumV_step_mem	Kolmogorov.enumV_step_mem	KolmogorovMathlib/Complexity/EnumerableFamilies/Enumeration/BlockComputability.lean	public
Kolmogorov.SUV.Ch01.enumV_list_mem	Kolmogorov.enumV_list_mem	KolmogorovMathlib/Complexity/EnumerableFamilies/Enumeration/BlockComputability.lean	public
Kolmogorov.SUV.Ch01.firstAppearsAt_primrec	Kolmogorov.firstAppearsAt_primrec	KolmogorovMathlib/Complexity/EnumerableFamilies/Enumeration/BlockComputability.lean	private
Kolmogorov.SUV.Ch01.enumV_step_primrec	Kolmogorov.enumV_step_primrec	KolmogorovMathlib/Complexity/EnumerableFamilies/Enumeration/BlockComputability.lean	private
Kolmogorov.SUV.Ch01.enumV_list_primrec	Kolmogorov.enumV_list_primrec	KolmogorovMathlib/Complexity/EnumerableFamilies/Enumeration/BlockComputability.lean	public
Kolmogorov.SUV.Ch01.checkV	Kolmogorov.checkV	KolmogorovMathlib/Complexity/EnumerableFamilies/Enumeration/BlockComputability.lean	private
Kolmogorov.SUV.Ch01.decompressorV	Kolmogorov.decompressorV	KolmogorovMathlib/Complexity/EnumerableFamilies/Enumeration/BlockComputability.lean	private
Kolmogorov.SUV.Ch01.findIdx_simple_computable	Kolmogorov.findIdx_simple_computable	KolmogorovMathlib/Complexity/EnumerableFamilies/Enumeration/BlockComputability.lean	private
Kolmogorov.SUV.Ch01.enumV_list_computable	Kolmogorov.enumV_list_computable	KolmogorovMathlib/Complexity/EnumerableFamilies/Enumeration/BlockComputability.lean	private
Kolmogorov.SUV.Ch01.checkV_computable	Kolmogorov.checkV_computable	KolmogorovMathlib/Complexity/EnumerableFamilies/Enumeration/BlockComputability.lean	private
Kolmogorov.SUV.Ch01.checkV_isSome_computable	Kolmogorov.checkV_isSome_computable	KolmogorovMathlib/Complexity/EnumerableFamilies/Enumeration/BlockComputability.lean	private
Kolmogorov.SUV.Ch01.checkV_rfind_p_partrec	Kolmogorov.checkV_rfind_p_partrec	KolmogorovMathlib/Complexity/EnumerableFamilies/Enumeration/BlockComputability.lean	private
Kolmogorov.SUV.Ch01.checkV_rfind_partrec	Kolmogorov.checkV_rfind_partrec	KolmogorovMathlib/Complexity/EnumerableFamilies/Enumeration/BlockComputability.lean	private
Kolmogorov.SUV.Ch01.checkV_ofOpt_partrec	Kolmogorov.checkV_ofOpt_partrec	KolmogorovMathlib/Complexity/EnumerableFamilies/Enumeration/BlockComputability.lean	private
Kolmogorov.SUV.Ch01.decompressorV_isDecompressor	Kolmogorov.decompressorV_isDecompressor	KolmogorovMathlib/Complexity/EnumerableFamilies/Enumeration/BlockComputability.lean	private
Kolmogorov.SUV.Ch01.enumV_list_sub	Kolmogorov.enumV_list_sub	KolmogorovMathlib/Complexity/EnumerableFamilies/Enumeration/BlockComputability.lean	public
Kolmogorov.SUV.Ch01.enumV_list_evaln	Kolmogorov.enumV_list_evaln	KolmogorovMathlib/Complexity/EnumerableFamilies/Enumeration/BlockComputability.lean	private
Kolmogorov.SUV.Ch01.enumV_list_nodup	Kolmogorov.enumV_list_nodup	KolmogorovMathlib/Complexity/EnumerableFamilies/Enumeration/BlockComputability.lean	public
Kolmogorov.SUV.Ch01.findIdx_getElem_eq	Kolmogorov.findIdx_getElem_eq	KolmogorovMathlib/Complexity/EnumerableFamilies/Enumeration/BlockComputability.lean	public
Kolmogorov.SUV.Ch01.pBlock	Kolmogorov.pBlock	KolmogorovMathlib/Complexity/EnumerableFamilies/Enumeration/BlockComputability.lean	public
Kolmogorov.SUV.Ch01.qUsed	Kolmogorov.qUsed	KolmogorovMathlib/Complexity/EnumerableFamilies/Enumeration/BlockComputability.lean	public
Kolmogorov.SUV.Ch01.qBlock	Kolmogorov.qBlock	KolmogorovMathlib/Complexity/EnumerableFamilies/Enumeration/BlockComputability.lean	public
Kolmogorov.SUV.Ch01.qStage	Kolmogorov.qStage	KolmogorovMathlib/Complexity/EnumerableFamilies/Enumeration/BlockComputability.lean	public
Kolmogorov.SUV.Ch01.decompressor2Check	Kolmogorov.decompressor2Check	KolmogorovMathlib/Complexity/EnumerableFamilies/Enumeration/BlockCombinatorics.lean	public
Kolmogorov.SUV.Ch01.decompressor2	Kolmogorov.decompressor2	KolmogorovMathlib/Complexity/EnumerableFamilies/Enumeration/BlockCombinatorics.lean	public
Kolmogorov.SUV.Ch01.mem_exactLengthPrograms_self	Kolmogorov.mem_exactLengthPrograms_self	KolmogorovMathlib/Foundation/RecursivelyEnumerable.lean	private
Kolmogorov.SUV.Ch01.notMem_decide_primrec	Kolmogorov.notMem_decide_primrec	KolmogorovMathlib/Complexity/EnumerableFamilies/Enumeration/BlockCombinatorics.lean	private
Kolmogorov.SUV.Ch01.pBlock_primrec	Kolmogorov.pBlock_primrec	KolmogorovMathlib/Complexity/EnumerableFamilies/Enumeration/BlockComputability.lean	public
Kolmogorov.SUV.Ch01.qUsed_primrec	Kolmogorov.qUsed_primrec	KolmogorovMathlib/Complexity/EnumerableFamilies/Enumeration/BlockCombinatorics.lean	public
Kolmogorov.SUV.Ch01.qBlock_primrec	Kolmogorov.qBlock_primrec	KolmogorovMathlib/Complexity/EnumerableFamilies/Enumeration/BlockCombinatorics.lean	public
Kolmogorov.SUV.Ch01.qStage_primrec	Kolmogorov.qStage_primrec	KolmogorovMathlib/Complexity/EnumerableFamilies/Enumeration/BlockCombinatorics.lean	public
Kolmogorov.SUV.Ch01.decompressor2Check_computable	Kolmogorov.decompressor2Check_computable	KolmogorovMathlib/Complexity/EnumerableFamilies/Enumeration/BlockCombinatorics.lean	public
Kolmogorov.SUV.Ch01.decompressor2Check_def	Kolmogorov.decompressor2Check_def	KolmogorovMathlib/Complexity/EnumerableFamilies/Enumeration/BlockCombinatorics.lean	public
Kolmogorov.SUV.Ch01.decompressor2Check_fires	Kolmogorov.decompressor2Check_fires	KolmogorovMathlib/Complexity/EnumerableFamilies/Enumeration/BlockCombinatorics.lean	public
Kolmogorov.SUV.Ch01.decompressor2Check_spec	Kolmogorov.decompressor2Check_spec	KolmogorovMathlib/Complexity/EnumerableFamilies/Enumeration/BlockCombinatorics.lean	public
Kolmogorov.SUV.Ch01.take_eq_take_of_prefix'	Kolmogorov.take_eq_take_of_prefix'	KolmogorovMathlib/Complexity/EnumerableFamilies/Enumeration/BlockCombinatorics.lean	private
Kolmogorov.SUV.Ch01.length_filter_add'	Kolmogorov.length_filter_add'	KolmogorovMathlib/Complexity/EnumerableFamilies/Enumeration/BlockCombinatorics.lean	private
Kolmogorov.SUV.Ch01.qUsed_succ	Kolmogorov.qUsed_succ	KolmogorovMathlib/Complexity/EnumerableFamilies/Enumeration/BlockCombinatorics.lean	public
Kolmogorov.SUV.Ch01.qStage_iff	Kolmogorov.qStage_iff	KolmogorovMathlib/Complexity/EnumerableFamilies/Enumeration/BlockCombinatorics.lean	public
Kolmogorov.SUV.Ch01.qStage_le	Kolmogorov.qStage_le	KolmogorovMathlib/Complexity/EnumerableFamilies/Enumeration/BlockCombinatorics.lean	public
Kolmogorov.SUV.Ch01.enumV_list_length_mono	Kolmogorov.enumV_list_length_mono	KolmogorovMathlib/Complexity/EnumerableFamilies/Enumeration/BlockCombinatorics.lean	public
Kolmogorov.SUV.Ch01.qStage_mono	Kolmogorov.qStage_mono	KolmogorovMathlib/Complexity/EnumerableFamilies/Enumeration/BlockCombinatorics.lean	public
Kolmogorov.SUV.Ch01.pBlock_stable	Kolmogorov.pBlock_stable	KolmogorovMathlib/Complexity/EnumerableFamilies/Enumeration/BlockCombinatorics.lean	public
Kolmogorov.SUV.Ch01.qUsed_stable	Kolmogorov.qUsed_stable	KolmogorovMathlib/Complexity/EnumerableFamilies/Enumeration/BlockCombinatorics.lean	public
Kolmogorov.SUV.Ch01.qBlock_stable	Kolmogorov.qBlock_stable	KolmogorovMathlib/Complexity/EnumerableFamilies/Enumeration/BlockCombinatorics.lean	public
Kolmogorov.SUV.Ch01.qBlock_length_le	Kolmogorov.qBlock_length_le	KolmogorovMathlib/Complexity/EnumerableFamilies/Enumeration/BlockCombinatorics.lean	public
Kolmogorov.SUV.Ch01.qUsed_length_lt	Kolmogorov.qUsed_length_lt	KolmogorovMathlib/Complexity/EnumerableFamilies/Enumeration/BlockCombinatorics.lean	public
Kolmogorov.SUV.Ch01.pBlock_nodup	Kolmogorov.pBlock_nodup	KolmogorovMathlib/Complexity/EnumerableFamilies/Enumeration/BlockCombinatorics.lean	public
Kolmogorov.SUV.Ch01.qBlock_nodup	Kolmogorov.qBlock_nodup	KolmogorovMathlib/Complexity/EnumerableFamilies/Enumeration/BlockCombinatorics.lean	public
Kolmogorov.SUV.Ch01.qBlock_length	Kolmogorov.qBlock_length	KolmogorovMathlib/Complexity/EnumerableFamilies/Enumeration/BlockCombinatorics.lean	public
Kolmogorov.SUV.Ch01.qBlock_notMem_qUsed	Kolmogorov.qBlock_notMem_qUsed	KolmogorovMathlib/Complexity/EnumerableFamilies/Enumeration/BlockCombinatorics.lean	public
Kolmogorov.SUV.Ch01.qBlock_mem_pBlock	Kolmogorov.qBlock_mem_pBlock	KolmogorovMathlib/Complexity/EnumerableFamilies/Enumeration/BlockCombinatorics.lean	public
Kolmogorov.SUV.Ch01.qBlock_mem_enumV	Kolmogorov.qBlock_mem_enumV	KolmogorovMathlib/Complexity/EnumerableFamilies/Enumeration/BlockCombinatorics.lean	public
Kolmogorov.SUV.Ch01.qBlock_subset_qUsed	Kolmogorov.qBlock_subset_qUsed	KolmogorovMathlib/Complexity/EnumerableFamilies/Enumeration/BlockCombinatorics.lean	public
Kolmogorov.SUV.Ch01.qBlock_level_unique	Kolmogorov.qBlock_level_unique	KolmogorovMathlib/Complexity/EnumerableFamilies/Enumeration/BlockCombinatorics.lean	public
Kolmogorov.SUV.Ch01.decompressor2Check_isSome_computable	Kolmogorov.decompressor2Check_isSome_computable	KolmogorovMathlib/Complexity/EnumerableFamilies/Enumeration/BlockCombinatorics.lean	public
Kolmogorov.SUV.Ch01.decompressor2Check_rfind_p_partrec	Kolmogorov.decompressor2Check_rfind_p_partrec	KolmogorovMathlib/Complexity/EnumerableFamilies/Enumeration/BlockCombinatorics.lean	public
Kolmogorov.SUV.Ch01.decompressor2Check_rfind_partrec	Kolmogorov.decompressor2Check_rfind_partrec	KolmogorovMathlib/Complexity/EnumerableFamilies/CalibratedBlocks.lean	public
Kolmogorov.SUV.Ch01.decompressor2Check_ofOpt_partrec	Kolmogorov.decompressor2Check_ofOpt_partrec	KolmogorovMathlib/Complexity/EnumerableFamilies/CalibratedBlocks.lean	public
Kolmogorov.SUV.Ch01.decompressor2_partrec	Kolmogorov.decompressor2_partrec	KolmogorovMathlib/Complexity/EnumerableFamilies/CalibratedBlocks.lean	public
Kolmogorov.SUV.Ch01.IsRE.and_decidable	Kolmogorov.IsRE.and_decidable	KolmogorovMathlib/Complexity/EnumerableFamilies/CalibratedComplexity.lean	public
Kolmogorov.SUV.Ch01.evalnIsSome	Kolmogorov.evalnIsSome	KolmogorovMathlib/Complexity/EnumerableFamilies/CalibratedComplexity.lean	public
Kolmogorov.SUV.Ch01.evalnIsSome_computable	Kolmogorov.evalnIsSome_computable	KolmogorovMathlib/Complexity/EnumerableFamilies/CalibratedComplexity.lean	public
Kolmogorov.SUV.Ch01.evalnIsSomeArg	Kolmogorov.evalnIsSomeArg	KolmogorovMathlib/Complexity/BusyBeaver.lean	public
Kolmogorov.SUV.Ch01.evalnIsSomeArg_primrec	Kolmogorov.evalnIsSomeArg_primrec	KolmogorovMathlib/Complexity/BusyBeaver.lean	public
Kolmogorov.SUV.Ch01.evalnIsSome_p_computable	Kolmogorov.evalnIsSome_p_computable	KolmogorovMathlib/Complexity/BusyBeaver.lean	public
Kolmogorov.SUV.Ch01.simpleStrings_isSimple	Kolmogorov.simpleStrings_isSimple	KolmogorovMathlib/Complexity/BusyBeaver.lean	public
Kolmogorov.SUV.Ch01.busyBeaver_dominates_partrec	Kolmogorov.busyBeaver_dominates_partrec	KolmogorovMathlib/Complexity/BusyBeaver.lean	public
Kolmogorov.SUV.Ch01.busyBeaverOf_le_busyBeaver_shift	Kolmogorov.busyBeaverOf_le_busyBeaver_shift	KolmogorovMathlib/Complexity/BusyBeaver.lean	public
Kolmogorov.SUV.Ch01.haltingList_of_busyBeaver_bound	Kolmogorov.haltingList_of_busyBeaver_bound	KolmogorovMathlib/Complexity/BusyBeaver.lean	public
Kolmogorov.SUV.Ch01.haltTime	Kolmogorov.haltTimeNat	KolmogorovMathlib/Complexity/BusyBeaver.lean	public
Kolmogorov.SUV.Ch01.haltingProgramsBounded	Kolmogorov.haltingProgramsBounded	KolmogorovMathlib/Complexity/BusyBeaver.lean	public
Kolmogorov.SUV.Ch01.maxHaltTime	Kolmogorov.maxHaltTimeNat	KolmogorovMathlib/Complexity/BusyBeaver.lean	public
Kolmogorov.SUV.Ch01.objComplexityList	Kolmogorov.objComplexityList	KolmogorovMathlib/Complexity/BusyBeaver.lean	public
Kolmogorov.SUV.Ch01.objComplexityCount	Kolmogorov.objComplexityCount	KolmogorovMathlib/Complexity/BusyBeaver.lean	public
Kolmogorov.SUV.Ch01.objBusyBeaver	Kolmogorov.objBusyBeaver	KolmogorovMathlib/Complexity/BusyBeaver.lean	public
Kolmogorov.SUV.Ch01.objMaxTime	Kolmogorov.objMaxTime	KolmogorovMathlib/Complexity/BusyBeaver.lean	public
Kolmogorov.SUV.Ch01.objHaltingList	Kolmogorov.objHaltingList	KolmogorovMathlib/Complexity/BusyBeaver.lean	public
Kolmogorov.SUV.Ch01.M_Exercise06	Kolmogorov.growthDecompressor	KolmogorovMathlib/Complexity/GrowthEnumeration.lean	public
Kolmogorov.SUV.Ch01.M_Exercise06_partrec	Kolmogorov.growthDecompressor_partrec	KolmogorovMathlib/Complexity/GrowthEnumeration.lean	public
Kolmogorov.SUV.Ch01.Thm15Red.rfl'	Kolmogorov.HubReduces.rfl'	KolmogorovMathlib/Complexity/CanonicalObjects/PrimitiveReductions.lean	private
Kolmogorov.SUV.Ch01.Thm15Red.trans'	Kolmogorov.HubReduces.trans'	KolmogorovMathlib/Complexity/CanonicalObjects/HubEdges.lean	private
Kolmogorov.SUV.Ch01.Thm15Reduces.refl	Kolmogorov.CanonicalObjectReduces.refl	KolmogorovMathlib/Complexity/CanonicalObjects/HubReductions.lean	public
Kolmogorov.SUV.Ch01.Thm15Reduces.trans	Kolmogorov.CanonicalObjectReduces.trans	KolmogorovMathlib/Complexity/CanonicalObjects/HubReductions.lean	public
Kolmogorov.SUV.Ch01.exercise02_layer_empty	Kolmogorov.exists_isOptimalConditional_infinite_empty_complexityLayer	KolmogorovMathlib/Complexity/LayeredDecompressors.lean	public
Kolmogorov.SUV.Ch01.exercise03_average	Kolmogorov.sum_cVal_allStrings_within_const	KolmogorovMathlib/Complexity/LayeredDecompressors.lean	public
Kolmogorov.SUV.Ch01.exercise05_q_letters	Kolmogorov.abs_qPlainK_mul_logb_sub_cVal_le	KolmogorovMathlib/Complexity/AlphabetComplexity/AlphabetChangeBound.lean	public
Kolmogorov.SUV.Ch01.exercise06_growth	Kolmogorov.plainK_le_log_card_of_isEnumerableFamily_of_growth	KolmogorovMathlib/Complexity/GrowthEnumeration.lean	public
Kolmogorov.SUV.Ch01.exercise08_A_bind3	Kolmogorov.partrec_bind_three	KolmogorovMathlib/Complexity/DifferentDecompressors.lean	private
Kolmogorov.SUV.Ch01.exercise08_bridge	Kolmogorov.exists_partrec_busyBeaver_to_haltingList	KolmogorovMathlib/Complexity/DifferentDecompressors.lean	private
Kolmogorov.SUV.Ch01.exercise08_filter_eq	Kolmogorov.filter_evaln_isSome_eq_haltingProgramsBounded	KolmogorovMathlib/Complexity/DifferentDecompressors.lean	private
Kolmogorov.SUV.Ch01.exercise12_a_compressible	Kolmogorov.isRSeparable_compressibleStrings	KolmogorovMathlib/Foundation/RSeparability.lean	public
Kolmogorov.SUV.Ch01.exercise12_a_upperGraph	Kolmogorov.isRSeparable_upperGraph_plainK	KolmogorovMathlib/Foundation/RSeparability.lean	public
Kolmogorov.SUV.Ch01.exercise12_b_manyOne	Kolmogorov.isRSeparable_of_manyOneReducible	KolmogorovMathlib/Foundation/RSeparability.lean	public
Kolmogorov.SUV.Ch01.exercise12_c_not_rSeparable	Kolmogorov.exists_isEnumerableSet_not_isRSeparable	KolmogorovMathlib/Foundation/RSeparability.lean	public
Kolmogorov.SUV.Ch01.thm15L3_key	Kolmogorov.le_cVal_iff_le_plainK	KolmogorovMathlib/Complexity/CanonicalObjects/PrimitiveReductions.lean	private
Kolmogorov.SUV.Ch01.thm15_boundedOutputStage_eq	Kolmogorov.boundedOutputStage_eq_completedBoundedOutput	KolmogorovMathlib/Complexity/CanonicalObjects/HubReductions.lean	public
Kolmogorov.SUV.Ch01.thm15_countHalts_le	Kolmogorov.countHalts_le_length_haltingProgramsBounded	KolmogorovMathlib/Complexity/CanonicalObjects/HubReductions.lean	private
Kolmogorov.SUV.Ch01.thm15_countHalts_maxHaltingStage	Kolmogorov.countHalts_maxHaltingStage	KolmogorovMathlib/Complexity/CanonicalObjects/HubReductions.lean	public
Kolmogorov.SUV.Ch01.thm15_eq_maxHaltingStage_of_countHalts	Kolmogorov.eq_maxHaltingStage_of_countHalts_eq	KolmogorovMathlib/Complexity/CanonicalObjects/HubReductions.lean	private
Kolmogorov.SUV.Ch01.thm15_filter_haltsWithin_eq	Kolmogorov.filter_haltsWithin_eq_haltingProgramsBounded	KolmogorovMathlib/Complexity/CanonicalObjects/HubEdges.lean	private
Kolmogorov.SUV.Ch01.thm15_haltTime_le	Kolmogorov.haltTime_le_of_haltsWithin	KolmogorovMathlib/Complexity/CanonicalObjects/HubReductions.lean	public
Kolmogorov.SUV.Ch01.thm15_haltsWithin_haltTime	Kolmogorov.haltsWithin_haltTime	KolmogorovMathlib/Complexity/CanonicalObjects/HubReductions.lean	public
Kolmogorov.SUV.Ch01.thm15_haltsWithin_primrec	Kolmogorov.haltsWithin_primrec₂	KolmogorovMathlib/Complexity/CanonicalObjects/HubEdges.lean	private
Kolmogorov.SUV.Ch01.thm15_listLengthCode_computable	Kolmogorov.natBits_length_decodeListCode_computable	KolmogorovMathlib/Complexity/CanonicalObjects/HubEdges.lean	private
Kolmogorov.SUV.Ch01.thm15_maxHaltTime_eq_maxHaltingStage	Kolmogorov.maxHaltTime_eq_maxHaltingStage	KolmogorovMathlib/Complexity/CanonicalObjects/HubEdges.lean	private
Kolmogorov.SUV.Ch01.thm15_maxHaltingStage_le_of_countHalts	Kolmogorov.maxHaltingStage_le_of_countHalts_eq	KolmogorovMathlib/Complexity/CanonicalObjects/HubReductions.lean	public
Kolmogorov.SUV.Ch01.thm15_mem_haltingProgramsBounded_iff	Kolmogorov.mem_haltingProgramsBounded_iff	KolmogorovMathlib/Complexity/CanonicalObjects/HubEdges.lean	private
Kolmogorov.SUV.Ch01.thm15_red_1_all	Kolmogorov.hubReduces_complexityCount_le_eight	KolmogorovMathlib/Complexity/CanonicalObjects/PrimitiveReductions.lean	private
Kolmogorov.SUV.Ch01.thm15_red_toMaxTime	Kolmogorov.hubReduces_maxTime	KolmogorovMathlib/Complexity/CanonicalObjects/HubEdges.lean	private
Kolmogorov.SUV.Ch01.thm15_reduces_busyBeaver_haltingList	Kolmogorov.canonicalReduces_busyBeaver_haltingList	KolmogorovMathlib/Complexity/CanonicalObjects/HubEquivalence.lean	private
Kolmogorov.SUV.Ch01.thm15_reduces_complexityCount_haltingList	Kolmogorov.canonicalReduces_complexityCount_haltingList	KolmogorovMathlib/Complexity/CanonicalObjects/HubEquivalence.lean	private
Kolmogorov.SUV.Ch01.thm15_reduces_complexityGraph_haltingList	Kolmogorov.canonicalReduces_complexityGraph_haltingList	KolmogorovMathlib/Complexity/CanonicalObjects/HubEquivalence.lean	private
Kolmogorov.SUV.Ch01.thm15_reduces_complexityList_complexityCount	Kolmogorov.canonicalReduces_complexityList_complexityCount	KolmogorovMathlib/Complexity/CanonicalObjects/HubReductions.lean	private
Kolmogorov.SUV.Ch01.thm15_reduces_complexityList_haltingList	Kolmogorov.canonicalReduces_complexityList_haltingList	KolmogorovMathlib/Complexity/CanonicalObjects/HubEquivalence.lean	private
Kolmogorov.SUV.Ch01.thm15_reduces_firstIncompressible_haltingList	Kolmogorov.canonicalReduces_firstIncompressible_haltingList	KolmogorovMathlib/Complexity/CanonicalObjects/HubEquivalence.lean	private
Kolmogorov.SUV.Ch01.thm15_reduces_haltingCount_haltingList	Kolmogorov.canonicalReduces_haltingCount_haltingList	KolmogorovMathlib/Complexity/CanonicalObjects/HubEquivalence.lean	private
Kolmogorov.SUV.Ch01.thm15_reduces_haltingList_busyBeaver	Kolmogorov.canonicalReduces_haltingList_busyBeaver	KolmogorovMathlib/Complexity/CanonicalObjects/HubEquivalence.lean	private
Kolmogorov.SUV.Ch01.thm15_reduces_haltingList_complexityCount	Kolmogorov.canonicalReduces_haltingList_complexityCount	KolmogorovMathlib/Complexity/CanonicalObjects/HubEquivalence.lean	private
Kolmogorov.SUV.Ch01.thm15_reduces_haltingList_complexityGraph	Kolmogorov.canonicalReduces_haltingList_complexityGraph	KolmogorovMathlib/Complexity/CanonicalObjects/HubEquivalence.lean	private
Kolmogorov.SUV.Ch01.thm15_reduces_haltingList_complexityList	Kolmogorov.canonicalReduces_haltingList_complexityList	KolmogorovMathlib/Complexity/CanonicalObjects/HubEquivalence.lean	private
Kolmogorov.SUV.Ch01.thm15_reduces_haltingList_firstIncompressible	Kolmogorov.canonicalReduces_haltingList_firstIncompressible	KolmogorovMathlib/Complexity/CanonicalObjects/HubEquivalence.lean	private
Kolmogorov.SUV.Ch01.thm15_reduces_haltingList_haltingCount	Kolmogorov.canonicalReduces_haltingList_haltingCount	KolmogorovMathlib/Complexity/CanonicalObjects/HubReductions.lean	private
Kolmogorov.SUV.Ch01.thm15_reduces_haltingList_maxTime	Kolmogorov.canonicalReduces_haltingList_maxTime	KolmogorovMathlib/Complexity/CanonicalObjects/HubEquivalence.lean	private
Kolmogorov.SUV.Ch01.thm15_reduces_haltingList_slowestProgram	Kolmogorov.canonicalReduces_haltingList_slowestProgram	KolmogorovMathlib/Complexity/CanonicalObjects/HubEquivalence.lean	private
Kolmogorov.SUV.Ch01.thm15_reduces_maxTime_haltingList	Kolmogorov.canonicalReduces_maxTime_haltingList	KolmogorovMathlib/Complexity/CanonicalObjects/HubEquivalence.lean	private
Kolmogorov.SUV.Ch01.thm15_reduces_slowestProgram_haltingList	Kolmogorov.canonicalReduces_slowestProgram_haltingList	KolmogorovMathlib/Complexity/CanonicalObjects/HubEquivalence.lean	private
Kolmogorov.SUV.Ch01.thm15e_F	Kolmogorov.firstUnenumeratedCompressor	KolmogorovMathlib/Complexity/CanonicalObjects/PrimitiveReductions.lean	private
Kolmogorov.SUV.Ch01.thm15e_F_eval	Kolmogorov.firstUnenumeratedCompressor_eval	KolmogorovMathlib/Complexity/CanonicalObjects/PrimitiveReductions.lean	private
Kolmogorov.SUV.Ch01.thm15e_F_partrec	Kolmogorov.firstUnenumeratedCompressor_partrec	KolmogorovMathlib/Complexity/CanonicalObjects/PrimitiveReductions.lean	private
Kolmogorov.SUV.Ch01.thm15e_before	Kolmogorov.beforeFirstOccurrence	KolmogorovMathlib/Complexity/CanonicalObjects/PrimitiveReductions.lean	private
Kolmogorov.SUV.Ch01.thm15e_key	Kolmogorov.maxHaltingStage_le_of_allEarlierEnumerated	KolmogorovMathlib/Complexity/CanonicalObjects/PrimitiveReductions.lean	private
Kolmogorov.SUV.Ch01.thm15e_memBool	Kolmogorov.bitStringMemBool	KolmogorovMathlib/Complexity/CanonicalObjects/PrimitiveReductions.lean	private
Kolmogorov.SUV.Ch01.thm15e_pred	Kolmogorov.allEarlierEnumerated	KolmogorovMathlib/Complexity/CanonicalObjects/PrimitiveReductions.lean	private
Kolmogorov.SUV.Ch01.Thm15Red	Kolmogorov.HubReduces	KolmogorovMathlib/Complexity/CanonicalObjects/HubEdges.lean	private
Kolmogorov.SUV.Ch01.Thm15Reduces	Kolmogorov.CanonicalObjectReduces	KolmogorovMathlib/Complexity/CanonicalObjects/HubReductions.lean	public
Kolmogorov.SUV.Ch01.thm15_foldr_max_le	Kolmogorov.foldr_max_le_of_forall_mem	KolmogorovMathlib/Complexity/CanonicalObjects/HubEdges.lean	private
Kolmogorov.SUV.Ch01.thm15_le_foldr_max	Kolmogorov.le_foldr_max_of_mem	KolmogorovMathlib/Foundation/ListUtil.lean	private
Kolmogorov.SUV.Ch01.D_q	Kolmogorov.D_q	KolmogorovMathlib/Complexity/AlphabetComplexity/QAryDecompressors.lean	public
Kolmogorov.SUV.Ch01.pairToFin4_primrec	Kolmogorov.pairToFin4_primrec	KolmogorovMathlib/Complexity/AlphabetComplexity/QAryDecompressors.lean	public
Kolmogorov.SUV.Ch01.fin4ToBits_primrec	Kolmogorov.fin4ToBits_primrec	KolmogorovMathlib/Complexity/AlphabetComplexity/QAryDecompressors.lean	public
Kolmogorov.SUV.Ch01.bitsToFin4FoldStep_primrec	Kolmogorov.bitsToFin4FoldStep_primrec	KolmogorovMathlib/Complexity/AlphabetComplexity/QAryDecompressors.lean	public
Kolmogorov.SUV.Ch01.bitsToFin4List_primrec	Kolmogorov.bitsToFin4List_primrec	KolmogorovMathlib/Complexity/AlphabetComplexity/QAryDecompressors.lean	public
Kolmogorov.SUV.Ch01.fin4ListToBits_primrec	Kolmogorov.fin4ListToBits_primrec	KolmogorovMathlib/Complexity/AlphabetComplexity/QAryDecompressors.lean	public
Kolmogorov.SUV.Ch01.D_bin_partrec	Kolmogorov.D_bin_partrec	KolmogorovMathlib/Complexity/AlphabetComplexity/QAryDecompressors.lean	public
Kolmogorov.SUV.Ch01.dropLast_primrec	Kolmogorov.dropLast_primrec	KolmogorovMathlib/Complexity/AlphabetComplexity/QAryDecompressors.lean	public
Kolmogorov.SUV.Ch01.D_q_partrec	Kolmogorov.D_q_partrec	KolmogorovMathlib/Complexity/AlphabetComplexity/QAryDecompressors.lean	public
Kolmogorov.SUV.Ch01.enat_sInf_mem	Kolmogorov.enat_sInf_mem	KolmogorovMathlib/Complexity/AlphabetComplexity/QAryDecompressors.lean	public
Kolmogorov.SUV.Ch01.plainK_fourLetterAlphabet_eq_half	Kolmogorov.plainK_fourLetterAlphabet_eq_half	KolmogorovMathlib/Complexity/AlphabetComplexity/QAryDecompressors.lean	public
Kolmogorov.SUV.Ch01.geomQ	Kolmogorov.geomQ	KolmogorovMathlib/Complexity/AlphabetComplexity/AlphabetChangeBound.lean	private
Kolmogorov.SUV.Ch01.geom_formulaQ	Kolmogorov.geom_formulaQ	KolmogorovMathlib/Complexity/AlphabetComplexity/AlphabetChangeBound.lean	private
Kolmogorov.SUV.Ch01.qValQ	Kolmogorov.qValQ	KolmogorovMathlib/Complexity/AlphabetComplexity/AlphabetChangeBound.lean	private
Kolmogorov.SUV.Ch01.qVal_ltQ	Kolmogorov.qVal_ltQ	KolmogorovMathlib/Complexity/AlphabetComplexity/AlphabetChangeBound.lean	private
Kolmogorov.SUV.Ch01.qToNatQ	Kolmogorov.qToNatQ	KolmogorovMathlib/Complexity/AlphabetComplexity/AlphabetChangeBound.lean	private
Kolmogorov.SUV.Ch01.qToNat_boundQ	Kolmogorov.qToNat_boundQ	KolmogorovMathlib/Complexity/AlphabetComplexity/AlphabetChangeBound.lean	private
Kolmogorov.SUV.Ch01.decodeBitsQ	Kolmogorov.decodeBitsQ	KolmogorovMathlib/Complexity/AlphabetComplexity/AlphabetChangeBound.lean	private
Kolmogorov.SUV.Ch01.decodeBitsQ_lt_pow	Kolmogorov.decodeBitsQ_lt_pow	KolmogorovMathlib/Complexity/AlphabetComplexity/AlphabetChangeBound.lean	private
Kolmogorov.SUV.Ch01.binToNatQ	Kolmogorov.binToNatQ	KolmogorovMathlib/Complexity/AlphabetComplexity/AlphabetChangeBound.lean	private
Kolmogorov.SUV.Ch01.encodeBitsQ	Kolmogorov.encodeBitsQ	KolmogorovMathlib/Complexity/AlphabetComplexity/AlphabetChangeBound.lean	private
Kolmogorov.SUV.Ch01.encodeBitsQ_length	Kolmogorov.encodeBitsQ_length	KolmogorovMathlib/Complexity/AlphabetComplexity/AlphabetChangeBound.lean	private
Kolmogorov.SUV.Ch01.natToBinQ	Kolmogorov.natToBinQ	KolmogorovMathlib/Complexity/AlphabetComplexity/AlphabetChangeBound.lean	private
Kolmogorov.SUV.Ch01.natToBinQ_length	Kolmogorov.natToBinQ_length	KolmogorovMathlib/Complexity/AlphabetComplexity/AlphabetChangeBound.lean	private
Kolmogorov.SUV.Ch01.decodeBitsQ_encodeBitsQ	Kolmogorov.decodeBitsQ_encodeBitsQ	KolmogorovMathlib/Complexity/AlphabetComplexity/AlphabetChangeBound.lean	private
Kolmogorov.SUV.Ch01.binToNatQ_natToBinQ	Kolmogorov.binToNatQ_natToBinQ	KolmogorovMathlib/Complexity/AlphabetComplexity/AlphabetChangeBound.lean	private
Kolmogorov.SUV.Ch01.encodeBitsQ_decodeBitsQ	Kolmogorov.encodeBitsQ_decodeBitsQ	KolmogorovMathlib/Complexity/AlphabetComplexity/AlphabetChangeBound.lean	private
Kolmogorov.SUV.Ch01.natToBinQ_binToNatQ	Kolmogorov.natToBinQ_binToNatQ	KolmogorovMathlib/Complexity/AlphabetComplexity/AlphabetChangeBound.lean	private
Kolmogorov.SUV.Ch01.natToQDigitsQ	Kolmogorov.natToQDigitsQ	KolmogorovMathlib/Complexity/AlphabetComplexity/AlphabetChangeBound.lean	private
Kolmogorov.SUV.Ch01.natToQDigitsQ_length	Kolmogorov.natToQDigitsQ_length	KolmogorovMathlib/Complexity/AlphabetComplexity/AlphabetChangeBound.lean	private
Kolmogorov.SUV.Ch01.natToQQ	Kolmogorov.natToQQ	KolmogorovMathlib/Complexity/AlphabetComplexity/AlphabetChangeBound.lean	private
Kolmogorov.SUV.Ch01.natToQQ_length	Kolmogorov.natToQQ_length	KolmogorovMathlib/Complexity/AlphabetComplexity/AlphabetChangeBound.lean	private
Kolmogorov.SUV.Ch01.qValQ_natToQDigitsQ	Kolmogorov.qValQ_natToQDigitsQ	KolmogorovMathlib/Complexity/AlphabetComplexity/AlphabetChangeBound.lean	private
Kolmogorov.SUV.Ch01.natToQDigitsQ_qValQ	Kolmogorov.natToQDigitsQ_qValQ	KolmogorovMathlib/Complexity/AlphabetComplexity/AlphabetChangeBound.lean	private
Kolmogorov.SUV.Ch01.qToNatQ_natToQQ	Kolmogorov.qToNatQ_natToQQ	KolmogorovMathlib/Complexity/AlphabetComplexity/AlphabetChangeBound.lean	private
Kolmogorov.SUV.Ch01.natToQQ_qToNatQ	Kolmogorov.natToQQ_qToNatQ	KolmogorovMathlib/Complexity/AlphabetComplexity/AlphabetChangeBound.lean	private
Kolmogorov.SUV.Ch01.mapToQQ	Kolmogorov.mapToQQ	KolmogorovMathlib/Complexity/AlphabetComplexity/AlphabetChangeBound.lean	private
Kolmogorov.SUV.Ch01.mapToBinQ	Kolmogorov.mapToBinQ	KolmogorovMathlib/Complexity/AlphabetComplexity/AlphabetChangeBound.lean	private
Kolmogorov.SUV.Ch01.primrec_nat_powQ	Kolmogorov.primrec_nat_powQ	KolmogorovMathlib/Complexity/AlphabetComplexity/AlphabetChangeBound.lean	private
Kolmogorov.SUV.Ch01.natLogRecQ	Kolmogorov.natLogRecQ	KolmogorovMathlib/Complexity/AlphabetComplexity/AlphabetChangeBound.lean	private
Kolmogorov.SUV.Ch01.natLogRec_eq_logQ	Kolmogorov.natLogRec_eq_logQ	KolmogorovMathlib/Complexity/AlphabetComplexity/AlphabetChangeBound.lean	private
Kolmogorov.SUV.Ch01.primrec_natLogRecQ	Kolmogorov.primrec_natLogRecQ	KolmogorovMathlib/Complexity/AlphabetComplexity/AlphabetChangeBound.lean	private
Kolmogorov.SUV.Ch01.computable_nat_logQ	Kolmogorov.computable_nat_logQ	KolmogorovMathlib/Complexity/AlphabetComplexity/AlphabetChangeBound.lean	private
Kolmogorov.SUV.Ch01.primrecDecodeBitsQ	Kolmogorov.primrecDecodeBitsQ	KolmogorovMathlib/Complexity/AlphabetComplexity/AlphabetChangeBound.lean	private
Kolmogorov.SUV.Ch01.primrec_geomQ	Kolmogorov.primrec_geomQ	KolmogorovMathlib/Complexity/AlphabetComplexity/AlphabetChangeBound.lean	private
Kolmogorov.SUV.Ch01.primrec_qValQ	Kolmogorov.primrec_qValQ	KolmogorovMathlib/Complexity/AlphabetComplexity/AlphabetChangeBound.lean	private
Kolmogorov.SUV.Ch01.primrec_qToNatQ	Kolmogorov.primrec_qToNatQ	KolmogorovMathlib/Complexity/AlphabetComplexity/AlphabetChangeBound.lean	private
Kolmogorov.SUV.Ch01.primrec_binToNatQ	Kolmogorov.primrec_binToNatQ	KolmogorovMathlib/Complexity/AlphabetComplexity/AlphabetChangeBound.lean	private
Kolmogorov.SUV.Ch01.encodeBitsQ_eq_range_map	Kolmogorov.encodeBitsQ_eq_range_map	KolmogorovMathlib/Complexity/AlphabetComplexity/AlphabetChangeBound.lean	private
Kolmogorov.SUV.Ch01.primrec_encodeBitsQ	Kolmogorov.primrec_encodeBitsQ	KolmogorovMathlib/Complexity/AlphabetComplexity/AlphabetChangeBound.lean	private
Kolmogorov.SUV.Ch01.computable_natToBinQ	Kolmogorov.computable_natToBinQ	KolmogorovMathlib/Complexity/AlphabetComplexity/AlphabetChangeBound.lean	private
Kolmogorov.SUV.Ch01.mapToQ_partrecQ	Kolmogorov.mapToQ_partrecQ	KolmogorovMathlib/Complexity/AlphabetComplexity/AlphabetChangeBound.lean	private
Kolmogorov.SUV.Ch01.natToQDigitsQ_eq_range_map	Kolmogorov.natToQDigitsQ_eq_range_map	KolmogorovMathlib/Complexity/AlphabetComplexity/AlphabetChangeBound.lean	private
Kolmogorov.SUV.Ch01.primrec_natToQDigitsQ	Kolmogorov.primrec_natToQDigitsQ	KolmogorovMathlib/Complexity/AlphabetComplexity/AlphabetChangeBound.lean	private
Kolmogorov.SUV.Ch01.computable_natToQQ	Kolmogorov.computable_natToQQ	KolmogorovMathlib/Complexity/AlphabetComplexity/AlphabetChangeBound.lean	private
Kolmogorov.SUV.Ch01.mapToBin_partrecQ	Kolmogorov.mapToBin_partrecQ	KolmogorovMathlib/Complexity/AlphabetComplexity/AlphabetChangeBound.lean	private
Kolmogorov.SUV.Ch01.real_logb2_powQ	Kolmogorov.real_logb2_powQ	KolmogorovMathlib/Complexity/AlphabetComplexity/AlphabetChangeBound.lean	private
Kolmogorov.SUV.Ch01.natLog2_le_real_logb2_powQ	Kolmogorov.natLog2_le_real_logb2_powQ	KolmogorovMathlib/Complexity/AlphabetComplexity/AlphabetChangeBound.lean	private
Kolmogorov.SUV.Ch01.q_pow_natLog_mul_real_logb2Q	Kolmogorov.q_pow_natLog_mul_real_logb2Q	KolmogorovMathlib/Complexity/AlphabetComplexity/AlphabetChangeBound.lean	private
Kolmogorov.SUV.Ch01.arslanov_solvesHighComplexity_iff_halting	Kolmogorov.arslanov_solvesHighComplexity_iff_halting	KolmogorovMathlib/Foundation/Arslanov.lean	public
Kolmogorov.SUV.Ch01.lipAddDecompressor	Kolmogorov.lipAddDecompressor	KolmogorovMathlib/Complexity/CanonicalObjects/Counting.lean	private
Kolmogorov.SUV.Ch01.lipAddDecompressor_isDecompressor	Kolmogorov.lipAddDecompressor_isDecompressor	KolmogorovMathlib/Complexity/CanonicalObjects/Counting.lean	private
Kolmogorov.SUV.Ch01.takeWhile_id_replicate_true_false_append	Kolmogorov.takeWhile_id_replicate_true_false_append	KolmogorovMathlib/Complexity/CanonicalObjects/Counting.lean	private
Kolmogorov.SUV.Ch01.drop_replicate_true_false_append	Kolmogorov.drop_replicate_true_false_append	KolmogorovMathlib/Complexity/CanonicalObjects/Counting.lean	private
Kolmogorov.SUV.Ch01.lipSubDecompressor	Kolmogorov.lipSubDecompressor	KolmogorovMathlib/Complexity/CanonicalObjects/Counting.lean	private
Kolmogorov.SUV.Ch01.lipSubDecompressor_isDecompressor	Kolmogorov.lipSubDecompressor_isDecompressor	KolmogorovMathlib/Complexity/CanonicalObjects/Counting.lean	private
Kolmogorov.SUV.Ch01.plainK_dist_le	Kolmogorov.plainK_dist_le	KolmogorovMathlib/Complexity/CanonicalObjects/Counting.lean	public
Kolmogorov.SUV.Ch01.natBits_length_le_log2	Kolmogorov.natBits_length_le_log2	KolmogorovMathlib/Complexity/CanonicalObjects/Counting.lean	private
Kolmogorov.SUV.Ch01.logAddDecompressor	Kolmogorov.logAddDecompressor	KolmogorovMathlib/Complexity/CanonicalObjects/Counting.lean	private
Kolmogorov.SUV.Ch01.logAddDecompressor_isDecompressor	Kolmogorov.logAddDecompressor_isDecompressor	KolmogorovMathlib/Complexity/CanonicalObjects/Counting.lean	private
Kolmogorov.SUV.Ch01.logSubDecompressor	Kolmogorov.logSubDecompressor	KolmogorovMathlib/Complexity/CanonicalObjects/Counting.lean	private
Kolmogorov.SUV.Ch01.logSubDecompressor_isDecompressor	Kolmogorov.logSubDecompressor_isDecompressor	KolmogorovMathlib/Complexity/CanonicalObjects/Counting.lean	private
Kolmogorov.SUV.Ch01.takeWhile_id_pairCode	Kolmogorov.takeWhile_id_pairCode	KolmogorovMathlib/Complexity/CanonicalObjects/Counting.lean	private
Kolmogorov.SUV.Ch01.drop_takeWhile_id_add_one_pairCode	Kolmogorov.drop_takeWhile_id_add_one_pairCode	KolmogorovMathlib/Complexity/CanonicalObjects/Counting.lean	private
Kolmogorov.SUV.Ch01.plainK_sub_plainK_le_two_log	Kolmogorov.plainK_sub_plainK_le_two_log	KolmogorovMathlib/Complexity/CanonicalObjects/Counting.lean	public
Kolmogorov.SUV.Ch01.plainK_lt_imp_exists_program	Kolmogorov.plainK_lt_imp_exists_program	KolmogorovMathlib/Complexity/CanonicalObjects/Counting.lean	private
Kolmogorov.SUV.Ch01.card_plainK_lt_mem_Icc	Kolmogorov.card_plainK_lt_mem_Icc	KolmogorovMathlib/Complexity/CanonicalObjects/Counting.lean	public
Kolmogorov.SUV.Ch01.plainK_eq_imp_exists_exact_program	Kolmogorov.plainK_eq_imp_exists_exact_program	KolmogorovMathlib/Complexity/CanonicalObjects/Counting.lean	private
Kolmogorov.SUV.Ch01.mem_exactLengthPrograms_iff	Kolmogorov.mem_exactLengthPrograms_iff	KolmogorovMathlib/Complexity/CanonicalObjects/Counting.lean	private
Kolmogorov.SUV.Ch01.card_plainK_eq_le_pow	Kolmogorov.card_plainK_eq_le_pow	KolmogorovMathlib/Complexity/CanonicalObjects/Counting.lean	public
Kolmogorov.SUV.Ch01.halts_maxStage_iff	Kolmogorov.halts_maxStage_iff	KolmogorovMathlib/Complexity/CanonicalObjects/HubEdges.lean	private
Kolmogorov.SUV.Ch01.rfind_countHalts	Kolmogorov.rfind_countHalts	KolmogorovMathlib/Complexity/CanonicalObjects/HubEdges.lean	private
Kolmogorov.SUV.Ch01.haltingCount_reduces_maxTime	Kolmogorov.haltingCount_reduces_maxTime	KolmogorovMathlib/Complexity/CanonicalObjects/HubEdges.lean	private
Kolmogorov.SUV.Ch01.haltingList_reduces_maxTime	Kolmogorov.haltingList_reduces_maxTime	KolmogorovMathlib/Complexity/CanonicalObjects/HubEdges.lean	private
Kolmogorov.SUV.Ch01.maxTime_reduces_haltingList	Kolmogorov.maxTime_reduces_haltingList	KolmogorovMathlib/Complexity/CanonicalObjects/HubEdges.lean	private
Kolmogorov.SUV.Ch01.mem_maxCanonList	Kolmogorov.mem_maxCanonList	KolmogorovMathlib/Complexity/CanonicalObjects/HubEdges.lean	private
Kolmogorov.SUV.Ch01.maxCanon	Kolmogorov.maxCanon	KolmogorovMathlib/Complexity/CanonicalObjects/HubEdges.lean	private
Kolmogorov.SUV.Ch01.maxCanon_primrec	Kolmogorov.maxCanon_primrec	KolmogorovMathlib/Complexity/CanonicalObjects/HubEdges.lean	private
Kolmogorov.SUV.Ch01.maxCanon_completed	Kolmogorov.maxCanon_completed	KolmogorovMathlib/Complexity/CanonicalObjects/HubEdges.lean	private
Kolmogorov.SUV.Ch01.maxTime_reduces_busyBeaver	Kolmogorov.maxTime_reduces_busyBeaver	KolmogorovMathlib/Complexity/CanonicalObjects/HubEdges.lean	private
Kolmogorov.SUV.Ch01.rfind_map_eq	Kolmogorov.rfind_map_eq	KolmogorovMathlib/Complexity/CanonicalObjects/HubEdges.lean	private
Kolmogorov.SUV.Ch01.stage_eq_of_length	Kolmogorov.stage_eq_of_length	KolmogorovMathlib/Complexity/CanonicalObjects/HubEdges.lean	private
Kolmogorov.SUV.Ch01.complexityCount_reduces_busyBeaver	Kolmogorov.complexityCount_reduces_busyBeaver	KolmogorovMathlib/Complexity/CanonicalObjects/HubEdges.lean	private
Kolmogorov.SUV.Ch01.decode_objComplexityList	Kolmogorov.decode_objComplexityList	KolmogorovMathlib/Complexity/CanonicalObjects/HubEdges.lean	private
Kolmogorov.SUV.Ch01.complexityList_reduces_busyBeaver	Kolmogorov.complexityList_reduces_busyBeaver	KolmogorovMathlib/Complexity/CanonicalObjects/HubEdges.lean	private
Kolmogorov.SUV.Ch01.foldr_min_le	Kolmogorov.foldr_min_le	KolmogorovMathlib/Complexity/CanonicalObjects/HubEdges.lean	private
Kolmogorov.SUV.Ch01.le_foldr_min	Kolmogorov.le_foldr_min	KolmogorovMathlib/Complexity/CanonicalObjects/HubEdges.lean	private
Kolmogorov.SUV.Ch01.cValUpTo	Kolmogorov.cValUpTo	KolmogorovMathlib/Complexity/CanonicalObjects/HubEdges.lean	private
Kolmogorov.SUV.Ch01.runOut_primrec	Kolmogorov.runOut_primrec	KolmogorovMathlib/Complexity/CanonicalObjects/HubEdges.lean	private
Kolmogorov.SUV.Ch01.cValUpTo_primrec	Kolmogorov.cValUpTo_primrec	KolmogorovMathlib/Complexity/CanonicalObjects/HubEdges.lean	private
Kolmogorov.SUV.Ch01.cValUpTo_eq	Kolmogorov.cValUpTo_eq	KolmogorovMathlib/Complexity/CanonicalObjects/HubEdges.lean	private
Kolmogorov.SUV.Ch01.pairMap_primrec	Kolmogorov.pairMap_primrec	KolmogorovMathlib/Complexity/CanonicalObjects/HubEdges.lean	private
Kolmogorov.SUV.Ch01.maxTime_reduces_complexityList	Kolmogorov.maxTime_reduces_complexityList	KolmogorovMathlib/Complexity/CanonicalObjects/HubEdges.lean	private
Kolmogorov.SUV.Ch01.maxTime_reduces_complexityGraph	Kolmogorov.maxTime_reduces_complexityGraph	KolmogorovMathlib/Complexity/CanonicalObjects/HubEdges.lean	private
Kolmogorov.SUV.Ch01.find?_congr	Kolmogorov.find?_congr	KolmogorovMathlib/Complexity/CanonicalObjects/HubEdges.lean	private
Kolmogorov.SUV.Ch01.complexityGraph_reduces_firstIncompressible	Kolmogorov.complexityGraph_reduces_firstIncompressible	KolmogorovMathlib/Complexity/CanonicalObjects/HubEdges.lean	private
Kolmogorov.SUV.Ch01.rfind_haltTime	Kolmogorov.rfind_haltTime	KolmogorovMathlib/Complexity/CanonicalObjects/HubEdges.lean	private
Kolmogorov.SUV.Ch01.haltStage_partrec	Kolmogorov.haltStage_partrec	KolmogorovMathlib/Complexity/CanonicalObjects/HubEdges.lean	private
Kolmogorov.SUV.Ch01.busyBeaver_reduces_haltingList	Kolmogorov.busyBeaver_reduces_haltingList	KolmogorovMathlib/Complexity/CanonicalObjects/HubEdges.lean	private
Kolmogorov.SUV.Ch01.haltTime_argmax	Kolmogorov.haltTime_argmax	KolmogorovMathlib/Complexity/CanonicalObjects/HubEdges.lean	private
Kolmogorov.SUV.Ch01.maxHaltTime_eq_zero	Kolmogorov.maxHaltTime_eq_zero	KolmogorovMathlib/Complexity/CanonicalObjects/HubEdges.lean	private
Kolmogorov.SUV.Ch01.rfind_guard_const	Kolmogorov.rfind_guard_const	KolmogorovMathlib/Complexity/CanonicalObjects/HubEdges.lean	private
Kolmogorov.SUV.Ch01.rfind_guard_false	Kolmogorov.rfind_guard_false	KolmogorovMathlib/Complexity/CanonicalObjects/HubEdges.lean	private
Kolmogorov.SUV.Ch01.partrec_guardedRfind	Kolmogorov.partrec_guardedRfind	KolmogorovMathlib/Complexity/CanonicalObjects/HubEdges.lean	private
Kolmogorov.SUV.Ch01.argmax_of_ne_nil	Kolmogorov.argmax_of_ne_nil	KolmogorovMathlib/Complexity/CanonicalObjects/HubEdges.lean	private
Kolmogorov.SUV.Ch01.slowestProgram_reduces_maxTime	Kolmogorov.slowestProgram_reduces_maxTime	KolmogorovMathlib/Complexity/CanonicalObjects/HubEdges.lean	private
Kolmogorov.SUV.Ch01.haltTimeLe	Kolmogorov.haltTimeLe	KolmogorovMathlib/Complexity/CanonicalObjects/PrimitiveReductions.lean	private
Kolmogorov.SUV.Ch01.countP_range_ge	Kolmogorov.countP_range_ge	KolmogorovMathlib/Complexity/CanonicalObjects/PrimitiveReductions.lean	private
Kolmogorov.SUV.Ch01.haltTimeLe_eq	Kolmogorov.haltTimeLe_eq	KolmogorovMathlib/Complexity/CanonicalObjects/PrimitiveReductions.lean	private
Kolmogorov.SUV.Ch01.haltTimeLe_primrec	Kolmogorov.haltTimeLe_primrec	KolmogorovMathlib/Complexity/CanonicalObjects/PrimitiveReductions.lean	private
Kolmogorov.SUV.Ch01.argAuxNat	Kolmogorov.argAuxNat	KolmogorovMathlib/Complexity/CanonicalObjects/PrimitiveReductions.lean	private
Kolmogorov.SUV.Ch01.argmaxNat	Kolmogorov.argmaxNat	KolmogorovMathlib/Complexity/CanonicalObjects/PrimitiveReductions.lean	private
Kolmogorov.SUV.Ch01.argmaxNat_eq	Kolmogorov.argmaxNat_eq	KolmogorovMathlib/Complexity/CanonicalObjects/PrimitiveReductions.lean	private
Kolmogorov.SUV.Ch01.argAuxNat_congr	Kolmogorov.argAuxNat_congr	KolmogorovMathlib/Complexity/CanonicalObjects/PrimitiveReductions.lean	private
Kolmogorov.SUV.Ch01.argAuxNat_mem	Kolmogorov.argAuxNat_mem	KolmogorovMathlib/Complexity/CanonicalObjects/PrimitiveReductions.lean	private
Kolmogorov.SUV.Ch01.foldl_argAuxNat_congr	Kolmogorov.foldl_argAuxNat_congr	KolmogorovMathlib/Complexity/CanonicalObjects/PrimitiveReductions.lean	private
Kolmogorov.SUV.Ch01.argmax_congr	Kolmogorov.argmax_congr	KolmogorovMathlib/Complexity/CanonicalObjects/PrimitiveReductions.lean	private
Kolmogorov.SUV.Ch01.maxTime_reduces_slowestProgram	Kolmogorov.maxTime_reduces_slowestProgram	KolmogorovMathlib/Complexity/CanonicalObjects/PrimitiveReductions.lean	private
Kolmogorov.SUV.Ch01.two_bits_lt	Kolmogorov.two_bits_lt	KolmogorovMathlib/Complexity/CanonicalObjects/PrimitiveReductions.lean	private
Kolmogorov.SUV.Ch01.memBool_iff	Kolmogorov.memBool_iff	KolmogorovMathlib/Complexity/CanonicalObjects/PrimitiveReductions.lean	private
Kolmogorov.SUV.Ch01.before_append	Kolmogorov.before_append	KolmogorovMathlib/Complexity/CanonicalObjects/PrimitiveReductions.lean	private
Kolmogorov.SUV.Ch01.firstNotIn	Kolmogorov.firstNotIn	KolmogorovMathlib/Complexity/CanonicalObjects/PrimitiveReductions.lean	private
Kolmogorov.SUV.Ch01.firstNotIn_eq	Kolmogorov.firstNotIn_eq	KolmogorovMathlib/Complexity/CanonicalObjects/PrimitiveReductions.lean	private
Kolmogorov.SUV.Ch01.memBool_primrec	Kolmogorov.memBool_primrec	KolmogorovMathlib/Complexity/CanonicalObjects/PrimitiveReductions.lean	private
Kolmogorov.SUV.Ch01.before_primrec	Kolmogorov.before_primrec	KolmogorovMathlib/Complexity/CanonicalObjects/PrimitiveReductions.lean	private
Kolmogorov.SUV.Ch01.firstNotIn_primrec	Kolmogorov.firstNotIn_primrec	KolmogorovMathlib/Complexity/CanonicalObjects/PrimitiveReductions.lean	private
Kolmogorov.SUV.Ch01.gamma_decomp	Kolmogorov.gamma_decomp	KolmogorovMathlib/Complexity/CanonicalObjects/PrimitiveReductions.lean	private
Kolmogorov.SUV.Ch01.rfind_spec	Kolmogorov.rfind_spec	KolmogorovMathlib/Complexity/CanonicalObjects/PrimitiveReductions.lean	private
Kolmogorov.SUV.Ch01.pre_lt	Kolmogorov.pre_lt	KolmogorovMathlib/Complexity/CanonicalObjects/PrimitiveReductions.lean	private
Kolmogorov.SUV.Ch01.plainK_le_pred	Kolmogorov.plainK_le_pred	KolmogorovMathlib/Complexity/CanonicalObjects/PrimitiveReductions.lean	private
Kolmogorov.SUV.Ch01.gamma_not_mem	Kolmogorov.gamma_not_mem	KolmogorovMathlib/Complexity/CanonicalObjects/PrimitiveReductions.lean	private
Kolmogorov.SUV.Ch01.pred_iff	Kolmogorov.pred_iff	KolmogorovMathlib/Complexity/CanonicalObjects/PrimitiveReductions.lean	private
Kolmogorov.SUV.Ch01.pred_primrec	Kolmogorov.pred_primrec	KolmogorovMathlib/Complexity/CanonicalObjects/PrimitiveReductions.lean	private
Kolmogorov.SUV.Ch01.foldr_max_attained	Kolmogorov.foldr_max_attained	KolmogorovMathlib/Complexity/CanonicalObjects/PrimitiveReductions.lean	private
Kolmogorov.SUV.Ch01.pred_exists	Kolmogorov.pred_exists	KolmogorovMathlib/Complexity/CanonicalObjects/PrimitiveReductions.lean	private
Kolmogorov.SUV.Ch01.firstIncompressible_reduces_haltingList	Kolmogorov.firstIncompressible_reduces_haltingList	KolmogorovMathlib/Complexity/CanonicalObjects/PrimitiveReductions.lean	private
Kolmogorov.SUV.Ch01.complexityList_reduces_complexityCount	Kolmogorov.complexityList_reduces_complexityCount	KolmogorovMathlib/Complexity/CanonicalObjects/PrimitiveReductions.lean	private
Kolmogorov.SUV.Ch01.haltingList_reduces_haltingCount	Kolmogorov.haltingList_reduces_haltingCount	KolmogorovMathlib/Complexity/CanonicalObjects/PrimitiveReductions.lean	private
Kolmogorov.SUV.Ch01.complexityList_reduces_haltingList	Kolmogorov.complexityList_reduces_haltingList	KolmogorovMathlib/Complexity/CanonicalObjects/PrimitiveReductions.lean	private
Kolmogorov.SUV.Ch01.complexityCount_reduces_haltingList	Kolmogorov.complexityCount_reduces_haltingList	KolmogorovMathlib/Complexity/CanonicalObjects/PrimitiveReductions.lean	private
Kolmogorov.SUV.Ch01.haltingCount_reduces_haltingList	Kolmogorov.haltingCount_reduces_haltingList	KolmogorovMathlib/Complexity/CanonicalObjects/PrimitiveReductions.lean	private
Kolmogorov.SUV.Ch01.haltingList_reduces_complexityList	Kolmogorov.haltingList_reduces_complexityList	KolmogorovMathlib/Complexity/CanonicalObjects/PrimitiveReductions.lean	private
Kolmogorov.SUV.Ch01.haltingList_reduces_complexityCount	Kolmogorov.haltingList_reduces_complexityCount	KolmogorovMathlib/Complexity/CanonicalObjects/PrimitiveReductions.lean	private
Kolmogorov.SUV.Ch01.haltingList_reduces_busyBeaver	Kolmogorov.haltingList_reduces_busyBeaver	KolmogorovMathlib/Complexity/CanonicalObjects/PrimitiveReductions.lean	private
Kolmogorov.SUV.Ch01.haltingList_reduces_complexityGraph	Kolmogorov.haltingList_reduces_complexityGraph	KolmogorovMathlib/Complexity/CanonicalObjects/PrimitiveReductions.lean	private
Kolmogorov.SUV.Ch01.haltingList_reduces_firstIncompressible	Kolmogorov.haltingList_reduces_firstIncompressible	KolmogorovMathlib/Complexity/CanonicalObjects/PrimitiveReductions.lean	private
Kolmogorov.SUV.Ch01.slowestProgram_reduces_haltingList	Kolmogorov.slowestProgram_reduces_haltingList	KolmogorovMathlib/Complexity/CanonicalObjects/PrimitiveReductions.lean	private
Kolmogorov.SUV.Ch01.haltingList_reduces_slowestProgram	Kolmogorov.haltingList_reduces_slowestProgram	KolmogorovMathlib/Complexity/CanonicalObjects/PrimitiveReductions.lean	private
Kolmogorov.SUV.Ch01.complexityGraph_reduces_haltingList	Kolmogorov.complexityGraph_reduces_haltingList	KolmogorovMathlib/Complexity/CanonicalObjects/PrimitiveReductions.lean	private
Kolmogorov.SUV.Ch01.hub_in	Kolmogorov.hub_in	KolmogorovMathlib/Complexity/CanonicalObjects/PrimitiveReductions.lean	private
Kolmogorov.SUV.Ch01.hub_out	Kolmogorov.hub_out	KolmogorovMathlib/Complexity/CanonicalObjects/PrimitiveReductions.lean	private
Kolmogorov.SUV.Ch01.upper_of_red_1	Kolmogorov.upper_of_red_1	KolmogorovMathlib/Complexity/CanonicalObjects/PrimitiveReductions.lean	private
Kolmogorov.SUV.Ch01.upper_mono	Kolmogorov.upper_mono	KolmogorovMathlib/Complexity/CanonicalObjects/PrimitiveReductions.lean	private
Kolmogorov.SUV.Ch01.upper	Kolmogorov.upper	KolmogorovMathlib/Complexity/CanonicalObjects/PrimitiveReductions.lean	private
Kolmogorov.SUV.Ch01.find_getD_spec	Kolmogorov.find_getD_spec	KolmogorovMathlib/Complexity/CanonicalObjects/PrimitiveReductions.lean	private
Kolmogorov.SUV.Ch01.objFirstIncompressible_spec	Kolmogorov.objFirstIncompressible_spec	KolmogorovMathlib/Complexity/CanonicalObjects/PrimitiveReductions.lean	private
Kolmogorov.SUV.Ch01.lower_8	Kolmogorov.lower_8	KolmogorovMathlib/Complexity/CanonicalObjects/PrimitiveReductions.lean	private
Kolmogorov.SUV.Ch01.graphToGamma	Kolmogorov.graphToGamma	KolmogorovMathlib/Complexity/CanonicalObjects/PrimitiveReductions.lean	private
Kolmogorov.SUV.Ch01.allStrings_ne_nil	Kolmogorov.allStrings_ne_nil	KolmogorovMathlib/Complexity/CanonicalObjects/PrimitiveReductions.lean	private
Kolmogorov.SUV.Ch01.head_length	Kolmogorov.head_length	KolmogorovMathlib/Complexity/CanonicalObjects/PrimitiveReductions.lean	private
Kolmogorov.SUV.Ch01.find_congr	Kolmogorov.find_congr	KolmogorovMathlib/Complexity/CanonicalObjects/PrimitiveReductions.lean	private
Kolmogorov.SUV.Ch01.graphToGamma_spec	Kolmogorov.graphToGamma_spec	KolmogorovMathlib/Complexity/CanonicalObjects/PrimitiveReductions.lean	private
Kolmogorov.SUV.Ch01.graphToGamma_primrec	Kolmogorov.graphToGamma_primrec	KolmogorovMathlib/Complexity/CanonicalObjects/HubEquivalence.lean	private
Kolmogorov.SUV.Ch01.lower_7	Kolmogorov.lower_7	KolmogorovMathlib/Complexity/CanonicalObjects/HubEquivalence.lean	private
Kolmogorov.SUV.Ch01.lower_1	Kolmogorov.lower_1	KolmogorovMathlib/Complexity/CanonicalObjects/HubEquivalence.lean	private
Kolmogorov.SUV.Ch01.haltSel	Kolmogorov.haltSel	KolmogorovMathlib/Complexity/CanonicalObjects/HubEquivalence.lean	private
Kolmogorov.SUV.Ch01.haltSel_partrec	Kolmogorov.haltSel_partrec	KolmogorovMathlib/Complexity/CanonicalObjects/HubEquivalence.lean	private
Kolmogorov.SUV.Ch01.haltSel_intended	Kolmogorov.haltSel_intended	KolmogorovMathlib/Complexity/CanonicalObjects/HubEquivalence.lean	private
Kolmogorov.SUV.Ch01.lower_5	Kolmogorov.lower_5	KolmogorovMathlib/Complexity/CanonicalObjects/HubEquivalence.lean	private
Kolmogorov.SUV.Ch01.outputsUpTo	Kolmogorov.outputsUpTo	KolmogorovMathlib/Complexity/CanonicalObjects/HubEquivalence.lean	private
Kolmogorov.SUV.Ch01.bigNat	Kolmogorov.bigNat	KolmogorovMathlib/Complexity/CanonicalObjects/HubEquivalence.lean	private
Kolmogorov.SUV.Ch01.outputsUpTo_primrec	Kolmogorov.outputsUpTo_primrec	KolmogorovMathlib/Complexity/CanonicalObjects/HubEquivalence.lean	private
Kolmogorov.SUV.Ch01.bigNat_primrec	Kolmogorov.bigNat_primrec	KolmogorovMathlib/Complexity/CanonicalObjects/HubEquivalence.lean	private
Kolmogorov.SUV.Ch01.mem_outputs_of_runOut	Kolmogorov.mem_outputs_of_runOut	KolmogorovMathlib/Complexity/CanonicalObjects/HubEquivalence.lean	private
Kolmogorov.SUV.Ch01.lt_bigNat	Kolmogorov.lt_bigNat	KolmogorovMathlib/Complexity/CanonicalObjects/HubEquivalence.lean	private
Kolmogorov.SUV.Ch01.lower_of_partrec	Kolmogorov.lower_of_partrec	KolmogorovMathlib/Complexity/CanonicalObjects/HubEquivalence.lean	private
Kolmogorov.SUV.Ch01.lower_3	Kolmogorov.lower_3	KolmogorovMathlib/Complexity/CanonicalObjects/HubEquivalence.lean	private
Kolmogorov.SUV.Ch01.lower_0	Kolmogorov.lower_0	KolmogorovMathlib/Complexity/CanonicalObjects/HubEquivalence.lean	private
Kolmogorov.SUV.Ch01.lower_2	Kolmogorov.lower_2	KolmogorovMathlib/Complexity/CanonicalObjects/HubEquivalence.lean	private
Kolmogorov.SUV.Ch01.rfind_haltList	Kolmogorov.rfind_haltList	KolmogorovMathlib/Complexity/CanonicalObjects/HubEquivalence.lean	private
Kolmogorov.SUV.Ch01.lower_4	Kolmogorov.lower_4	KolmogorovMathlib/Complexity/CanonicalObjects/HubEquivalence.lean	private
Kolmogorov.SUV.Ch01.argmax_haltTime	Kolmogorov.argmax_haltTime	KolmogorovMathlib/Complexity/CanonicalObjects/HubEquivalence.lean	private
Kolmogorov.SUV.Ch01.no_output_of_nil	Kolmogorov.no_output_of_nil	KolmogorovMathlib/Complexity/CanonicalObjects/HubEquivalence.lean	private
Kolmogorov.SUV.Ch01.lower_6	Kolmogorov.lower_6	KolmogorovMathlib/Complexity/CanonicalObjects/HubEquivalence.lean	private
Kolmogorov.SUV.Ch01.lower_mono	Kolmogorov.lower_mono	KolmogorovMathlib/Complexity/CanonicalObjects/HubEquivalence.lean	private
Kolmogorov.SUV.Ch01.lower	Kolmogorov.lower	KolmogorovMathlib/Complexity/CanonicalObjects/HubEquivalence.lean	private
Kolmogorov.SUV.Ch01.canonicalObject_complexity_eq	Kolmogorov.canonicalObject_complexity_eq	KolmogorovMathlib/Complexity/CanonicalObjects/HubEquivalence.lean	public
Kolmogorov.SUV.Ch01.canonicalObject_mutual_reduction	Kolmogorov.canonicalObject_mutual_reduction	KolmogorovMathlib/Complexity/CanonicalObjects/HubEquivalence.lean	public
Kolmogorov.SUV.Ch01.objHaltingCount	Kolmogorov.objHaltingCount	KolmogorovMathlib/Complexity/CanonicalObjects/HubReductions.lean	public
Kolmogorov.SUV.Ch01.objSlowestProgram	Kolmogorov.objSlowestProgram	KolmogorovMathlib/Complexity/CanonicalObjects/HubReductions.lean	public
Kolmogorov.SUV.Ch01.objComplexityGraph	Kolmogorov.objComplexityGraph	KolmogorovMathlib/Complexity/CanonicalObjects/HubReductions.lean	public
Kolmogorov.SUV.Ch01.objFirstIncompressible	Kolmogorov.objFirstIncompressible	KolmogorovMathlib/Complexity/CanonicalObjects/HubReductions.lean	public
Kolmogorov.SUV.Ch01.canonicalObject	Kolmogorov.canonicalObject	KolmogorovMathlib/Complexity/CanonicalObjects/HubReductions.lean	public
Kolmogorov.SUV.Ch01.listLengthCode_computable	Kolmogorov.listLengthCode_computable	KolmogorovMathlib/Complexity/CanonicalObjects/HubReductions.lean	private
Kolmogorov.SUV.Ch01.canonicalObject_equivalence_two_decompressors	Kolmogorov.canonicalObject_equivalence_two_decompressors	KolmogorovMathlib/Complexity/DifferentDecompressors.lean	public
Kolmogorov.SUV.Ch01.busyBeaver_shift_ge_apply	Kolmogorov.busyBeaver_shift_ge_apply	KolmogorovMathlib/Complexity/DifferentDecompressors.lean	public
Kolmogorov.SUV.Ch01.IsRE.exists_nat	Kolmogorov.IsRE.exists_nat	KolmogorovMathlib/Foundation/RSeparability.lean	private
Kolmogorov.SUV.Ch01.IsEnumerableSet.image	Kolmogorov.IsEnumerableSet.image	KolmogorovMathlib/Foundation/RSeparability.lean	private
Kolmogorov.SUV.Ch01.listMemBool	Kolmogorov.listMemBool	KolmogorovMathlib/Foundation/RSeparability.lean	private
Kolmogorov.SUV.Ch01.computable_listMemBool	Kolmogorov.computable_listMemBool	KolmogorovMathlib/Foundation/RSeparability.lean	private
Kolmogorov.SUV.Ch01.listMemBool_iff	Kolmogorov.listMemBool_iff	KolmogorovMathlib/Foundation/RSeparability.lean	private
Kolmogorov.SUV.Ch01.isDecidableSet_of_finite	Kolmogorov.isDecidableSet_of_finite	KolmogorovMathlib/Foundation/RSeparability.lean	private
Kolmogorov.SUV.Ch01.mem_compressibleWords_zero_iff	Kolmogorov.mem_compressibleWords_zero_iff	KolmogorovMathlib/Foundation/RSeparability.lean	private
Kolmogorov.SUV.Ch01.upperGraph_separable_of_bounded	Kolmogorov.upperGraph_separable_of_bounded	KolmogorovMathlib/Foundation/RSeparability.lean	private
Kolmogorov.SUV.Ch01.exists_bounded_of_disjoint_upperGraph	Kolmogorov.exists_bounded_of_disjoint_upperGraph	KolmogorovMathlib/Foundation/RSeparability.lean	private
Kolmogorov.SUV.Ch01.exists_bound_forall_le	Kolmogorov.exists_bound_forall_le	KolmogorovMathlib/Foundation/FixedPointFree/ArslanovCompleteness.lean	private
Kolmogorov.SUV.Ch01.exists_string_operator	Kolmogorov.exists_string_operator	KolmogorovMathlib/Foundation/FixedPointFree/ArslanovCompleteness.lean	public
Kolmogorov.SUV.Ch01.exists_re_approx	Kolmogorov.exists_re_approx	KolmogorovMathlib/Foundation/FixedPointFree/ArslanovCompleteness.lean	private
Kolmogorov.SUV.Ch01.charFun	Kolmogorov.charFun	KolmogorovMathlib/Foundation/FixedPointFree/ArslanovCompleteness.lean	private
Kolmogorov.SUV.Ch01.charOracle_eq_totalOracle	Kolmogorov.charOracle_eq_totalOracle	KolmogorovMathlib/Foundation/FixedPointFree/ArslanovCompleteness.lean	private
Kolmogorov.SUV.Ch01.oraclePrefix_congr	Kolmogorov.oraclePrefix_congr	KolmogorovMathlib/Foundation/FixedPointFree/ArslanovCompleteness.lean	private
Kolmogorov.SUV.Ch01.oraclePrefix_agree	Kolmogorov.oraclePrefix_agree	KolmogorovMathlib/Foundation/FixedPointFree/ArslanovCompleteness.lean	private
Kolmogorov.SUV.Ch01.exists_param_fixed_point	Kolmogorov.exists_param_fixed_point	KolmogorovMathlib/Foundation/FixedPointFree/ArslanovCompleteness.lean	private
Kolmogorov.SUV.Ch01.recIn_partrec	Kolmogorov.recIn_partrec	KolmogorovMathlib/Foundation/FixedPointFree/ArslanovCompleteness.lean	private
Kolmogorov.SUV.Ch01.recIn_congr'	Kolmogorov.recIn_congr'	KolmogorovMathlib/Foundation/FixedPointFree/ArslanovCompleteness.lean	private
Kolmogorov.SUV.Ch01.recIn_pair_comp	Kolmogorov.recIn_pair_comp	KolmogorovMathlib/Foundation/FixedPointFree/ArslanovCompleteness.lean	private
Kolmogorov.SUV.Ch01.recIn_query	Kolmogorov.recIn_query	KolmogorovMathlib/Foundation/FixedPointFree/ArslanovCompleteness.lean	private
Kolmogorov.SUV.Ch01.recIn_oraclePrefixEncode	Kolmogorov.recIn_oraclePrefixEncode	KolmogorovMathlib/Foundation/FixedPointFree/ArslanovCompleteness.lean	private
Kolmogorov.SUV.Ch01.arslanov_primrec_decide_eq	Kolmogorov.arslanov_primrec_decide_eq	KolmogorovMathlib/Foundation/FixedPointFree/ArslanovCompleteness.lean	private
Kolmogorov.SUV.Ch01.approxFun	Kolmogorov.approxFun	KolmogorovMathlib/Foundation/FixedPointFree/ArslanovCompleteness.lean	private
Kolmogorov.SUV.Ch01.approxPrefix	Kolmogorov.approxPrefix	KolmogorovMathlib/Foundation/FixedPointFree/ArslanovCompleteness.lean	private
Kolmogorov.SUV.Ch01.haltsBy	Kolmogorov.haltsBy	KolmogorovMathlib/Foundation/FixedPointFree/ArslanovCompleteness.lean	private
Kolmogorov.SUV.Ch01.runOp	Kolmogorov.runOp	KolmogorovMathlib/Foundation/FixedPointFree/ArslanovCompleteness.lean	private
Kolmogorov.SUV.Ch01.arslanovPsi	Kolmogorov.arslanovPsi	KolmogorovMathlib/Foundation/FixedPointFree/ArslanovCompleteness.lean	private
Kolmogorov.SUV.Ch01.primrec_approxPrefix	Kolmogorov.primrec_approxPrefix	KolmogorovMathlib/Foundation/FixedPointFree/ArslanovCompleteness.lean	private
Kolmogorov.SUV.Ch01.primrec_haltsBy	Kolmogorov.primrec_haltsBy	KolmogorovMathlib/Foundation/FixedPointFree/ArslanovCompleteness.lean	private
Kolmogorov.SUV.Ch01.primrec_runOp	Kolmogorov.primrec_runOp	KolmogorovMathlib/Foundation/FixedPointFree/ArslanovCompleteness.lean	private
Kolmogorov.SUV.Ch01.partrec_arslanovPsi	Kolmogorov.partrec_arslanovPsi	KolmogorovMathlib/Foundation/FixedPointFree/ArslanovCompleteness.lean	private
Kolmogorov.SUV.Ch01.arslanovCheck	Kolmogorov.arslanovCheck	KolmogorovMathlib/Foundation/FixedPointFree/ArslanovCompleteness.lean	private
Kolmogorov.SUV.Ch01.arslanovStep	Kolmogorov.arslanovStep	KolmogorovMathlib/Foundation/FixedPointFree/ArslanovCompleteness.lean	private
Kolmogorov.SUV.Ch01.arslanovU	Kolmogorov.arslanovU	KolmogorovMathlib/Foundation/FixedPointFree/ArslanovCompleteness.lean	private
Kolmogorov.SUV.Ch01.computable_arslanovU	Kolmogorov.computable_arslanovU	KolmogorovMathlib/Foundation/FixedPointFree/ArslanovCompleteness.lean	private
Kolmogorov.SUV.Ch01.computable_arslanovStep	Kolmogorov.computable_arslanovStep	KolmogorovMathlib/Foundation/FixedPointFree/ArslanovCompleteness.lean	private
Kolmogorov.SUV.Ch01.arslanovFinal	Kolmogorov.arslanovFinal	KolmogorovMathlib/Foundation/FixedPointFree/ArslanovCompleteness.lean	private
Kolmogorov.SUV.Ch01.computable_arslanovFinal	Kolmogorov.computable_arslanovFinal	KolmogorovMathlib/Foundation/FixedPointFree/ArslanovCompleteness.lean	private
Kolmogorov.SUV.Ch01.arslanov_bif_eq_zero_iff	Kolmogorov.arslanov_bif_eq_zero_iff	KolmogorovMathlib/Foundation/FixedPointFree/ArslanovCompleteness.lean	private
Kolmogorov.SUV.Ch01.arslanov_completeness	Kolmogorov.arslanov_completeness	KolmogorovMathlib/Foundation/FixedPointFree/ArslanovCompleteness.lean	public
Kolmogorov.SUV.Ch01.SolvesHighComplexity	Kolmogorov.SolvesHighComplexity	KolmogorovMathlib/Foundation/FixedPointFree/HighComplexityTask.lean	public
Kolmogorov.SUV.Ch01.SolvesDiagonal	Kolmogorov.SolvesDiagonal	KolmogorovMathlib/Foundation/FixedPointFree/HighComplexityTask.lean	public
Kolmogorov.SUV.Ch01.SolvesFixedPointFree	Kolmogorov.SolvesFixedPointFree	KolmogorovMathlib/Foundation/FixedPointFree/HighComplexityTask.lean	public
Kolmogorov.SUV.Ch01.recursiveIn_of_partrec	Kolmogorov.recursiveIn_of_partrec	KolmogorovMathlib/Foundation/FixedPointFree/HighComplexityTask.lean	private
Kolmogorov.SUV.Ch01.recursiveIn_of_computable	Kolmogorov.recursiveIn_of_computable	KolmogorovMathlib/Foundation/FixedPointFree/HighComplexityTask.lean	private
Kolmogorov.SUV.Ch01.solvesDiagonal_of_solvesHighComplexity	Kolmogorov.solvesDiagonal_of_solvesHighComplexity	KolmogorovMathlib/Foundation/FixedPointFree/HighComplexityTask.lean	public
Kolmogorov.SUV.Ch01.solvesHighComplexity_of_solvesDiagonal	Kolmogorov.solvesHighComplexity_of_solvesDiagonal	KolmogorovMathlib/Foundation/FixedPointFree/HighComplexityTask.lean	public
Kolmogorov.SUV.Ch01.constCode	Kolmogorov.constCode	KolmogorovMathlib/Foundation/FixedPointFree/HighComplexityTask.lean	private
Kolmogorov.SUV.Ch01.eval_const_code	Kolmogorov.eval_const_code	KolmogorovMathlib/Foundation/FixedPointFree/HighComplexityTask.lean	private
Kolmogorov.SUV.Ch01.mem_eval_const_code	Kolmogorov.mem_eval_const_code	KolmogorovMathlib/Foundation/FixedPointFree/HighComplexityTask.lean	private
Kolmogorov.SUV.Ch01.cNat	Kolmogorov.cNat	KolmogorovMathlib/Foundation/FixedPointFree/HighComplexityTask.lean	private
Kolmogorov.SUV.Ch01.c_nat_primrec	Kolmogorov.c_nat_primrec	KolmogorovMathlib/Foundation/FixedPointFree/HighComplexityTask.lean	private
Kolmogorov.SUV.Ch01.encode_const_code	Kolmogorov.encode_const_code	KolmogorovMathlib/Foundation/FixedPointFree/HighComplexityTask.lean	private
Kolmogorov.SUV.Ch01.F_fn	Kolmogorov.F_fn	KolmogorovMathlib/Foundation/FixedPointFree/HighComplexityTask.lean	private
Kolmogorov.SUV.Ch01.fixedPointFree_of_solvesDiagonal	Kolmogorov.fixedPointFree_of_solvesDiagonal	KolmogorovMathlib/Foundation/FixedPointFree/HighComplexityTask.lean	public
Kolmogorov.SUV.Ch01.codeId	Kolmogorov.codeId	KolmogorovMathlib/Foundation/FixedPointFree/HighComplexityTask.lean	private
Kolmogorov.SUV.Ch01.eval_code_id	Kolmogorov.eval_code_id	KolmogorovMathlib/Foundation/FixedPointFree/HighComplexityTask.lean	private
Kolmogorov.SUV.Ch01.cMod	Kolmogorov.cMod	KolmogorovMathlib/Foundation/FixedPointFree/HighComplexityTask.lean	private
Kolmogorov.SUV.Ch01.eval_c_mod	Kolmogorov.eval_c_mod	KolmogorovMathlib/Foundation/FixedPointFree/HighComplexityTask.lean	private
Kolmogorov.SUV.Ch01.cModNat	Kolmogorov.cModNat	KolmogorovMathlib/Foundation/FixedPointFree/HighComplexityTask.lean	private
Kolmogorov.SUV.Ch01.encode_c_mod_helper	Kolmogorov.encode_c_mod_helper	KolmogorovMathlib/Foundation/FixedPointFree/HighComplexityTask.lean	private
Kolmogorov.SUV.Ch01.encode_c_mod	Kolmogorov.encode_c_mod	KolmogorovMathlib/Foundation/FixedPointFree/HighComplexityTask.lean	private
Kolmogorov.SUV.Ch01.c_mod_nat_primrec	Kolmogorov.c_mod_nat_primrec	KolmogorovMathlib/Foundation/FixedPointFree/HighComplexityTask.lean	private
Kolmogorov.SUV.Ch01.exists_code_univ	Kolmogorov.exists_code_univ	KolmogorovMathlib/Foundation/FixedPointFree/HighComplexityTask.lean	private
Kolmogorov.SUV.Ch01.solvesDiagonal_of_fixedPointFree	Kolmogorov.solvesDiagonal_of_fixedPointFree	KolmogorovMathlib/Foundation/FixedPointFree/HighComplexityTask.lean	public
Kolmogorov.SUV.Ch01.arslanovHaltingSet	Kolmogorov.arslanovHaltingSet	KolmogorovMathlib/Foundation/FixedPointFree/HighComplexityTask.lean	public
Kolmogorov.SUV.Ch01.exists_manyOne_reduction_to_halting	Kolmogorov.exists_manyOne_reduction_to_halting	KolmogorovMathlib/Foundation/FixedPointFree/HighComplexityTask.lean	public
Kolmogorov.SUV.Ch01.isRE_plainKNat_le_pair	Kolmogorov.isRE_plainKNat_le_pair	KolmogorovMathlib/Foundation/FixedPointFree/HighComplexityTask.lean	public
Kolmogorov.SUV.Ch01.recursiveIn_of_natPartrec	Kolmogorov.recursiveIn_of_natPartrec	KolmogorovMathlib/Foundation/FixedPointFree/HighComplexityTask.lean	private
Kolmogorov.SUV.Ch01.recursiveIn_congr	Kolmogorov.recursiveIn_congr	KolmogorovMathlib/Foundation/FixedPointFree/HighComplexityTask.lean	private
Kolmogorov.SUV.Ch01.recursiveIn_of_tot	Kolmogorov.recursiveIn_of_tot	KolmogorovMathlib/Foundation/FixedPointFree/HighComplexityTask.lean	private
Kolmogorov.SUV.Ch01.recursiveIn_charFun_of_isRE	Kolmogorov.recursiveIn_charFun_of_isRE	KolmogorovMathlib/Foundation/FixedPointFree/HighComplexityTask.lean	public
Kolmogorov.SUV.Ch01.solvesHighComplexity_recursiveIn_halting	Kolmogorov.solvesHighComplexity_recursiveIn_halting	KolmogorovMathlib/Foundation/FixedPointFree/HighComplexityTask.lean	public
Kolmogorov.SUV.Ch01.recursiveIn_of_forall_oracle_recursiveIn	Kolmogorov.recursiveIn_of_forall_oracle_recursiveIn	KolmogorovMathlib/Foundation/FixedPointFree/HighComplexityTask.lean	public
Kolmogorov.SUV.Ch01.oraclePrefix	Kolmogorov.oraclePrefix	KolmogorovMathlib/Foundation/FixedPointFree/HighComplexityTask.lean	public
Kolmogorov.SUV.Ch01.range_prefix_range	Kolmogorov.range_prefix_range	KolmogorovMathlib/Foundation/FixedPointFree/HighComplexityTask.lean	private
Kolmogorov.SUV.Ch01.oraclePrefix_prefix	Kolmogorov.oraclePrefix_prefix	KolmogorovMathlib/Foundation/FixedPointFree/HighComplexityTask.lean	public
Kolmogorov.SUV.Ch01.growth_sum_le	Kolmogorov.growth_sum_le	KolmogorovMathlib/Complexity/GrowthEnumeration.lean	public
Kolmogorov.SUV.Ch01.enumFound	Kolmogorov.enumFound	KolmogorovMathlib/Complexity/GrowthEnumeration.lean	public
Kolmogorov.SUV.Ch01.enumAccum	Kolmogorov.enumAccum	KolmogorovMathlib/Complexity/GrowthEnumeration.lean	public
Kolmogorov.SUV.Ch01.enum_accum_nodup	Kolmogorov.enum_accum_nodup	KolmogorovMathlib/Complexity/GrowthEnumeration.lean	public
Kolmogorov.SUV.Ch01.enum_accum_length_le	Kolmogorov.enum_accum_length_le	KolmogorovMathlib/Complexity/GrowthEnumeration.lean	public
Kolmogorov.SUV.Ch01.enum_accum_prefix	Kolmogorov.enum_accum_prefix	KolmogorovMathlib/Complexity/GrowthEnumeration.lean	public
Kolmogorov.SUV.Ch01.enum_accum_getElem	Kolmogorov.enum_accum_getElem	KolmogorovMathlib/Complexity/GrowthEnumeration.lean	public
Kolmogorov.SUV.Ch01.enum_accum_mem_A	Kolmogorov.enum_accum_mem_A	KolmogorovMathlib/Complexity/GrowthEnumeration.lean	public
Kolmogorov.SUV.Ch01.enum_accum_length_le_ncard	Kolmogorov.enum_accum_length_le_ncard	KolmogorovMathlib/Complexity/GrowthEnumeration.lean	public
Kolmogorov.SUV.Ch01.rfind_eq_of_spec	Kolmogorov.rfind_eq_of_spec	KolmogorovMathlib/Complexity/GrowthEnumeration.lean	public
Kolmogorov.SUV.Ch01.mem_enum_accum_of_mem_found	Kolmogorov.mem_enum_accum_of_mem_found	KolmogorovMathlib/Complexity/GrowthEnumeration.lean	public
Kolmogorov.SUV.Ch01.decide_mem_primrec_BS	Kolmogorov.decide_mem_primrec_BS	KolmogorovMathlib/Complexity/GrowthEnumeration.lean	private
Kolmogorov.SUV.Ch01.enum_found_primrec	Kolmogorov.enum_found_primrec	KolmogorovMathlib/Complexity/GrowthEnumeration.lean	public
Kolmogorov.SUV.Ch01.enum_accum_step_primrec	Kolmogorov.enum_accum_step_primrec	KolmogorovMathlib/Complexity/GrowthEnumeration.lean	private
Kolmogorov.SUV.Ch01.enum_accum_primrec	Kolmogorov.enum_accum_primrec	KolmogorovMathlib/Complexity/GrowthEnumeration.lean	public
Kolmogorov.SUV.Ch01.idxOf_inst_eq	Kolmogorov.idxOf_inst_eq	KolmogorovMathlib/Complexity/GrowthEnumeration.lean	private
Kolmogorov.SUV.Ch01.sum_range_computable	Kolmogorov.sum_range_computable	KolmogorovMathlib/Complexity/GrowthEnumeration.lean	public
Kolmogorov.SUV.Ch01.layerEmptyV	Kolmogorov.layerEmptyV	KolmogorovMathlib/Complexity/LayeredDecompressors.lean	private
Kolmogorov.SUV.Ch01.layerEmptyV_isDecompressor	Kolmogorov.layerEmptyV_isDecompressor	KolmogorovMathlib/Complexity/LayeredDecompressors.lean	private
Kolmogorov.SUV.Ch01.list_sum_map_le	Kolmogorov.list_sum_map_le	KolmogorovMathlib/Complexity/LayeredDecompressors.lean	public
Kolmogorov.SUV.Ch01.list_sum_map_eq_finset_sum	Kolmogorov.list_sum_map_eq_finset_sum	KolmogorovMathlib/Complexity/LayeredDecompressors.lean	public
Kolmogorov.SUV.Ch01.card_Ioc_sum_boole_le	Kolmogorov.card_Ioc_sum_boole_le	KolmogorovMathlib/Complexity/LayeredDecompressors.lean	public
Kolmogorov.SUV.Ch01.sum_Ioc_pow	Kolmogorov.sum_Ioc_pow	KolmogorovMathlib/Complexity/LayeredDecompressors.lean	public
Kolmogorov.SUV.Ch01.QMap	Kolmogorov.QMap	KolmogorovMathlib/Complexity/LayeredDecompressors.lean	public
Kolmogorov.SUV.Ch01.qCondK	Kolmogorov.qCondK	KolmogorovMathlib/Complexity/LayeredDecompressors.lean	public
Kolmogorov.SUV.Ch01.qPlainK	Kolmogorov.qPlainK	KolmogorovMathlib/Complexity/LayeredDecompressors.lean	public
Kolmogorov.SUV.Ch01.IsQOptimal	Kolmogorov.IsQOptimal	KolmogorovMathlib/Complexity/LayeredDecompressors.lean	public
Kolmogorov.SUV.Ch01.fin4ToBits	Kolmogorov.fin4ToBits	KolmogorovMathlib/Complexity/LayeredDecompressors.lean	public
Kolmogorov.SUV.Ch01.fin4ListToBits	Kolmogorov.fin4ListToBits	KolmogorovMathlib/Complexity/LayeredDecompressors.lean	public
Kolmogorov.SUV.Ch01.pairToFin4	Kolmogorov.pairToFin4	KolmogorovMathlib/Complexity/LayeredDecompressors.lean	public
Kolmogorov.SUV.Ch01.bitsToFin4FoldStep	Kolmogorov.bitsToFin4FoldStep	KolmogorovMathlib/Complexity/LayeredDecompressors.lean	public
Kolmogorov.SUV.Ch01.bitsToFin4List	Kolmogorov.bitsToFin4List	KolmogorovMathlib/Complexity/LayeredDecompressors.lean	public
Kolmogorov.SUV.Ch01.fin4ToBits_length	Kolmogorov.fin4ToBits_length	KolmogorovMathlib/Complexity/LayeredDecompressors.lean	public
Kolmogorov.SUV.Ch01.fin4ListToBits_length	Kolmogorov.fin4ListToBits_length	KolmogorovMathlib/Complexity/LayeredDecompressors.lean	public
Kolmogorov.SUV.Ch01.bitsToFin4Fold_fst_of_even	Kolmogorov.bitsToFin4Fold_fst_of_even	KolmogorovMathlib/Complexity/LayeredDecompressors.lean	public
Kolmogorov.SUV.Ch01.bitsToFin4List_cons_cons	Kolmogorov.bitsToFin4List_cons_cons	KolmogorovMathlib/Complexity/LayeredDecompressors.lean	public
Kolmogorov.SUV.Ch01.bitsToFin4List_fin4ListToBits	Kolmogorov.bitsToFin4List_fin4ListToBits	KolmogorovMathlib/Complexity/LayeredDecompressors.lean	public
Kolmogorov.SUV.Ch01.fin4ListToBits_bitsToFin4List_of_even	Kolmogorov.fin4ListToBits_bitsToFin4List_of_even	KolmogorovMathlib/Complexity/LayeredDecompressors.lean	public
Kolmogorov.SUV.Ch01.bitsToFin4List_length_of_even	Kolmogorov.bitsToFin4List_length_of_even	KolmogorovMathlib/Complexity/LayeredDecompressors.lean	public
Kolmogorov.SUV.Ch01.D_bin	Kolmogorov.D_bin	KolmogorovMathlib/Complexity/LayeredDecompressors.lean	public
Kolmogorov.SUV.Ch02.eval_F_p_ex50	Kolmogorov.eval_F_p_cinfGap	KolmogorovMathlib/Complexity/InfiniteSequences/MonotoneGap.lean	public
Kolmogorov.SUV.Ch02.ex17_P_j	Kolmogorov.pairCounterexampleSet	KolmogorovMathlib/Complexity/PairComplexity/Overhead.lean	private
Kolmogorov.SUV.Ch02.ex19_D_body	Kolmogorov.overheadDecoderBody	KolmogorovMathlib/Complexity/PairComplexity/Overhead.lean	public
Kolmogorov.SUV.Ch02.ex19_D_body_comp	Kolmogorov.overheadDecoderBody_comp	KolmogorovMathlib/Complexity/PairComplexity/Overhead.lean	private
Kolmogorov.SUV.Ch02.ex19_D_body_partrec2	Kolmogorov.overheadDecoderBody_partrec2	KolmogorovMathlib/Complexity/PairComplexity/Overhead.lean	private
Kolmogorov.SUV.Ch02.ex19_D_code	Kolmogorov.overheadCodeDecompressor	KolmogorovMathlib/Complexity/PairComplexity/Overhead.lean	public
Kolmogorov.SUV.Ch02.ex19_D_code_isDecompressor	Kolmogorov.overheadCodeDecompressor_isDecompressor	KolmogorovMathlib/Complexity/PairComplexity/Overhead.lean	private
Kolmogorov.SUV.Ch02.ex19_D_compose	Kolmogorov.overheadComposedDecompressor	KolmogorovMathlib/Complexity/PairComplexity/Overhead.lean	public
Kolmogorov.SUV.Ch02.ex19_D_compose_isDecompressor	Kolmogorov.overheadComposedDecompressor_isDecompressor	KolmogorovMathlib/Complexity/PairComplexity/Overhead.lean	private
Kolmogorov.SUV.Ch02.ex19_a_to_c	Kolmogorov.overhead_complexity_to_summable	KolmogorovMathlib/Complexity/PairComplexity/Overhead.lean	private
Kolmogorov.SUV.Ch02.ex19_b_to_a	Kolmogorov.overhead_length_to_complexity	KolmogorovMathlib/Complexity/PairComplexity/Overhead.lean	private
Kolmogorov.SUV.Ch02.ex19_c_to_b	Kolmogorov.overhead_summable_to_length	KolmogorovMathlib/Complexity/PairComplexity/Overhead.lean	private
Kolmogorov.SUV.Ch02.ex19_pred_partrec2	Kolmogorov.overhead_pred_partrec2	KolmogorovMathlib/Complexity/PairComplexity/Overhead.lean	private
Kolmogorov.SUV.Ch02.ex19_req	Kolmogorov.overheadRequest	KolmogorovMathlib/Complexity/PairComplexity/Overhead.lean	public
Kolmogorov.SUV.Ch02.ex19_req_comp	Kolmogorov.overheadRequest_comp	KolmogorovMathlib/Complexity/PairComplexity/Overhead.lean	private
Kolmogorov.SUV.Ch02.ex19_sel_len	Kolmogorov.overheadSelLength	KolmogorovMathlib/Complexity/PairComplexity/Overhead.lean	public
Kolmogorov.SUV.Ch02.ex19_sel_len_comp	Kolmogorov.overheadSelLength_comp	KolmogorovMathlib/Complexity/PairComplexity/Overhead.lean	private
Kolmogorov.SUV.Ch02.ex19_sel_n	Kolmogorov.overheadSelIndex	KolmogorovMathlib/Complexity/PairComplexity/Overhead.lean	public
Kolmogorov.SUV.Ch02.ex19_sel_n_comp	Kolmogorov.overheadSelIndex_comp	KolmogorovMathlib/Complexity/PairComplexity/Overhead.lean	private
Kolmogorov.SUV.Ch02.ex19_sel_w	Kolmogorov.overheadSelWord	KolmogorovMathlib/Complexity/PairComplexity/Overhead.lean	public
Kolmogorov.SUV.Ch02.ex19_sel_w_comp	Kolmogorov.overheadSelWord_comp	KolmogorovMathlib/Complexity/PairComplexity/Overhead.lean	private
Kolmogorov.SUV.Ch02.ex19_step2	Kolmogorov.overheadOuterStep	KolmogorovMathlib/Complexity/PairComplexity/Overhead.lean	public
Kolmogorov.SUV.Ch02.ex19_step2_partrec	Kolmogorov.overheadOuterStep_partrec	KolmogorovMathlib/Complexity/PairComplexity/Overhead.lean	private
Kolmogorov.SUV.Ch02.ex19_step3	Kolmogorov.overheadInnerStep	KolmogorovMathlib/Complexity/PairComplexity/Overhead.lean	public
Kolmogorov.SUV.Ch02.ex19_step3_partrec	Kolmogorov.overheadInnerStep_partrec	KolmogorovMathlib/Complexity/PairComplexity/Overhead.lean	private
Kolmogorov.SUV.Ch02.ex19_weight_bound	Kolmogorov.overhead_weight_bound	KolmogorovMathlib/Complexity/PairComplexity/Overhead.lean	private
Kolmogorov.SUV.Ch02.ex26Decompressor	Kolmogorov.condShiftDecompressor	KolmogorovMathlib/Complexity/PairComplexity/LogarithmicTerms/ConditionalBounds.lean	private
Kolmogorov.SUV.Ch02.ex26Decompressor_isDecompressor	Kolmogorov.condShiftDecompressor_isDecompressor	KolmogorovMathlib/Complexity/PairComplexity/LogarithmicTerms/ConditionalBounds.lean	private
Kolmogorov.SUV.Ch02.ex40_exp_gt_linear	Kolmogorov.exp_gt_linear	KolmogorovMathlib/Complexity/KolmogorovLevin/ShortDescriptions.lean	private
Kolmogorov.SUV.Ch02.ex40_log_pow_two	Kolmogorov.log_pow_two_self	KolmogorovMathlib/Complexity/KolmogorovLevin/ShortDescriptions.lean	private
Kolmogorov.SUV.Ch02.ex41_acceptable_eq	Kolmogorov.randomCond_acceptable_eq	KolmogorovMathlib/Complexity/RandomConditions/Bound/StageComputability.lean	private
Kolmogorov.SUV.Ch02.ex41_count_eq	Kolmogorov.randomCond_count_eq	KolmogorovMathlib/Complexity/RandomConditions/Bound/StageComputability.lean	private
Kolmogorov.SUV.Ch02.ex41_count_fn	Kolmogorov.randomCondCountFn	KolmogorovMathlib/Complexity/RandomConditions/Bound/StageComputability.lean	public
Kolmogorov.SUV.Ch02.ex41_not_mem	Kolmogorov.randomCondNotMem	KolmogorovMathlib/Complexity/RandomConditions/Bound/StageComputability.lean	public
Kolmogorov.SUV.Ch02.ex41_not_mem_eq	Kolmogorov.randomCond_not_mem_eq	KolmogorovMathlib/Complexity/RandomConditions/Bound/StageComputability.lean	private
Kolmogorov.SUV.Ch02.ex41_not_mem_primrec	Kolmogorov.randomCondNotMem_primrec	KolmogorovMathlib/Complexity/RandomConditions/Bound/StageComputability.lean	public
Kolmogorov.SUV.Ch02.ex41_stage_eq	Kolmogorov.randomCond_stage_eq	KolmogorovMathlib/Complexity/RandomConditions/Bound/StageComputability.lean	private
Kolmogorov.SUV.Ch02.ex41_step_cond_eq	Kolmogorov.randomCond_step_cond_eq	KolmogorovMathlib/Complexity/RandomConditions/Bound/StageComputability.lean	private
Kolmogorov.SUV.Ch02.ex42_condK_le_condK_length	Kolmogorov.avgCond_condK_le_condK_length	KolmogorovMathlib/Complexity/ConditionalComplexity/AverageBounds/Expectation.lean	private
Kolmogorov.SUV.Ch02.ex42_condK_ne_top	Kolmogorov.avgCond_condK_ne_top	KolmogorovMathlib/Complexity/ConditionalComplexity/AverageBounds/Expectation.lean	private
Kolmogorov.SUV.Ch02.ex42_layer_cake	Kolmogorov.avgCond_layer_cake	KolmogorovMathlib/Complexity/ConditionalComplexity/AverageBounds/Expectation.lean	private
Kolmogorov.SUV.Ch02.ex42_split_sum	Kolmogorov.avgCond_split_sum	KolmogorovMathlib/Complexity/ConditionalComplexity/AverageBounds/Expectation.lean	private
Kolmogorov.SUV.Ch02.ex42_sum_ite_zero_le	Kolmogorov.avgCond_sum_ite_zero_le	KolmogorovMathlib/Complexity/ConditionalComplexity/AverageBounds/Expectation.lean	private
Kolmogorov.SUV.Ch02.ex42_sum_sq_div_two_pow	Kolmogorov.avgCond_sum_sq_div_two_pow	KolmogorovMathlib/Complexity/ConditionalComplexity/AverageBounds/Expectation.lean	private
Kolmogorov.SUV.Ch02.ex42_sum_sq_div_two_pow_le	Kolmogorov.avgCond_sum_sq_div_two_pow_le	KolmogorovMathlib/Complexity/ConditionalComplexity/AverageBounds/Expectation.lean	private
Kolmogorov.SUV.Ch02.ex45B_size_bound	Kolmogorov.game_size_bound	KolmogorovMathlib/Complexity/SelfComplexity/TokenGame/BoardMachinery.lean	private
Kolmogorov.SUV.Ch02.ex45B_size_eq_log_succ	Kolmogorov.game_size_eq_log_succ	KolmogorovMathlib/Complexity/SelfComplexity/TokenGame/BoardMachinery.lean	private
Kolmogorov.SUV.Ch02.ex45Black	Kolmogorov.gameBlack	KolmogorovMathlib/Complexity/ConditionalComplexity/AverageBounds/Expectation.lean	public
Kolmogorov.SUV.Ch02.ex45Black_complete	Kolmogorov.gameBlack_complete	KolmogorovMathlib/Complexity/SelfComplexity/TokenGame/BoardMachinery.lean	private
Kolmogorov.SUV.Ch02.ex45Black_mono	Kolmogorov.gameBlack_mono	KolmogorovMathlib/Complexity/SelfComplexity/TokenGame/BoardMachinery.lean	private
Kolmogorov.SUV.Ch02.ex45Black_primrec	Kolmogorov.gameBlack_primrec	KolmogorovMathlib/Complexity/ConditionalComplexity/AverageBounds/Expectation.lean	private
Kolmogorov.SUV.Ch02.ex45Black_sound	Kolmogorov.gameBlack_sound	KolmogorovMathlib/Complexity/SelfComplexity/TokenGame/BoardMachinery.lean	private
Kolmogorov.SUV.Ch02.ex45Blk	Kolmogorov.gameBlk	KolmogorovMathlib/Complexity/SelfComplexity/TokenGame/BoardMachinery.lean	public
Kolmogorov.SUV.Ch02.ex45Blk_add_free	Kolmogorov.gameBlk_add_free	KolmogorovMathlib/Complexity/SelfComplexity/TokenGame/BoardMachinery.lean	private
Kolmogorov.SUV.Ch02.ex45Col	Kolmogorov.gameCol	KolmogorovMathlib/Complexity/ConditionalComplexity/AverageBounds/Expectation.lean	public
Kolmogorov.SUV.Ch02.ex45Col_inj	Kolmogorov.gameCol_inj	KolmogorovMathlib/Complexity/SelfComplexity/TokenGame/BoardMachinery.lean	private
Kolmogorov.SUV.Ch02.ex45Col_length	Kolmogorov.gameCol_length	KolmogorovMathlib/Complexity/SelfComplexity/TokenGame/BoardMachinery.lean	private
Kolmogorov.SUV.Ch02.ex45Col_mem	Kolmogorov.gameCol_mem	KolmogorovMathlib/Complexity/SelfComplexity/TokenGame/BoardMachinery.lean	private
Kolmogorov.SUV.Ch02.ex45Col_primrec	Kolmogorov.gameCol_primrec	KolmogorovMathlib/Complexity/ConditionalComplexity/AverageBounds/Expectation.lean	public
Kolmogorov.SUV.Ch02.ex45Dead	Kolmogorov.gameDead	KolmogorovMathlib/Complexity/ConditionalComplexity/AverageBounds/Expectation.lean	public
Kolmogorov.SUV.Ch02.ex45Dead_complete	Kolmogorov.gameDead_complete	KolmogorovMathlib/Complexity/SelfComplexity/TokenGame/BoardMachinery.lean	private
Kolmogorov.SUV.Ch02.ex45Dead_mono	Kolmogorov.gameDead_mono	KolmogorovMathlib/Complexity/SelfComplexity/TokenGame/BoardMachinery.lean	private
Kolmogorov.SUV.Ch02.ex45Dead_primrec	Kolmogorov.gameDead_primrec	KolmogorovMathlib/Complexity/ConditionalComplexity/AverageBounds/Expectation.lean	public
Kolmogorov.SUV.Ch02.ex45Dead_sound	Kolmogorov.gameDead_sound	KolmogorovMathlib/Complexity/SelfComplexity/TokenGame/BoardMachinery.lean	private
Kolmogorov.SUV.Ch02.ex45Decoder	Kolmogorov.gameDecoder	KolmogorovMathlib/Complexity/ConditionalComplexity/AverageBounds/Expectation.lean	public
Kolmogorov.SUV.Ch02.ex45Decoder_isDecompressor	Kolmogorov.gameDecoder_isDecompressor	KolmogorovMathlib/Complexity/SelfComplexity/TokenGame/LowerBound.lean	private
Kolmogorov.SUV.Ch02.ex45Decoder_produces	Kolmogorov.gameDecoder_produces	KolmogorovMathlib/Complexity/SelfComplexity/TokenGame/LowerBound.lean	private
Kolmogorov.SUV.Ch02.ex45Free	Kolmogorov.gameFree	KolmogorovMathlib/Complexity/ConditionalComplexity/AverageBounds/Expectation.lean	public
Kolmogorov.SUV.Ch02.ex45Free_mem_lt	Kolmogorov.gameFree_mem_lt	KolmogorovMathlib/Complexity/SelfComplexity/TokenGame/BoardMachinery.lean	private
Kolmogorov.SUV.Ch02.ex45Free_ne_nil	Kolmogorov.gameFree_ne_nil	KolmogorovMathlib/Complexity/SelfComplexity/TokenGame/BoardMachinery.lean	private
Kolmogorov.SUV.Ch02.ex45Free_primrec	Kolmogorov.gameFree_primrec	KolmogorovMathlib/Complexity/ConditionalComplexity/AverageBounds/Expectation.lean	public
Kolmogorov.SUV.Ch02.ex45Free_subset	Kolmogorov.gameFree_subset	KolmogorovMathlib/Complexity/SelfComplexity/TokenGame/BoardMachinery.lean	private
Kolmogorov.SUV.Ch02.ex45Log	Kolmogorov.gameLog	KolmogorovMathlib/Complexity/ConditionalComplexity/AverageBounds/Expectation.lean	public
Kolmogorov.SUV.Ch02.ex45Log_eq	Kolmogorov.gameLog_eq	KolmogorovMathlib/Complexity/ConditionalComplexity/AverageBounds/Expectation.lean	public
Kolmogorov.SUV.Ch02.ex45Log_primrec	Kolmogorov.gameLog_primrec	KolmogorovMathlib/Complexity/ConditionalComplexity/AverageBounds/Expectation.lean	private
Kolmogorov.SUV.Ch02.ex45Max	Kolmogorov.gameMax	KolmogorovMathlib/Complexity/ConditionalComplexity/AverageBounds/Expectation.lean	public
Kolmogorov.SUV.Ch02.ex45Max_le_of_mem	Kolmogorov.gameMax_le_of_mem	KolmogorovMathlib/Complexity/ConditionalComplexity/AverageBounds/Expectation.lean	public
Kolmogorov.SUV.Ch02.ex45Max_mem	Kolmogorov.gameMax_mem	KolmogorovMathlib/Complexity/ConditionalComplexity/AverageBounds/Expectation.lean	public
Kolmogorov.SUV.Ch02.ex45Max_mono	Kolmogorov.gameMax_mono	KolmogorovMathlib/Complexity/ConditionalComplexity/AverageBounds/Expectation.lean	public
Kolmogorov.SUV.Ch02.ex45Max_primrec	Kolmogorov.gameMax_primrec	KolmogorovMathlib/Complexity/ConditionalComplexity/AverageBounds/Expectation.lean	public
Kolmogorov.SUV.Ch02.ex45Row	Kolmogorov.gameRow	KolmogorovMathlib/Complexity/ConditionalComplexity/AverageBounds/Expectation.lean	public
Kolmogorov.SUV.Ch02.ex45RowEnum	Kolmogorov.gameRowEnum	KolmogorovMathlib/Complexity/ConditionalComplexity/AverageBounds/Expectation.lean	public
Kolmogorov.SUV.Ch02.ex45RowEnum_eq_rec	Kolmogorov.gameRowEnum_eq_rec	KolmogorovMathlib/Complexity/SelfComplexity/TokenGame/LowerBound.lean	private
Kolmogorov.SUV.Ch02.ex45RowEnum_length	Kolmogorov.gameRowEnum_length	KolmogorovMathlib/Complexity/SelfComplexity/TokenGame/BoardMachinery.lean	public
Kolmogorov.SUV.Ch02.ex45RowEnum_nodup	Kolmogorov.gameRowEnum_nodup	KolmogorovMathlib/Complexity/SelfComplexity/TokenGame/BoardMachinery.lean	private
Kolmogorov.SUV.Ch02.ex45RowEnum_prefix_of_le	Kolmogorov.gameRowEnum_prefix_of_le	KolmogorovMathlib/Complexity/SelfComplexity/TokenGame/LowerBound.lean	private
Kolmogorov.SUV.Ch02.ex45RowEnum_prefix_succ	Kolmogorov.gameRowEnum_prefix_succ	KolmogorovMathlib/Complexity/SelfComplexity/TokenGame/LowerBound.lean	private
Kolmogorov.SUV.Ch02.ex45RowEnum_primrec	Kolmogorov.gameRowEnum_primrec	KolmogorovMathlib/Complexity/SelfComplexity/TokenGame/LowerBound.lean	private
Kolmogorov.SUV.Ch02.ex45Row_primrec	Kolmogorov.gameRow_primrec	KolmogorovMathlib/Complexity/SelfComplexity/TokenGame/LowerBound.lean	private
Kolmogorov.SUV.Ch02.ex45Str	Kolmogorov.gameStr	KolmogorovMathlib/Complexity/ConditionalComplexity/AverageBounds/Expectation.lean	public
Kolmogorov.SUV.Ch02.ex45Str_length	Kolmogorov.gameStr_length	KolmogorovMathlib/Complexity/SelfComplexity/TokenGame/BoardMachinery.lean	private
Kolmogorov.SUV.Ch02.ex45Str_primrec	Kolmogorov.gameStr_primrec	KolmogorovMathlib/Complexity/SelfComplexity/TokenGame/LowerBound.lean	private
Kolmogorov.SUV.Ch02.ex45Tokens	Kolmogorov.gameTokens	KolmogorovMathlib/Complexity/ConditionalComplexity/AverageBounds/Expectation.lean	public
Kolmogorov.SUV.Ch02.ex45Tokens_mem_rowEnum	Kolmogorov.gameTokens_mem_rowEnum	KolmogorovMathlib/Complexity/SelfComplexity/TokenGame/LowerBound.lean	private
Kolmogorov.SUV.Ch02.ex45Tokens_nodup	Kolmogorov.gameTokens_nodup	KolmogorovMathlib/Complexity/SelfComplexity/TokenGame/BoardMachinery.lean	private
Kolmogorov.SUV.Ch02.ex45Tokens_primrec	Kolmogorov.gameTokens_primrec	KolmogorovMathlib/Complexity/SelfComplexity/TokenGame/LowerBound.lean	private
Kolmogorov.SUV.Ch02.ex45Top	Kolmogorov.gameTop	KolmogorovMathlib/Complexity/ConditionalComplexity/AverageBounds/Expectation.lean	public
Kolmogorov.SUV.Ch02.ex45Top_antitone	Kolmogorov.gameTop_antitone	KolmogorovMathlib/Complexity/SelfComplexity/TokenGame/BoardMachinery.lean	private
Kolmogorov.SUV.Ch02.ex45Top_le_pred	Kolmogorov.gameTop_le_pred	KolmogorovMathlib/Complexity/SelfComplexity/TokenGame/BoardMachinery.lean	private
Kolmogorov.SUV.Ch02.ex45Top_mem_free	Kolmogorov.gameTop_mem_free	KolmogorovMathlib/Complexity/SelfComplexity/TokenGame/BoardMachinery.lean	private
Kolmogorov.SUV.Ch02.ex45Top_not_black	Kolmogorov.gameTop_not_black	KolmogorovMathlib/Complexity/SelfComplexity/TokenGame/BoardMachinery.lean	private
Kolmogorov.SUV.Ch02.ex45Top_primrec	Kolmogorov.gameTop_primrec	KolmogorovMathlib/Complexity/SelfComplexity/TokenGame/LowerBound.lean	private
Kolmogorov.SUV.Ch02.ex45WCol	Kolmogorov.gameWCol	KolmogorovMathlib/Complexity/ConditionalComplexity/AverageBounds/Expectation.lean	public
Kolmogorov.SUV.Ch02.ex45WCol_bound	Kolmogorov.gameWCol_bound	KolmogorovMathlib/Complexity/SelfComplexity/TokenGame/BoardMachinery.lean	private
Kolmogorov.SUV.Ch02.ex45WCol_eq_rec	Kolmogorov.gameWCol_eq_rec	KolmogorovMathlib/Complexity/SelfComplexity/TokenGame/LowerBound.lean	private
Kolmogorov.SUV.Ch02.ex45WCol_lt	Kolmogorov.gameWCol_lt	KolmogorovMathlib/Complexity/SelfComplexity/TokenGame/BoardMachinery.lean	public
Kolmogorov.SUV.Ch02.ex45WCol_mono	Kolmogorov.gameWCol_mono	KolmogorovMathlib/Complexity/SelfComplexity/TokenGame/BoardMachinery.lean	private
Kolmogorov.SUV.Ch02.ex45WCol_primrec	Kolmogorov.gameWCol_primrec	KolmogorovMathlib/Complexity/SelfComplexity/TokenGame/LowerBound.lean	private
Kolmogorov.SUV.Ch02.ex45WCol_stable	Kolmogorov.gameWCol_stable	KolmogorovMathlib/Complexity/SelfComplexity/TokenGame/BoardMachinery.lean	private
Kolmogorov.SUV.Ch02.ex45WCol_succ	Kolmogorov.gameWCol_succ	KolmogorovMathlib/Complexity/SelfComplexity/TokenGame/BoardMachinery.lean	private
Kolmogorov.SUV.Ch02.ex45_black_count	Kolmogorov.game_black_count	KolmogorovMathlib/Complexity/SelfComplexity/TokenGame/BoardMachinery.lean	private
Kolmogorov.SUV.Ch02.ex45_card_condK_le	Kolmogorov.game_card_condK_le	KolmogorovMathlib/Complexity/SelfComplexity/TokenGame/BoardMachinery.lean	private
Kolmogorov.SUV.Ch02.ex45_exists_stable_col	Kolmogorov.game_exists_stable_col	KolmogorovMathlib/Complexity/SelfComplexity/TokenGame/BoardMachinery.lean	private
Kolmogorov.SUV.Ch02.ex45_exists_stable_top	Kolmogorov.game_exists_stable_top	KolmogorovMathlib/Complexity/SelfComplexity/TokenGame/BoardMachinery.lean	private
Kolmogorov.SUV.Ch02.ex45_filter_length_add	Kolmogorov.game_filter_length_add	KolmogorovMathlib/Complexity/SelfComplexity/TokenGame/BoardMachinery.lean	private
Kolmogorov.SUV.Ch02.ex45_final	Kolmogorov.exists_condK_cVal_within_log_length	KolmogorovMathlib/Complexity/SelfComplexity/TokenGame/LowerBound.lean	public
Kolmogorov.SUV.Ch02.ex45_lower	Kolmogorov.log_length_le_condK_cVal	KolmogorovMathlib/Complexity/SelfComplexity/TokenGame/LowerBound.lean	private
Kolmogorov.SUV.Ch02.ex45_lt_to_le	Kolmogorov.game_lt_to_le	KolmogorovMathlib/Complexity/SelfComplexity/TokenGame/BoardMachinery.lean	private
Kolmogorov.SUV.Ch02.ex45_plainK_token	Kolmogorov.game_plainK_token	KolmogorovMathlib/Complexity/SelfComplexity/TokenGame/LowerBound.lean	private
Kolmogorov.SUV.Ch02.ex45_pow_log_le	Kolmogorov.game_pow_log_le	KolmogorovMathlib/Complexity/SelfComplexity/TokenGame/BoardMachinery.lean	private
Kolmogorov.SUV.Ch02.ex45_row_bound	Kolmogorov.game_row_bound	KolmogorovMathlib/Complexity/SelfComplexity/TokenGame/BoardMachinery.lean	public
Kolmogorov.SUV.Ch02.ex45_second_unique	Kolmogorov.game_second_unique	KolmogorovMathlib/Complexity/SelfComplexity/TokenGame/BoardMachinery.lean	private
Kolmogorov.SUV.Ch02.ex45_shift	Kolmogorov.game_shift	KolmogorovMathlib/Complexity/SelfComplexity/TokenGame/LowerBound.lean	private
Kolmogorov.SUV.Ch02.ex45_upper	Kolmogorov.condK_cVal_le_log_length	KolmogorovMathlib/Complexity/SelfComplexity/TokenGame/BoardMachinery.lean	public
Kolmogorov.SUV.Ch02.ex45_winner	Kolmogorov.exists_game_winner	KolmogorovMathlib/Complexity/SelfComplexity/TokenGame/BoardMachinery.lean	public
Kolmogorov.SUV.Ch02.ex49Base	Kolmogorov.logPrefixBase	KolmogorovMathlib/Complexity/InfiniteSequences/PrefixComplexity.lean	public
Kolmogorov.SUV.Ch02.ex49Base_mono	Kolmogorov.logPrefixBase_mono	KolmogorovMathlib/Complexity/InfiniteSequences/PrefixComplexity.lean	private
Kolmogorov.SUV.Ch02.ex49Base_primrec	Kolmogorov.logPrefixBase_primrec	KolmogorovMathlib/Complexity/InfiniteSequences/PrefixComplexity.lean	private
Kolmogorov.SUV.Ch02.ex49Base_sound	Kolmogorov.logPrefixBase_sound	KolmogorovMathlib/Complexity/InfiniteSequences/PrefixComplexity.lean	private
Kolmogorov.SUV.Ch02.ex49Q	Kolmogorov.logPrefixQ	KolmogorovMathlib/Complexity/InfiniteSequences/PrefixComplexity.lean	public
Kolmogorov.SUV.Ch02.ex49Q_iff	Kolmogorov.logPrefixQ_iff	KolmogorovMathlib/Complexity/InfiniteSequences/PrefixComplexity.lean	private
Kolmogorov.SUV.Ch02.ex49Q_mono	Kolmogorov.logPrefixQ_mono	KolmogorovMathlib/Complexity/InfiniteSequences/PrefixComplexity.lean	private
Kolmogorov.SUV.Ch02.ex49Q_primrec	Kolmogorov.logPrefixQ_primrec	KolmogorovMathlib/Complexity/InfiniteSequences/PrefixComplexity.lean	private
Kolmogorov.SUV.Ch02.ex49_counting	Kolmogorov.logPrefix_counting	KolmogorovMathlib/Complexity/InfiniteSequences/PrefixComplexity.lean	private
Kolmogorov.SUV.Ch02.ex49_hlevel	Kolmogorov.logPrefix_hlevel	KolmogorovMathlib/Complexity/InfiniteSequences/PrefixComplexity.lean	private
Kolmogorov.SUV.Ch02.ex49_hw	Kolmogorov.logPrefix_hw	KolmogorovMathlib/Complexity/InfiniteSequences/PrefixComplexity.lean	private
Kolmogorov.SUV.Ch02.ex50_H_func	Kolmogorov.cinfGapHalting	KolmogorovMathlib/Complexity/InfiniteSequences/MonotoneGap.lean	public
Kolmogorov.SUV.Ch02.ex50_H_nat	Kolmogorov.cinfGapHaltingNat	KolmogorovMathlib/Complexity/InfiniteSequences/MonotoneGap.lean	public
Kolmogorov.SUV.Ch02.ex50_H_nat_partrec	Kolmogorov.cinfGapHaltingNat_partrec	KolmogorovMathlib/Complexity/InfiniteSequences/MonotoneGap.lean	private
Kolmogorov.SUV.Ch02.ex50_T	Kolmogorov.cinfGapStage	KolmogorovMathlib/Complexity/InfiniteSequences/MonotoneGap.lean	public
Kolmogorov.SUV.Ch02.ex50_bits_length_le	Kolmogorov.cinfGap_bits_length_le	KolmogorovMathlib/Complexity/InfiniteSequences/MonotoneGap.lean	private
Kolmogorov.SUV.Ch02.ex50_evaln_eq_of_T_le	Kolmogorov.cinfGap_evaln_eq_of_stage_le	KolmogorovMathlib/Complexity/InfiniteSequences/MonotoneGap.lean	private
Kolmogorov.SUV.Ch02.ex50_evaln_of_T_le	Kolmogorov.cinfGap_evaln_of_stage_le	KolmogorovMathlib/Complexity/InfiniteSequences/MonotoneGap.lean	private
Kolmogorov.SUV.Ch02.ex50_find_eq_some	Kolmogorov.cinfGap_find_eq_some	KolmogorovMathlib/Complexity/InfiniteSequences/MonotoneGap.lean	private
Kolmogorov.SUV.Ch02.ex50_map	Kolmogorov.cinfGapMap	KolmogorovMathlib/Complexity/InfiniteSequences/MonotoneGap.lean	public
Kolmogorov.SUV.Ch02.ex50_p_time	Kolmogorov.cinfGapHaltTime	KolmogorovMathlib/Complexity/InfiniteSequences/MonotoneGap.lean	public
Kolmogorov.SUV.Ch02.ex50_p_time_le_T	Kolmogorov.cinfGapHaltTime_le_T	KolmogorovMathlib/Complexity/InfiniteSequences/MonotoneGap.lean	private
Kolmogorov.SUV.Ch02.ex50_prefix_fn	Kolmogorov.cinfGapPrefix	KolmogorovMathlib/Complexity/InfiniteSequences/MonotoneGap.lean	public
Kolmogorov.SUV.Ch02.ex50_prefix_fn_at_large	Kolmogorov.cinfGapPrefix_at_large	KolmogorovMathlib/Complexity/InfiniteSequences/MonotoneGap.lean	private
Kolmogorov.SUV.Ch02.ex50_prefix_fn_computable	Kolmogorov.cinfGapPrefix_computable	KolmogorovMathlib/Complexity/InfiniteSequences/MonotoneGap.lean	private
Kolmogorov.SUV.Ch02.ex50_prefix_fn_primrec	Kolmogorov.cinfGapPrefix_primrec	KolmogorovMathlib/Complexity/InfiniteSequences/MonotoneGap.lean	private
Kolmogorov.SUV.Ch02.ex50_prefix_m	Kolmogorov.cinfGap_prefix_m	KolmogorovMathlib/Complexity/InfiniteSequences/MonotoneGap.lean	private
Kolmogorov.SUV.Ch02.ex50_progs	Kolmogorov.cinfGapPrograms	KolmogorovMathlib/Complexity/InfiniteSequences/MonotoneGap.lean	public
Kolmogorov.SUV.Ch02.ex50_progs_length	Kolmogorov.cinfGapPrograms_length	KolmogorovMathlib/Complexity/InfiniteSequences/MonotoneGap.lean	private
Kolmogorov.SUV.Ch02.ex50_progs_primrec	Kolmogorov.cinfGapPrograms_primrec	KolmogorovMathlib/Complexity/InfiniteSequences/MonotoneGap.lean	private
Kolmogorov.SUV.Ch02.ex50_x	Kolmogorov.cinfGapSequence	KolmogorovMathlib/Complexity/InfiniteSequences/MonotoneGap.lean	public
Kolmogorov.SUV.Ch02.ex50_x_computable	Kolmogorov.cinfGapSequence_computable	KolmogorovMathlib/Complexity/InfiniteSequences/MonotoneGap.lean	private
Kolmogorov.SUV.Ch02.ex50_ym	Kolmogorov.cinfGapWord	KolmogorovMathlib/Complexity/InfiniteSequences/MonotoneGap.lean	public
Kolmogorov.SUV.Ch02.ex50_ym_outputs	Kolmogorov.cinfGapOutputs	KolmogorovMathlib/Complexity/InfiniteSequences/MonotoneGap.lean	public
Kolmogorov.SUV.Ch02.ex50_ym_outputs_of_T_le	Kolmogorov.cinfGapOutputs_of_T_le	KolmogorovMathlib/Complexity/InfiniteSequences/MonotoneGap.lean	private
Kolmogorov.SUV.Ch02.ex50_ym_outputs_primrec	Kolmogorov.cinfGapOutputs_primrec	KolmogorovMathlib/Complexity/InfiniteSequences/MonotoneGap.lean	private
Kolmogorov.SUV.Ch02.ex50_ym_stage	Kolmogorov.cinfGapOutputStage	KolmogorovMathlib/Complexity/InfiniteSequences/MonotoneGap.lean	public
Kolmogorov.SUV.Ch02.ex50_ym_stage_length	Kolmogorov.cinfGapOutputStage_length	KolmogorovMathlib/Complexity/InfiniteSequences/MonotoneGap.lean	private
Kolmogorov.SUV.Ch02.ex50_ym_stage_not_mem	Kolmogorov.cinfGapOutputStage_not_mem	KolmogorovMathlib/Complexity/InfiniteSequences/MonotoneGap.lean	private
Kolmogorov.SUV.Ch02.ex50_ym_stage_primrec	Kolmogorov.cinfGapOutputStage_primrec	KolmogorovMathlib/Complexity/InfiniteSequences/MonotoneGap.lean	private
Kolmogorov.SUV.Ch02.ex50_ym_stage_spec	Kolmogorov.cinfGapOutputStage_spec	KolmogorovMathlib/Complexity/InfiniteSequences/MonotoneGap.lean	private
Kolmogorov.SUV.Ch02.ex52Decode	Kolmogorov.minfDecode	KolmogorovMathlib/Complexity/InfiniteSequences/MonotoneComparison.lean	public
Kolmogorov.SUV.Ch02.ex52Decode_computable	Kolmogorov.minfDecode_computable	KolmogorovMathlib/Complexity/InfiniteSequences/MonotoneComparison.lean	private
Kolmogorov.SUV.Ch02.ex52Decode_encode	Kolmogorov.minfDecode_encode	KolmogorovMathlib/Complexity/InfiniteSequences/MonotoneComparison.lean	private
Kolmogorov.SUV.Ch02.ex52Q	Kolmogorov.minfQ	KolmogorovMathlib/Complexity/InfiniteSequences/MonotoneComparison.lean	public
Kolmogorov.SUV.Ch02.ex52Q_iff	Kolmogorov.minfQ_iff	KolmogorovMathlib/Complexity/InfiniteSequences/MonotoneComparison.lean	private
Kolmogorov.SUV.Ch02.ex52Q_mono	Kolmogorov.minfQ_mono	KolmogorovMathlib/Complexity/InfiniteSequences/MonotoneComparison.lean	private
Kolmogorov.SUV.Ch02.ex52Q_primrec	Kolmogorov.minfQ_primrec	KolmogorovMathlib/Complexity/InfiniteSequences/MonotoneComparison.lean	private
Kolmogorov.SUV.Ch02.ex52_hlevel	Kolmogorov.minf_hlevel	KolmogorovMathlib/Complexity/InfiniteSequences/MonotoneComparison.lean	private
Kolmogorov.SUV.Ch02.ex52_program	Kolmogorov.minf_program	KolmogorovMathlib/Complexity/InfiniteSequences/MonotoneComparison.lean	private
Kolmogorov.SUV.Ch02.ex54_P_unique	Kolmogorov.infOften_unique	KolmogorovMathlib/Complexity/IncompressibleStrings/Deficiency.lean	private
Kolmogorov.SUV.Ch02.ex54_bound	Kolmogorov.infOften_bound	KolmogorovMathlib/Complexity/IncompressibleStrings/Deficiency.lean	private
Kolmogorov.SUV.Ch02.ex54_decode	Kolmogorov.infOftenDecode	KolmogorovMathlib/Complexity/IncompressibleStrings/Deficiency.lean	public
Kolmogorov.SUV.Ch02.ex54_decode_primrec	Kolmogorov.infOftenDecode_primrec	KolmogorovMathlib/Complexity/IncompressibleStrings/Deficiency.lean	private
Kolmogorov.SUV.Ch02.ex54_decode_q	Kolmogorov.infOftenDecode_q	KolmogorovMathlib/Complexity/IncompressibleStrings/Deficiency.lean	private
Kolmogorov.SUV.Ch02.ex54_decompressor	Kolmogorov.infOftenDecompressor	KolmogorovMathlib/Complexity/IncompressibleStrings/Deficiency.lean	public
Kolmogorov.SUV.Ch02.ex54_findK	Kolmogorov.infOftenFindK	KolmogorovMathlib/Complexity/IncompressibleStrings/Deficiency.lean	public
Kolmogorov.SUV.Ch02.ex54_findK_primrec	Kolmogorov.infOftenFindK_primrec	KolmogorovMathlib/Complexity/IncompressibleStrings/Deficiency.lean	private
Kolmogorov.SUV.Ch02.ex54_findK_spec	Kolmogorov.infOftenFindK_spec	KolmogorovMathlib/Complexity/IncompressibleStrings/Deficiency.lean	private
Kolmogorov.SUV.Ch02.ex54_natToBits	Kolmogorov.infOftenNatToBits	KolmogorovMathlib/Complexity/IncompressibleStrings/Deficiency.lean	public
Kolmogorov.SUV.Ch02.ex54_natToBits_bitsToNat	Kolmogorov.infOftenNatToBits_bitsToNat	KolmogorovMathlib/Complexity/IncompressibleStrings/Deficiency.lean	private
Kolmogorov.SUV.Ch02.ex54_natToBits_primrec	Kolmogorov.infOftenNatToBits_primrec	KolmogorovMathlib/Complexity/IncompressibleStrings/Deficiency.lean	private
Kolmogorov.SUV.Ch02.ex59_book_form	Kolmogorov.probabilistic_conservation_book_form	KolmogorovMathlib/Complexity/Information/ConservationBounds.lean	private
Kolmogorov.SUV.Ch02.ex59_core	Kolmogorov.probabilistic_conservation_core	KolmogorovMathlib/Complexity/Information/ConservationBounds.lean	private
Kolmogorov.SUV.Ch02.ex59_log_mul_le	Kolmogorov.probabilistic_conservation_log_mul_le	KolmogorovMathlib/Complexity/Information/ConservationBounds.lean	private
Kolmogorov.SUV.Ch02.ex59aAcceptable	Kolmogorov.randomPairAcceptable	KolmogorovMathlib/Complexity/Information/RandomConservation.lean	public
Kolmogorov.SUV.Ch02.ex59aAcceptable_cond_primrec	Kolmogorov.randomPairAcceptable_cond_primrec	KolmogorovMathlib/Complexity/Information/RandomConservation.lean	private
Kolmogorov.SUV.Ch02.ex59aCandidateList	Kolmogorov.randomPairCandidateList	KolmogorovMathlib/Complexity/Information/RandomConservation.lean	public
Kolmogorov.SUV.Ch02.ex59aCandidateList_primrec	Kolmogorov.randomPairCandidateList_primrec	KolmogorovMathlib/Complexity/Information/RandomConservation.lean	private
Kolmogorov.SUV.Ch02.ex59aCheck	Kolmogorov.randomPairCheck	KolmogorovMathlib/Complexity/Information/RandomConservation.lean	public
Kolmogorov.SUV.Ch02.ex59aCheck_primrec	Kolmogorov.randomPairCheck_primrec	KolmogorovMathlib/Complexity/Information/RandomConservation.lean	private
Kolmogorov.SUV.Ch02.ex59aCount	Kolmogorov.randomPairCount	KolmogorovMathlib/Complexity/Information/RandomConservation.lean	public
Kolmogorov.SUV.Ch02.ex59aCount_primrec	Kolmogorov.randomPairCount_primrec	KolmogorovMathlib/Complexity/Information/RandomConservation.lean	private
Kolmogorov.SUV.Ch02.ex59aDecoder	Kolmogorov.randomPairDecoder	KolmogorovMathlib/Complexity/Information/RandomConservation.lean	public
Kolmogorov.SUV.Ch02.ex59aDecoder_isDecompressor	Kolmogorov.randomPairDecoder_isDecompressor	KolmogorovMathlib/Complexity/Information/RandomConservation.lean	private
Kolmogorov.SUV.Ch02.ex59aGet	Kolmogorov.randomPairGet	KolmogorovMathlib/Complexity/Information/RandomConservation.lean	public
Kolmogorov.SUV.Ch02.ex59aGet_primrec	Kolmogorov.randomPairGet_primrec	KolmogorovMathlib/Complexity/Information/RandomConservation.lean	private
Kolmogorov.SUV.Ch02.ex59aStage	Kolmogorov.randomPairStage	KolmogorovMathlib/Complexity/Information/RandomConservation.lean	public
Kolmogorov.SUV.Ch02.ex59aStageList	Kolmogorov.randomPairStageList	KolmogorovMathlib/Complexity/Information/RandomConservation.lean	public
Kolmogorov.SUV.Ch02.ex59aStageList_primrec	Kolmogorov.randomPairStageList_primrec	KolmogorovMathlib/Complexity/Information/RandomConservation.lean	private
Kolmogorov.SUV.Ch02.ex59aStage_eventually_mem	Kolmogorov.randomPairStage_eventually_mem	KolmogorovMathlib/Complexity/Information/RandomConservation.lean	private
Kolmogorov.SUV.Ch02.ex59aStage_length_bound	Kolmogorov.randomPairStage_length_bound	KolmogorovMathlib/Complexity/Information/RandomConservation.lean	private
Kolmogorov.SUV.Ch02.ex59aStage_mono	Kolmogorov.randomPairStage_mono	KolmogorovMathlib/Complexity/Information/RandomConservation.lean	private
Kolmogorov.SUV.Ch02.ex59aStage_nodup	Kolmogorov.randomPairStage_nodup	KolmogorovMathlib/Complexity/Information/RandomConservation.lean	private
Kolmogorov.SUV.Ch02.ex59aStage_prefix	Kolmogorov.randomPairStage_prefix	KolmogorovMathlib/Complexity/Information/RandomConservation.lean	private
Kolmogorov.SUV.Ch02.ex59aStage_primrec	Kolmogorov.randomPairStage_primrec	KolmogorovMathlib/Complexity/Information/RandomConservation.lean	private
Kolmogorov.SUV.Ch02.ex59aStep	Kolmogorov.randomPairStep	KolmogorovMathlib/Complexity/Information/RandomConservation.lean	public
Kolmogorov.SUV.Ch02.ex59aStepP	Kolmogorov.randomPairStepArgs	KolmogorovMathlib/Complexity/Information/RandomConservation.lean	public
Kolmogorov.SUV.Ch02.ex59aStep_cand_primrec	Kolmogorov.randomPairStep_cand_primrec	KolmogorovMathlib/Complexity/Information/RandomConservation.lean	private
Kolmogorov.SUV.Ch02.ex59aStep_cond_primrec	Kolmogorov.randomPairStep_cond_primrec	KolmogorovMathlib/Complexity/Information/RandomConservation.lean	private
Kolmogorov.SUV.Ch02.ex59aStep_not_mem_primrec	Kolmogorov.randomPairStep_not_mem_primrec	KolmogorovMathlib/Complexity/Information/RandomConservation.lean	private
Kolmogorov.SUV.Ch02.ex59aStep_primrec	Kolmogorov.randomPairStep_primrec	KolmogorovMathlib/Complexity/Information/RandomConservation.lean	private
Kolmogorov.SUV.Ch02.ex59aT1	Kolmogorov.randomPairArgs	KolmogorovMathlib/Complexity/Information/RandomConservation.lean	public
Kolmogorov.SUV.Ch02.ex59a_acceptable_eq	Kolmogorov.randomPair_acceptable_eq	KolmogorovMathlib/Complexity/Information/RandomConservation.lean	private
Kolmogorov.SUV.Ch02.ex59a_count_eq	Kolmogorov.randomPair_count_eq	KolmogorovMathlib/Complexity/Information/RandomConservation.lean	private
Kolmogorov.SUV.Ch02.ex59a_count_fn	Kolmogorov.randomPairCountFn	KolmogorovMathlib/Complexity/Information/RandomConservation.lean	public
Kolmogorov.SUV.Ch02.ex59a_not_mem_eq	Kolmogorov.randomPair_not_mem_eq	KolmogorovMathlib/Complexity/Information/RandomConservation.lean	private
Kolmogorov.SUV.Ch02.ex59a_probability_bound	Kolmogorov.randomPair_probability_bound	KolmogorovMathlib/Complexity/Information/RandomConservation.lean	public
Kolmogorov.SUV.Ch02.ex59a_proj_k	Kolmogorov.randomPair_proj_k	KolmogorovMathlib/Complexity/Information/RandomConservation.lean	private
Kolmogorov.SUV.Ch02.ex59a_proj_l	Kolmogorov.randomPair_proj_l	KolmogorovMathlib/Complexity/Information/RandomConservation.lean	private
Kolmogorov.SUV.Ch02.ex59a_proj_lk	Kolmogorov.randomPair_proj_lk	KolmogorovMathlib/Complexity/Information/RandomConservation.lean	private
Kolmogorov.SUV.Ch02.ex59a_proj_n	Kolmogorov.randomPair_proj_n	KolmogorovMathlib/Complexity/Information/RandomConservation.lean	private
Kolmogorov.SUV.Ch02.ex59a_proj_nlk	Kolmogorov.randomPair_proj_nlk	KolmogorovMathlib/Complexity/Information/RandomConservation.lean	private
Kolmogorov.SUV.Ch02.ex59a_proj_p	Kolmogorov.randomPair_proj_p	KolmogorovMathlib/Complexity/Information/RandomConservation.lean	private
Kolmogorov.SUV.Ch02.ex59a_proj_pz	Kolmogorov.randomPair_proj_pz	KolmogorovMathlib/Complexity/Information/RandomConservation.lean	private
Kolmogorov.SUV.Ch02.ex59a_proj_s1	Kolmogorov.randomPair_proj_s1	KolmogorovMathlib/Complexity/Information/RandomConservation.lean	private
Kolmogorov.SUV.Ch02.ex59a_proj_s2	Kolmogorov.randomPair_proj_s2	KolmogorovMathlib/Complexity/Information/RandomConservation.lean	private
Kolmogorov.SUV.Ch02.ex59a_proj_s_k	Kolmogorov.randomPair_proj_s_k	KolmogorovMathlib/Complexity/Information/RandomConservation.lean	private
Kolmogorov.SUV.Ch02.ex59a_proj_s_lk	Kolmogorov.randomPair_proj_s_lk	KolmogorovMathlib/Complexity/Information/RandomConservation.lean	private
Kolmogorov.SUV.Ch02.ex59a_proj_s_n	Kolmogorov.randomPair_proj_s_n	KolmogorovMathlib/Complexity/Information/RandomConservation.lean	private
Kolmogorov.SUV.Ch02.ex59a_proj_s_nlk	Kolmogorov.randomPair_proj_s_nlk	KolmogorovMathlib/Complexity/Information/RandomConservation.lean	private
Kolmogorov.SUV.Ch02.ex59a_proj_s_w1	Kolmogorov.randomPair_proj_s_w1	KolmogorovMathlib/Complexity/Information/RandomConservation.lean	private
Kolmogorov.SUV.Ch02.ex59a_proj_s_w2	Kolmogorov.randomPair_proj_s_w2	KolmogorovMathlib/Complexity/Information/RandomConservation.lean	private
Kolmogorov.SUV.Ch02.ex59a_proj_s_x	Kolmogorov.randomPair_proj_s_x	KolmogorovMathlib/Complexity/Information/RandomConservation.lean	private
Kolmogorov.SUV.Ch02.ex59a_proj_w	Kolmogorov.randomPair_proj_w	KolmogorovMathlib/Complexity/Information/RandomConservation.lean	private
Kolmogorov.SUV.Ch02.ex59a_proj_w1	Kolmogorov.randomPair_proj_w1	KolmogorovMathlib/Complexity/Information/RandomConservation.lean	private
Kolmogorov.SUV.Ch02.ex59a_proj_w2	Kolmogorov.randomPair_proj_w2	KolmogorovMathlib/Complexity/Information/RandomConservation.lean	private
Kolmogorov.SUV.Ch02.ex59a_proj_x	Kolmogorov.randomPair_proj_x	KolmogorovMathlib/Complexity/Information/RandomConservation.lean	private
Kolmogorov.SUV.Ch02.ex59a_proj_y	Kolmogorov.randomPair_proj_y	KolmogorovMathlib/Complexity/Information/RandomConservation.lean	private
Kolmogorov.SUV.Ch02.ex59a_stage_eq	Kolmogorov.randomPair_stage_eq	KolmogorovMathlib/Complexity/Information/RandomConservation.lean	private
Kolmogorov.SUV.Ch02.ex59a_step_cond_eq	Kolmogorov.randomPair_step_cond_eq	KolmogorovMathlib/Complexity/Information/RandomConservation.lean	private
Kolmogorov.SUV.Ch02.ex59bDecompressor	Kolmogorov.dropConditionDecompressor	KolmogorovMathlib/Complexity/Information/RandomConservation.lean	public
Kolmogorov.SUV.Ch02.ex59bDecompressor_isDecompressor	Kolmogorov.dropConditionDecompressor_isDecompressor	KolmogorovMathlib/Complexity/Information/RandomConservation.lean	private
Kolmogorov.SUV.Ch02.ex59b_drop_condition	Kolmogorov.condK_le_condK_pair_add_two_plainK	KolmogorovMathlib/Complexity/Information/RandomConservation.lean	public
Kolmogorov.SUV.Ch02.ex59cDecompressor	Kolmogorov.relativizedConservationDecompressor	KolmogorovMathlib/Complexity/Information/RandomConservation.lean	public
Kolmogorov.SUV.Ch02.ex59cDecompressor_isDecompressor	Kolmogorov.relativizedConservationDecompressor_isDecompressor	KolmogorovMathlib/Complexity/Information/ConservationBounds.lean	private
Kolmogorov.SUV.Ch02.ex59c_compose	Kolmogorov.relativized_conservation_compose	KolmogorovMathlib/Complexity/Information/ConservationBounds.lean	public
Kolmogorov.SUV.Ch02.ex59dDecompressor	Kolmogorov.differenceDecompressor	KolmogorovMathlib/Complexity/Information/ConservationBounds.lean	public
Kolmogorov.SUV.Ch02.ex59dDecompressor_isDecompressor	Kolmogorov.differenceDecompressor_isDecompressor	KolmogorovMathlib/Complexity/Information/ConservationBounds.lean	private
Kolmogorov.SUV.Ch02.ex59d_sub_complexity	Kolmogorov.plainK_sub_le	KolmogorovMathlib/Complexity/Information/ConservationBounds.lean	private
Kolmogorov.SUV.Ch02.ex64_condK_ne_top	Kolmogorov.independenceExample_condK_ne_top	KolmogorovMathlib/Complexity/Information/MutualInformation.lean	private
Kolmogorov.SUV.Ch02.ex64_le_logSlack	Kolmogorov.independenceExample_le_logSlack	KolmogorovMathlib/Complexity/Information/MutualInformation.lean	private
Kolmogorov.SUV.Ch02.ex64_le_toNat	Kolmogorov.independenceExample_le_toNat	KolmogorovMathlib/Complexity/Information/MutualInformation.lean	private
Kolmogorov.SUV.Ch02.ex64_log_le_bits	Kolmogorov.independenceExample_log_le_bits	KolmogorovMathlib/Complexity/Information/MutualInformation.lean	private
Kolmogorov.SUV.Ch02.ex64_plainK_ne_top	Kolmogorov.plainK_ne_top	KolmogorovMathlib/Complexity/PairComplexity/LogarithmicTerms/ConditionalBounds.lean	private
Kolmogorov.SUV.Ch02.ex64_toNat_le₁	Kolmogorov.independenceExample_toNat_le₁	KolmogorovMathlib/Complexity/Information/MutualInformation.lean	private
Kolmogorov.SUV.Ch02.ex64_toNat_le₂	Kolmogorov.independenceExample_toNat_le₂	KolmogorovMathlib/Complexity/Information/MutualInformation.lean	private
Kolmogorov.SUV.Ch02.ex65_condK_eq_condCVal	Kolmogorov.markovReversal_condK_eq_condCVal	KolmogorovMathlib/Complexity/Information/MutualInformation.lean	private
Kolmogorov.SUV.Ch02.ex65_condK_ne_top	Kolmogorov.markovReversal_condK_ne_top	KolmogorovMathlib/Complexity/Information/MutualInformation.lean	private
Kolmogorov.SUV.Ch02.exercise19_overhead_characterization	Kolmogorov.pair_overhead_characterization	KolmogorovMathlib/Complexity/PairComplexity/Overhead.lean	public
Kolmogorov.SUV.Ch02.exercise23_decompressor	Kolmogorov.pairSelfComplexityDecompressor	KolmogorovMathlib/Complexity/PairComplexity/LogarithmicTerms/PlainBounds.lean	public
Kolmogorov.SUV.Ch02.exercise23_decompressor_isDecompressor	Kolmogorov.pairSelfComplexityDecompressor_isDecompressor	KolmogorovMathlib/Complexity/PairComplexity/LogarithmicTerms/PlainBounds.lean	private
Kolmogorov.SUV.Ch02.exercise23_mapFn	Kolmogorov.pairSelfComplexityMap	KolmogorovMathlib/Complexity/PairComplexity/LogarithmicTerms/PlainBounds.lean	public
Kolmogorov.SUV.Ch02.exercise23_mapFn_computable	Kolmogorov.pairSelfComplexityMap_computable	KolmogorovMathlib/Complexity/PairComplexity/LogarithmicTerms/PlainBounds.lean	private
Kolmogorov.SUV.Ch02.exercise24Map	Kolmogorov.pairLevelMap	KolmogorovMathlib/Complexity/PairComplexity/LogarithmicTerms/PlainBounds.lean	public
Kolmogorov.SUV.Ch02.exercise24Map_isDecompressor	Kolmogorov.pairLevelMap_isDecompressor	KolmogorovMathlib/Complexity/PairComplexity/LogarithmicTerms/PlainBounds.lean	private
Kolmogorov.SUV.Ch02.exercise28_dir1	Kolmogorov.condK_min_program_le	KolmogorovMathlib/Complexity/InfiniteSequences/MonotoneGap.lean	private
Kolmogorov.SUV.Ch02.exercise28_dir2	Kolmogorov.le_condK_min_program	KolmogorovMathlib/Complexity/InfiniteSequences/MonotoneGap.lean	private
Kolmogorov.SUV.Ch02.exercise35_nat_arith	Kolmogorov.pairSlack_nat_arith	KolmogorovMathlib/Complexity/ConditionalComplexity/Continuity.lean	private
Kolmogorov.SUV.Ch02.exercise41Acceptable	Kolmogorov.randomCondAcceptable	KolmogorovMathlib/Complexity/RandomConditions/Enumeration.lean	public
Kolmogorov.SUV.Ch02.exercise41Acceptable_cond_primrec	Kolmogorov.randomCondAcceptable_cond_primrec	KolmogorovMathlib/Complexity/RandomConditions/Bound/StageComputability.lean	private
Kolmogorov.SUV.Ch02.exercise41CandidateList	Kolmogorov.randomCondCandidateList	KolmogorovMathlib/Complexity/RandomConditions/Enumeration.lean	public
Kolmogorov.SUV.Ch02.exercise41CandidateList_primrec	Kolmogorov.randomCondCandidateList_primrec	KolmogorovMathlib/Complexity/RandomConditions/Bound/StageComputability.lean	private
Kolmogorov.SUV.Ch02.exercise41Check	Kolmogorov.randomCondCheck	KolmogorovMathlib/Complexity/RandomConditions/Enumeration.lean	public
Kolmogorov.SUV.Ch02.exercise41Check_primrec	Kolmogorov.randomCondCheck_primrec	KolmogorovMathlib/Complexity/RandomConditions/Bound/StageComputability.lean	private
Kolmogorov.SUV.Ch02.exercise41Count	Kolmogorov.randomCondCount	KolmogorovMathlib/Complexity/RandomConditions/Enumeration.lean	public
Kolmogorov.SUV.Ch02.exercise41Count_primrec	Kolmogorov.randomCondCount_primrec	KolmogorovMathlib/Complexity/RandomConditions/Bound/StageComputability.lean	private
Kolmogorov.SUV.Ch02.exercise41Decoder	Kolmogorov.randomCondDecoder	KolmogorovMathlib/Complexity/RandomConditions/Enumeration.lean	public
Kolmogorov.SUV.Ch02.exercise41Decoder_isDecompressor	Kolmogorov.randomCondDecoder_isDecompressor	KolmogorovMathlib/Complexity/RandomConditions/Bound/StageComputability.lean	private
Kolmogorov.SUV.Ch02.exercise41Get	Kolmogorov.randomCondGet	KolmogorovMathlib/Complexity/RandomConditions/Enumeration.lean	public
Kolmogorov.SUV.Ch02.exercise41Get_primrec	Kolmogorov.randomCondGet_primrec	KolmogorovMathlib/Complexity/RandomConditions/Bound/StageComputability.lean	private
Kolmogorov.SUV.Ch02.exercise41MemSnapshot_primrec	Kolmogorov.randomCondMemSnapshot_primrec	KolmogorovMathlib/Complexity/RandomConditions/Bound/StageComputability.lean	public
Kolmogorov.SUV.Ch02.exercise41Stage	Kolmogorov.randomCondStage	KolmogorovMathlib/Complexity/RandomConditions/Enumeration.lean	public
Kolmogorov.SUV.Ch02.exercise41StageList	Kolmogorov.randomCondStageList	KolmogorovMathlib/Complexity/RandomConditions/Enumeration.lean	public
Kolmogorov.SUV.Ch02.exercise41StageList_primrec	Kolmogorov.randomCondStageList_primrec	KolmogorovMathlib/Complexity/RandomConditions/Bound/StageComputability.lean	private
Kolmogorov.SUV.Ch02.exercise41Stage_eventually_mem	Kolmogorov.randomCondStage_eventually_mem	KolmogorovMathlib/Complexity/RandomConditions/Bound/StageComputability.lean	private
Kolmogorov.SUV.Ch02.exercise41Stage_length_bound	Kolmogorov.randomCondStage_length_bound	KolmogorovMathlib/Complexity/RandomConditions/Bound/StageComputability.lean	private
Kolmogorov.SUV.Ch02.exercise41Stage_mono	Kolmogorov.randomCondStage_mono	KolmogorovMathlib/Complexity/RandomConditions/Enumeration.lean	public
Kolmogorov.SUV.Ch02.exercise41Stage_nodup	Kolmogorov.randomCondStage_nodup	KolmogorovMathlib/Complexity/RandomConditions/Enumeration.lean	public
Kolmogorov.SUV.Ch02.exercise41Stage_prefix	Kolmogorov.randomCondStage_prefix	KolmogorovMathlib/Complexity/RandomConditions/Enumeration.lean	private
Kolmogorov.SUV.Ch02.exercise41Stage_primrec	Kolmogorov.randomCondStage_primrec	KolmogorovMathlib/Complexity/RandomConditions/Bound/StageComputability.lean	private
Kolmogorov.SUV.Ch02.exercise41Step	Kolmogorov.randomCondStep	KolmogorovMathlib/Complexity/RandomConditions/Enumeration.lean	public
Kolmogorov.SUV.Ch02.exercise41Step_cand_primrec	Kolmogorov.randomCondStep_cand_primrec	KolmogorovMathlib/Complexity/RandomConditions/Bound/StageComputability.lean	private
Kolmogorov.SUV.Ch02.exercise41Step_cond_primrec	Kolmogorov.randomCondStep_cond_primrec	KolmogorovMathlib/Complexity/RandomConditions/Bound/StageComputability.lean	private
Kolmogorov.SUV.Ch02.exercise41Step_not_mem_primrec	Kolmogorov.randomCondStep_not_mem_primrec	KolmogorovMathlib/Complexity/RandomConditions/Bound/StageComputability.lean	private
Kolmogorov.SUV.Ch02.exercise41Step_primrec	Kolmogorov.randomCondStep_primrec	KolmogorovMathlib/Complexity/RandomConditions/Bound/StageComputability.lean	private
Kolmogorov.SUV.Ch02.exercise50_Cinf_below_M	Kolmogorov.exists_cinf_lt_monotone	KolmogorovMathlib/Complexity/InfiniteSequences/MonotoneGap.lean	public
Kolmogorov.SUV.Ch02.exercise51_M_below_C	Kolmogorov.exists_monotone_lt_plainK	KolmogorovMathlib/Complexity/InfiniteSequences/MonotoneComparison.lean	public
Kolmogorov.SUV.Ch02.exercise52_Cinf_le_two_Minf	Kolmogorov.cinf_le_two_mul_minf	KolmogorovMathlib/Complexity/InfiniteSequences/MonotoneComparison.lean	public
Kolmogorov.SUV.Ch02.exercise62_weaker_hypotheses	Kolmogorov.mutual_information_weaker_hypotheses	KolmogorovMathlib/Complexity/Information/ConservationBounds.lean	public
Kolmogorov.SUV.Ch02.exercise65_markov_reversal	Kolmogorov.markov_reversal	KolmogorovMathlib/Complexity/Information/MutualInformation.lean	public
Kolmogorov.SUV.Ch02.mem_ex45RowEnum	Kolmogorov.mem_gameRowEnum	KolmogorovMathlib/Complexity/SelfComplexity/TokenGame/BoardMachinery.lean	public
Kolmogorov.SUV.Ch02.mem_ex45Tokens	Kolmogorov.mem_gameTokens	KolmogorovMathlib/Complexity/SelfComplexity/TokenGame/BoardMachinery.lean	public
Kolmogorov.SUV.Ch02.primrec_ex22_extractFromS	Kolmogorov.primrec_extractFromS	KolmogorovMathlib/Complexity/PairComplexity/LogarithmicTerms/PlainBounds.lean	private
Kolmogorov.SUV.Ch02.primrec_ex22_extractPrograms	Kolmogorov.primrec_extractPrograms	KolmogorovMathlib/Complexity/PairComplexity/LogarithmicTerms/PlainBounds.lean	private
Kolmogorov.SUV.Ch02.primrec_ex22_findS	Kolmogorov.primrec_findS	KolmogorovMathlib/Complexity/PairComplexity/LogarithmicTerms/PlainBounds.lean	private
Kolmogorov.SUV.Ch02.theorem16_first_decompressor	Kolmogorov.pairSelfDelimitingFirst	KolmogorovMathlib/Complexity/PairComplexity/Basic.lean	public
Kolmogorov.SUV.Ch02.theorem16_first_decompressor_isDecompressor	Kolmogorov.pairSelfDelimitingFirst_isDecompressor	KolmogorovMathlib/Complexity/PairComplexity/Basic.lean	private
Kolmogorov.SUV.Ch02.theorem16_second_decompressor	Kolmogorov.pairSelfDelimitingSecond	KolmogorovMathlib/Complexity/PairComplexity/Basic.lean	public
Kolmogorov.SUV.Ch02.theorem16_second_decompressor_isDecompressor	Kolmogorov.pairSelfDelimitingSecond_isDecompressor	KolmogorovMathlib/Complexity/PairComplexity/Basic.lean	private
Kolmogorov.SUV.Ch02.theorem16_third_decompressor	Kolmogorov.pairSelfDelimitingThird	KolmogorovMathlib/Complexity/PairComplexity/Basic.lean	public
Kolmogorov.SUV.Ch02.theorem16_third_decompressor_isDecompressor	Kolmogorov.pairSelfDelimitingThird_isDecompressor	KolmogorovMathlib/Complexity/PairComplexity/Basic.lean	private
Kolmogorov.SUV.Ch02.seqC	Kolmogorov.seqC	KolmogorovMathlib/Complexity/InfiniteSequences/MonotoneGap.lean	public
Kolmogorov.SUV.Ch02.seqCinf	Kolmogorov.seqCinf	KolmogorovMathlib/Complexity/InfiniteSequences/MonotoneGap.lean	public
Kolmogorov.SUV.Ch02.seqM	Kolmogorov.seqM	KolmogorovMathlib/Complexity/InfiniteSequences/MonotoneGap.lean	public
Kolmogorov.SUV.Ch02.seqMinf	Kolmogorov.seqMinf	KolmogorovMathlib/Complexity/InfiniteSequences/MonotoneGap.lean	public
Kolmogorov.SUV.Ch02.D1	Kolmogorov.D1	KolmogorovMathlib/Complexity/InfiniteSequences/MonotoneGap.lean	private
Kolmogorov.SUV.Ch02.D1_partrec	Kolmogorov.D1_partrec	KolmogorovMathlib/Complexity/InfiniteSequences/MonotoneGap.lean	private
Kolmogorov.SUV.Ch02.D1_eval	Kolmogorov.D1_eval	KolmogorovMathlib/Complexity/InfiniteSequences/MonotoneGap.lean	private
Kolmogorov.SUV.Ch02.H_func	Kolmogorov.H_func	KolmogorovMathlib/Complexity/InfiniteSequences/MonotoneGap.lean	private
Kolmogorov.SUV.Ch02.H_nat	Kolmogorov.H_nat	KolmogorovMathlib/Complexity/InfiniteSequences/MonotoneGap.lean	private
Kolmogorov.SUV.Ch02.H_nat_partrec	Kolmogorov.H_nat_partrec	KolmogorovMathlib/Complexity/InfiniteSequences/MonotoneGap.lean	private
Kolmogorov.SUV.Ch02.F_p	Kolmogorov.F_p	KolmogorovMathlib/Complexity/InfiniteSequences/MonotoneGap.lean	private
Kolmogorov.SUV.Ch02.F_p_computable	Kolmogorov.F_p_computable	KolmogorovMathlib/Complexity/InfiniteSequences/MonotoneGap.lean	private
Kolmogorov.SUV.Ch02.fP	Kolmogorov.fP	KolmogorovMathlib/Complexity/InfiniteSequences/MonotoneGap.lean	private
Kolmogorov.SUV.Ch02.f_p_computable	Kolmogorov.f_p_computable	KolmogorovMathlib/Complexity/InfiniteSequences/MonotoneGap.lean	private
Kolmogorov.SUV.Ch02.eval_F_p	Kolmogorov.eval_F_p	KolmogorovMathlib/Complexity/InfiniteSequences/MonotoneGap.lean	private
Kolmogorov.SUV.Ch02.condK_eq_min_program_complexity	Kolmogorov.condK_eq_min_program_complexity	KolmogorovMathlib/Complexity/InfiniteSequences/MonotoneGap.lean	public
Kolmogorov.SUV.Ch02.onesZerosSeq	Kolmogorov.onesZerosSeq	KolmogorovMathlib/Complexity/InfiniteSequences/MonotoneGap.lean	public
Kolmogorov.SUV.Ch02.seqPrefix_onesZeros	Kolmogorov.seqPrefix_onesZeros	KolmogorovMathlib/Complexity/InfiniteSequences/MonotoneGap.lean	public
Kolmogorov.SUV.Ch02.D_ones	Kolmogorov.D_ones	KolmogorovMathlib/Complexity/InfiniteSequences/MonotoneGap.lean	public
Kolmogorov.SUV.Ch02.D_ones_partrec	Kolmogorov.D_ones_partrec	KolmogorovMathlib/Complexity/InfiniteSequences/MonotoneGap.lean	public
Kolmogorov.SUV.Ch02.D_cond_fn	Kolmogorov.D_cond_fn	KolmogorovMathlib/Complexity/InfiniteSequences/MonotoneGap.lean	public
Kolmogorov.SUV.Ch02.D_cond	Kolmogorov.D_cond	KolmogorovMathlib/Complexity/InfiniteSequences/MonotoneGap.lean	public
Kolmogorov.SUV.Ch02.D_cond_fn_computable	Kolmogorov.D_cond_fn_computable	KolmogorovMathlib/Complexity/InfiniteSequences/MonotoneGap.lean	public
Kolmogorov.SUV.Ch02.D_cond_partrec	Kolmogorov.D_cond_partrec	KolmogorovMathlib/Complexity/InfiniteSequences/MonotoneGap.lean	public
Kolmogorov.SUV.Ch02.fExtractBody	Kolmogorov.fExtractBody	KolmogorovMathlib/Complexity/InfiniteSequences/MonotoneGap.lean	public
Kolmogorov.SUV.Ch02.f_extract_body_partrec	Kolmogorov.f_extract_body_partrec	KolmogorovMathlib/Complexity/InfiniteSequences/MonotoneGap.lean	public
Kolmogorov.SUV.Ch02.fExtract	Kolmogorov.fExtract	KolmogorovMathlib/Complexity/InfiniteSequences/MonotoneGap.lean	public
Kolmogorov.SUV.Ch02.f_extract_partrec	Kolmogorov.f_extract_partrec	KolmogorovMathlib/Complexity/InfiniteSequences/MonotoneGap.lean	public
Kolmogorov.SUV.Ch02.exists_lexKey	Kolmogorov.exists_lexKey	KolmogorovMathlib/Complexity/InfiniteSequences/MonotoneComparison.lean	public
Kolmogorov.SUV.Ch02.exists_threshold_of_limsup_le	Kolmogorov.exists_threshold_of_limsup_le	KolmogorovMathlib/Complexity/InfiniteSequences/MonotoneComparison.lean	public
Kolmogorov.SUV.Ch02.seqPrefix_computable	Kolmogorov.seqPrefix_computable	KolmogorovMathlib/Complexity/InfiniteSequences/MonotoneComparison.lean	public
Kolmogorov.SUV.Ch02.computable_iff_condK_prefix_bounded	Kolmogorov.computable_iff_condK_prefix_bounded	KolmogorovMathlib/Complexity/InfiniteSequences/MonotoneComparison.lean	public
Kolmogorov.SUV.Ch02.incompressibleFinset	Kolmogorov.incompressibleFinset	KolmogorovMathlib/Complexity/InfiniteSequences/MonotoneComparison.lean	public
Kolmogorov.SUV.Ch02.zeroPadDecoder	Kolmogorov.zeroPadDecoder	KolmogorovMathlib/Complexity/InfiniteSequences/MonotoneComparison.lean	public
Kolmogorov.SUV.Ch02.zeroPadDecoder_isDecompressor	Kolmogorov.zeroPadDecoder_isDecompressor	KolmogorovMathlib/Complexity/InfiniteSequences/MonotoneComparison.lean	public
Kolmogorov.SUV.Ch02.countAdviceDecoder	Kolmogorov.countAdviceDecoder	KolmogorovMathlib/Complexity/InfiniteSequences/MonotoneComparison.lean	public
Kolmogorov.SUV.Ch02.countAdviceDecoder_isDecompressor	Kolmogorov.countAdviceDecoder_isDecompressor	KolmogorovMathlib/Complexity/InfiniteSequences/MonotoneComparison.lean	public
Kolmogorov.SUV.Ch02.countProgramDecoder	Kolmogorov.countProgramDecoder	KolmogorovMathlib/Complexity/InfiniteSequences/MonotoneComparison.lean	public
Kolmogorov.SUV.Ch02.countProgramDecoder_isDecompressor	Kolmogorov.countProgramDecoder_isDecompressor	KolmogorovMathlib/Complexity/InfiniteSequences/MonotoneComparison.lean	public
Kolmogorov.SUV.Ch02.mem_incompressibleFinset	Kolmogorov.mem_incompressibleFinset	KolmogorovMathlib/Complexity/InfiniteSequences/MonotoneComparison.lean	private
Kolmogorov.SUV.Ch02.incompressible_set_eq_coe	Kolmogorov.incompressible_set_eq_coe	KolmogorovMathlib/Complexity/InfiniteSequences/MonotoneComparison.lean	private
Kolmogorov.SUV.Ch02.enat_le_pred_iff	Kolmogorov.enat_le_pred_iff	KolmogorovMathlib/Complexity/InfiniteSequences/MonotoneComparison.lean	private
Kolmogorov.SUV.Ch02.card_incompressibleFinset_add_sliceCount	Kolmogorov.card_incompressibleFinset_add_sliceCount	KolmogorovMathlib/Complexity/InfiniteSequences/MonotoneComparison.lean	private
Kolmogorov.SUV.Ch02.zeroPad_produces	Kolmogorov.zeroPad_produces	KolmogorovMathlib/Complexity/InfiniteSequences/MonotoneComparison.lean	private
Kolmogorov.SUV.Ch02.three_mul_add_lt_two_pow	Kolmogorov.three_mul_add_lt_two_pow	KolmogorovMathlib/Complexity/InfiniteSequences/MonotoneComparison.lean	private
Kolmogorov.SUV.Ch02.exists_pad_constant	Kolmogorov.exists_pad_constant	KolmogorovMathlib/Complexity/InfiniteSequences/MonotoneComparison.lean	private
Kolmogorov.SUV.Ch02.card_incompressibleFinset_le	Kolmogorov.card_incompressibleFinset_le	KolmogorovMathlib/Complexity/InfiniteSequences/MonotoneComparison.lean	private
Kolmogorov.SUV.Ch02.countAdvice_produces	Kolmogorov.countAdvice_produces	KolmogorovMathlib/Complexity/InfiniteSequences/MonotoneComparison.lean	private
Kolmogorov.SUV.Ch02.card_incompressibleFinset_ge	Kolmogorov.card_incompressibleFinset_ge	KolmogorovMathlib/Complexity/InfiniteSequences/MonotoneComparison.lean	private
Kolmogorov.SUV.Ch02.countProgram_produces	Kolmogorov.countProgram_produces	KolmogorovMathlib/Complexity/InfiniteSequences/MonotoneComparison.lean	private
Kolmogorov.SUV.Ch02.card_incompressible_mem_Icc	Kolmogorov.card_incompressible_mem_Icc	KolmogorovMathlib/Complexity/InfiniteSequences/MonotoneComparison.lean	public
Kolmogorov.SUV.Ch02.plainK_card_incompressible_ge	Kolmogorov.plainK_card_incompressible_ge	KolmogorovMathlib/Complexity/InfiniteSequences/MonotoneComparison.lean	public
Kolmogorov.SUV.Ch02.isHeavyAt_primrec	Kolmogorov.isHeavyAt_primrec	KolmogorovMathlib/Complexity/ConditionalComplexity/AverageBounds/Tail.lean	public
Kolmogorov.SUV.Ch02.heavyEnum_eq_rec	Kolmogorov.heavyEnum_eq_rec	KolmogorovMathlib/Complexity/ConditionalComplexity/AverageBounds/Tail.lean	public
Kolmogorov.SUV.Ch02.heavyEnum_primrec	Kolmogorov.heavyEnum_primrec	KolmogorovMathlib/Complexity/ConditionalComplexity/AverageBounds/Tail.lean	public
Kolmogorov.SUV.Ch02.heavyS	Kolmogorov.heavyS	KolmogorovMathlib/Complexity/ConditionalComplexity/AverageBounds/Tail.lean	public
Kolmogorov.SUV.Ch02.heavyI	Kolmogorov.heavyI	KolmogorovMathlib/Complexity/ConditionalComplexity/AverageBounds/Tail.lean	public
Kolmogorov.SUV.Ch02.heavyT	Kolmogorov.heavyT	KolmogorovMathlib/Complexity/ConditionalComplexity/AverageBounds/Tail.lean	public
Kolmogorov.SUV.Ch02.heavyDecoder	Kolmogorov.heavyDecoder	KolmogorovMathlib/Complexity/ConditionalComplexity/AverageBounds/Tail.lean	public
Kolmogorov.SUV.Ch02.heavyS_primrec	Kolmogorov.heavyS_primrec	KolmogorovMathlib/Complexity/ConditionalComplexity/AverageBounds/Tail.lean	public
Kolmogorov.SUV.Ch02.heavyI_primrec	Kolmogorov.heavyI_primrec	KolmogorovMathlib/Complexity/ConditionalComplexity/AverageBounds/Tail.lean	public
Kolmogorov.SUV.Ch02.heavyT_primrec	Kolmogorov.heavyT_primrec	KolmogorovMathlib/Complexity/ConditionalComplexity/AverageBounds/Tail.lean	public
Kolmogorov.SUV.Ch02.heavyDecoder_isDecompressor	Kolmogorov.heavyDecoder_isDecompressor	KolmogorovMathlib/Complexity/ConditionalComplexity/AverageBounds/Tail.lean	public
Kolmogorov.SUV.Ch02.heavyDecoder_produces	Kolmogorov.heavyDecoder_produces	KolmogorovMathlib/Complexity/ConditionalComplexity/AverageBounds/Tail.lean	public
Kolmogorov.SUV.Ch02.lowCount	Kolmogorov.lowCount	KolmogorovMathlib/Complexity/ConditionalComplexity/AverageBounds/Tail.lean	public
Kolmogorov.SUV.Ch02.exists_stage_hit	Kolmogorov.exists_stage_hit	KolmogorovMathlib/Complexity/ConditionalComplexity/AverageBounds/Tail.lean	public
Kolmogorov.SUV.Ch02.exists_mem_heavyEnum	Kolmogorov.exists_mem_heavyEnum	KolmogorovMathlib/Complexity/ConditionalComplexity/AverageBounds/Tail.lean	public
Kolmogorov.SUV.Ch02.heavy_condK_bound	Kolmogorov.heavy_condK_bound	KolmogorovMathlib/Complexity/ConditionalComplexity/AverageBounds/Tail.lean	public
Kolmogorov.SUV.Ch02.condK_ne_top_of_opt	Kolmogorov.condK_ne_top_of_opt	KolmogorovMathlib/Complexity/ConditionalComplexity/AverageBounds/Tail.lean	public
Kolmogorov.SUV.Ch02.condK_eq_condCVal	Kolmogorov.condK_eq_condCVal	KolmogorovMathlib/Complexity/ConditionalComplexity/AverageBounds/Tail.lean	public
Kolmogorov.SUV.Ch02.two_pow_size_le	Kolmogorov.two_pow_size_le	KolmogorovMathlib/Complexity/ConditionalComplexity/AverageBounds/Tail.lean	public
Kolmogorov.SUV.Ch02.fraction_condK_lt_condK_length_le	Kolmogorov.fraction_condK_lt_condK_length_le	KolmogorovMathlib/Complexity/ConditionalComplexity/AverageBounds/Tail.lean	public
Kolmogorov.SUV.Ch02.average_condK_eq_condK_length	Kolmogorov.average_condK_eq_condK_length	KolmogorovMathlib/Complexity/ConditionalComplexity/AverageBounds/Expectation.lean	public
Kolmogorov.SUV.Ch02.shortCondDecompressor	Kolmogorov.shortCondDecompressor	KolmogorovMathlib/Complexity/ConditionalComplexity/AverageBounds/Expectation.lean	public
Kolmogorov.SUV.Ch02.shortCondDecompressor_computable	Kolmogorov.shortCondDecompressor_computable	KolmogorovMathlib/Complexity/ConditionalComplexity/AverageBounds/Expectation.lean	public
Kolmogorov.SUV.Ch02.plainK_le_of_condK_lt	Kolmogorov.plainK_le_of_condK_lt	KolmogorovMathlib/Complexity/ConditionalComplexity/AverageBounds/Expectation.lean	public
Kolmogorov.SUV.Ch02.selfCondDecompressor	Kolmogorov.selfCondDecompressor	KolmogorovMathlib/Complexity/ConditionalComplexity/AverageBounds/Expectation.lean	public
Kolmogorov.SUV.Ch02.selfCondDecompressor_partrec	Kolmogorov.selfCondDecompressor_partrec	KolmogorovMathlib/Complexity/ConditionalComplexity/AverageBounds/Expectation.lean	public
Kolmogorov.SUV.Ch02.plainK_eq_condK_self_plainK	Kolmogorov.plainK_eq_condK_self_plainK	KolmogorovMathlib/Complexity/ConditionalComplexity/AverageBounds/Expectation.lean	public
Kolmogorov.SUV.Ch02.gacs_condK_complexity_eq_log	Kolmogorov.exists_condK_cVal_within_log_length	KolmogorovMathlib/Complexity/SelfComplexity/TokenGame/LowerBound.lean	public
Kolmogorov.SUV.Ch02.seqPrefix_take	Kolmogorov.seqPrefix_take	KolmogorovMathlib/Complexity/InfiniteSequences/PrefixComplexity.lean	public
Kolmogorov.SUV.Ch02.lexKey	Kolmogorov.lexKey	KolmogorovMathlib/Complexity/InfiniteSequences/PrefixComplexity.lean	public
Kolmogorov.SUV.Ch02.foldl_key_acc	Kolmogorov.foldl_key_acc	KolmogorovMathlib/Complexity/InfiniteSequences/PrefixComplexity.lean	private
Kolmogorov.SUV.Ch02.lexKey_cons	Kolmogorov.lexKey_cons	KolmogorovMathlib/Complexity/InfiniteSequences/PrefixComplexity.lean	public
Kolmogorov.SUV.Ch02.lexKey_append	Kolmogorov.lexKey_append	KolmogorovMathlib/Complexity/InfiniteSequences/PrefixComplexity.lean	public
Kolmogorov.SUV.Ch02.lexKey_lt	Kolmogorov.lexKey_lt	KolmogorovMathlib/Complexity/InfiniteSequences/PrefixComplexity.lean	public
Kolmogorov.SUV.Ch02.lexKey_take	Kolmogorov.lexKey_take	KolmogorovMathlib/Complexity/InfiniteSequences/PrefixComplexity.lean	public
Kolmogorov.SUV.Ch02.lexKey_inj	Kolmogorov.lexKey_inj	KolmogorovMathlib/Complexity/InfiniteSequences/PrefixComplexity.lean	public
Kolmogorov.SUV.Ch02.lexKey_take_le	Kolmogorov.lexKey_take_le	KolmogorovMathlib/Complexity/InfiniteSequences/PrefixComplexity.lean	public
Kolmogorov.SUV.Ch02.lexKey_primrec	Kolmogorov.lexKey_primrec	KolmogorovMathlib/Complexity/InfiniteSequences/PrefixComplexity.lean	public
Kolmogorov.SUV.Ch02.countP_lt_countP	Kolmogorov.countP_lt_countP	KolmogorovMathlib/Complexity/InfiniteSequences/PrefixComplexity.lean	public
Kolmogorov.SUV.Ch02.exists_limsup	Kolmogorov.exists_limsup	KolmogorovMathlib/Complexity/InfiniteSequences/PrefixComplexity.lean	public
Kolmogorov.SUV.Ch02.mLeft	Kolmogorov.mLeft	KolmogorovMathlib/Complexity/InfiniteSequences/PrefixComplexity.lean	public
Kolmogorov.SUV.Ch02.mRight	Kolmogorov.mRight	KolmogorovMathlib/Complexity/InfiniteSequences/PrefixComplexity.lean	public
Kolmogorov.SUV.Ch02.mLevelCount	Kolmogorov.mLevelCount	KolmogorovMathlib/Complexity/InfiniteSequences/PrefixComplexity.lean	public
Kolmogorov.SUV.Ch02.mTrueLeft	Kolmogorov.mTrueLeft	KolmogorovMathlib/Complexity/InfiniteSequences/PrefixComplexity.lean	public
Kolmogorov.SUV.Ch02.mTrueRight	Kolmogorov.mTrueRight	KolmogorovMathlib/Complexity/InfiniteSequences/PrefixComplexity.lean	public
Kolmogorov.SUV.Ch02.mLeft_primrec	Kolmogorov.mLeft_primrec	KolmogorovMathlib/Complexity/InfiniteSequences/PrefixComplexity.lean	public
Kolmogorov.SUV.Ch02.mRight_primrec	Kolmogorov.mRight_primrec	KolmogorovMathlib/Complexity/InfiniteSequences/PrefixComplexity.lean	public
Kolmogorov.SUV.Ch02.mLeft_le_true	Kolmogorov.mLeft_le_true	KolmogorovMathlib/Complexity/InfiniteSequences/PrefixComplexity.lean	public
Kolmogorov.SUV.Ch02.mRight_le_true	Kolmogorov.mRight_le_true	KolmogorovMathlib/Complexity/InfiniteSequences/PrefixComplexity.lean	public
Kolmogorov.SUV.Ch02.mTrueLeft_le_level	Kolmogorov.mTrueLeft_le_level	KolmogorovMathlib/Complexity/InfiniteSequences/PrefixComplexity.lean	public
Kolmogorov.SUV.Ch02.mTrueRight_le_level	Kolmogorov.mTrueRight_le_level	KolmogorovMathlib/Complexity/InfiniteSequences/PrefixComplexity.lean	public
Kolmogorov.SUV.Ch02.mTrueLeft_strict	Kolmogorov.mTrueLeft_strict	KolmogorovMathlib/Complexity/InfiniteSequences/PrefixComplexity.lean	public
Kolmogorov.SUV.Ch02.mTrueRight_strict	Kolmogorov.mTrueRight_strict	KolmogorovMathlib/Complexity/InfiniteSequences/PrefixComplexity.lean	public
Kolmogorov.SUV.Ch02.exists_sat	Kolmogorov.exists_sat	KolmogorovMathlib/Complexity/InfiniteSequences/PrefixComplexity.lean	public
Kolmogorov.SUV.Ch02.mLeft_eq_true_of_sat	Kolmogorov.mLeft_eq_true_of_sat	KolmogorovMathlib/Complexity/InfiniteSequences/PrefixComplexity.lean	public
Kolmogorov.SUV.Ch02.mRight_eq_true_of_sat	Kolmogorov.mRight_eq_true_of_sat	KolmogorovMathlib/Complexity/InfiniteSequences/PrefixComplexity.lean	public
Kolmogorov.SUV.Ch02.mBodyL	Kolmogorov.mBodyL	KolmogorovMathlib/Complexity/InfiniteSequences/PrefixComplexity.lean	public
Kolmogorov.SUV.Ch02.mBodyR	Kolmogorov.mBodyR	KolmogorovMathlib/Complexity/InfiniteSequences/PrefixComplexity.lean	public
Kolmogorov.SUV.Ch02.mBodyL_primrec	Kolmogorov.mBodyL_primrec	KolmogorovMathlib/Complexity/InfiniteSequences/PrefixComplexity.lean	public
Kolmogorov.SUV.Ch02.mBodyR_primrec	Kolmogorov.mBodyR_primrec	KolmogorovMathlib/Complexity/InfiniteSequences/PrefixComplexity.lean	public
Kolmogorov.SUV.Ch02.mCheck	Kolmogorov.mCheck	KolmogorovMathlib/Complexity/InfiniteSequences/PrefixComplexity.lean	public
Kolmogorov.SUV.Ch02.mCheck_primrec	Kolmogorov.mCheck_primrec	KolmogorovMathlib/Complexity/InfiniteSequences/PrefixComplexity.lean	public
Kolmogorov.SUV.Ch02.mFind	Kolmogorov.mFind	KolmogorovMathlib/Complexity/InfiniteSequences/PrefixComplexity.lean	public
Kolmogorov.SUV.Ch02.mFind_primrec	Kolmogorov.mFind_primrec	KolmogorovMathlib/Complexity/InfiniteSequences/PrefixComplexity.lean	public
Kolmogorov.SUV.Ch02.mSearch	Kolmogorov.mSearch	KolmogorovMathlib/Complexity/InfiniteSequences/PrefixComplexity.lean	public
Kolmogorov.SUV.Ch02.mSearch_partrec	Kolmogorov.mSearch_partrec	KolmogorovMathlib/Complexity/InfiniteSequences/PrefixComplexity.lean	public
Kolmogorov.SUV.Ch02.mSearch_spec	Kolmogorov.mSearch_spec	KolmogorovMathlib/Complexity/InfiniteSequences/PrefixComplexity.lean	public
Kolmogorov.SUV.Ch02.card_lt_of_condK_le	Kolmogorov.card_lt_of_condK_le	KolmogorovMathlib/Complexity/InfiniteSequences/PrefixComplexity.lean	public
Kolmogorov.SUV.Ch02.countP_allStrings_eq_card	Kolmogorov.countP_allStrings_eq_card	KolmogorovMathlib/Complexity/InfiniteSequences/PrefixComplexity.lean	public
Kolmogorov.SUV.Ch02.log2Step	Kolmogorov.NatLog.log2Step	KolmogorovMathlib/AlgorithmicRandomness/NatLogPrimrec.lean	public
Kolmogorov.SUV.Ch02.log2Iter	Kolmogorov.NatLog.log2Iter	KolmogorovMathlib/AlgorithmicRandomness/NatLogPrimrec.lean	public
Kolmogorov.SUV.Ch02.log2Iter_succ	Kolmogorov.NatLog.log2Iter_succ	KolmogorovMathlib/AlgorithmicRandomness/NatLogPrimrec.lean	public
Kolmogorov.SUV.Ch02.log2Iter_succ'	Kolmogorov.NatLog.log2Iter_succ'	KolmogorovMathlib/AlgorithmicRandomness/NatLogPrimrec.lean	public
Kolmogorov.SUV.Ch02.lt_two_of_log2_eq_zero	Kolmogorov.NatLog.lt_two_of_log2_eq_zero	KolmogorovMathlib/AlgorithmicRandomness/NatLogPrimrec.lean	public
Kolmogorov.SUV.Ch02.log2_eq_succ	Kolmogorov.NatLog.log2_eq_succ	KolmogorovMathlib/AlgorithmicRandomness/NatLogPrimrec.lean	public
Kolmogorov.SUV.Ch02.log2Iter_spec	Kolmogorov.NatLog.log2Iter_spec	KolmogorovMathlib/AlgorithmicRandomness/NatLogPrimrec.lean	public
Kolmogorov.SUV.Ch02.log2Iter_eq_log2	Kolmogorov.NatLog.log2Iter_eq_log2	KolmogorovMathlib/AlgorithmicRandomness/NatLogPrimrec.lean	public
Kolmogorov.SUV.Ch02.log2Step_primrec	Kolmogorov.NatLog.log2Step_primrec	KolmogorovMathlib/AlgorithmicRandomness/NatLogPrimrec.lean	public
Kolmogorov.SUV.Ch02.exists_common_stage	Kolmogorov.exists_common_stage	KolmogorovMathlib/Complexity/InfiniteSequences/PrefixComplexity.lean	public
Kolmogorov.SUV.Ch02.computable_of_plainK_prefix_le_log	Kolmogorov.computable_of_plainK_prefix_le_log	KolmogorovMathlib/Complexity/InfiniteSequences/PrefixComplexity.lean	public
Kolmogorov.SUV.Ch02.bitsToNat_inj_of_length_eq	Kolmogorov.bitsToNat_inj_of_length_eq	KolmogorovMathlib/Complexity/IncompressibleStrings/Deficiency.lean	public
Kolmogorov.SUV.Ch02.exists_infinitely_many_prefix_plainK_le	Kolmogorov.exists_infinitely_many_prefix_plainK_le	KolmogorovMathlib/Complexity/IncompressibleStrings/Deficiency.lean	public
Kolmogorov.SUV.Ch02.goodPrefix	Kolmogorov.goodPrefix	KolmogorovMathlib/Complexity/IncompressibleStrings/Deficiency.lean	public
Kolmogorov.SUV.Ch02.validPrefix	Kolmogorov.validPrefix	KolmogorovMathlib/Complexity/IncompressibleStrings/Deficiency.lean	public
Kolmogorov.SUV.Ch02.matchingSeqAux	Kolmogorov.matchingSeqAux	KolmogorovMathlib/Complexity/IncompressibleStrings/Deficiency.lean	public
Kolmogorov.SUV.Ch02.matchingSeq	Kolmogorov.matchingSeq	KolmogorovMathlib/Complexity/IncompressibleStrings/Deficiency.lean	public
Kolmogorov.SUV.Ch02.matchingSeqAux_length	Kolmogorov.matchingSeqAux_length	KolmogorovMathlib/Complexity/IncompressibleStrings/Deficiency.lean	public
Kolmogorov.SUV.Ch02.matchingSeqAux_prefix	Kolmogorov.matchingSeqAux_prefix	KolmogorovMathlib/Complexity/IncompressibleStrings/Deficiency.lean	public
Kolmogorov.SUV.Ch02.seqPrefix_matchingSeq	Kolmogorov.seqPrefix_matchingSeq	KolmogorovMathlib/Complexity/IncompressibleStrings/Deficiency.lean	public
Kolmogorov.SUV.Ch02.validPrefix_step	Kolmogorov.validPrefix_step	KolmogorovMathlib/Complexity/IncompressibleStrings/Deficiency.lean	public
Kolmogorov.SUV.Ch02.prefixDecompressor	Kolmogorov.prefixDecompressor	KolmogorovMathlib/Complexity/IncompressibleStrings/Deficiency.lean	public
Kolmogorov.SUV.Ch02.prefixDecompressor_isDecompressor	Kolmogorov.prefixDecompressor_isDecompressor	KolmogorovMathlib/Complexity/IncompressibleStrings/Deficiency.lean	public
Kolmogorov.SUV.Ch02.exists_goodPrefix	Kolmogorov.exists_goodPrefix	KolmogorovMathlib/Complexity/IncompressibleStrings/Deficiency.lean	public
Kolmogorov.SUV.Ch02.exists_sequence_prefix_plainK_ge	Kolmogorov.exists_sequence_prefix_plainK_ge	KolmogorovMathlib/Complexity/IncompressibleStrings/Deficiency.lean	public
Kolmogorov.SUV.Ch02.deficiency	Kolmogorov.plainDeficiency	KolmogorovMathlib/Complexity/IncompressibleStrings/Deficiency.lean	public
Kolmogorov.SUV.Ch02.condDeficiency	Kolmogorov.condDeficiency	KolmogorovMathlib/Complexity/IncompressibleStrings/Deficiency.lean	public
Kolmogorov.SUV.Ch02.deficiencyMap	Kolmogorov.deficiencyMap	KolmogorovMathlib/Complexity/IncompressibleStrings/Deficiency.lean	public
Kolmogorov.SUV.Ch02.deficiencyMap_partrec	Kolmogorov.deficiencyMap_partrec	KolmogorovMathlib/Complexity/IncompressibleStrings/Deficiency.lean	public
Kolmogorov.SUV.Ch02.produces_deficiencyMap	Kolmogorov.produces_deficiencyMap	KolmogorovMathlib/Complexity/IncompressibleStrings/Deficiency.lean	public
Kolmogorov.SUV.Ch02.exists_min_program	Kolmogorov.exists_min_program	KolmogorovMathlib/Complexity/IncompressibleStrings/Deficiency.lean	public
Kolmogorov.SUV.Ch02.deficiency_bound_helper	Kolmogorov.deficiency_bound_helper	KolmogorovMathlib/Complexity/IncompressibleStrings/Deficiency.lean	public
Kolmogorov.SUV.Ch02.deficiency_comparison_le_log	Kolmogorov.deficiency_comparison_le_log	KolmogorovMathlib/Complexity/IncompressibleStrings/Deficiency.lean	public
Kolmogorov.SUV.Ch02.deterministic_information_conservation	Kolmogorov.deterministic_information_conservation	KolmogorovMathlib/Complexity/IncompressibleStrings/Deficiency.lean	public
Kolmogorov.SUV.Ch02.levin_information_conservation	Kolmogorov.levin_information_conservation	KolmogorovMathlib/Complexity/Information/ConservationBounds.lean	public
Kolmogorov.SUV.Ch02.info_asymmetric_example	Kolmogorov.info_asymmetric_example	KolmogorovMathlib/Complexity/Information/ConservationBounds.lean	public
Kolmogorov.SUV.Ch02.sum_indicator_bound	Kolmogorov.sum_indicator_bound	KolmogorovMathlib/Complexity/Information/ConservationBounds.lean	private
Kolmogorov.SUV.Ch02.sum_pow_two_reverse	Kolmogorov.sum_pow_two_reverse	KolmogorovMathlib/Complexity/Information/ConservationBounds.lean	private
Kolmogorov.SUV.Ch02.list_sum_eq_finset_sum	Kolmogorov.list_sum_eq_finset_sum	KolmogorovMathlib/Complexity/Information/ConservationBounds.lean	private
Kolmogorov.SUV.Ch02.sum_Ico_shift	Kolmogorov.sum_Ico_shift	KolmogorovMathlib/Complexity/Information/ConservationBounds.lean	private
Kolmogorov.SUV.Ch02.expected_info_le_log	Kolmogorov.expected_info_le_log	KolmogorovMathlib/Complexity/Information/ConservationBounds.lean	public
Kolmogorov.SUV.Ch02.condK_cond_swapPairCode_le	Kolmogorov.condK_cond_swapPairCode_le	KolmogorovMathlib/Complexity/Information/ConservationBounds.lean	public
Kolmogorov.SUV.Ch02.info_pair_chain_rule	Kolmogorov.info_pair_chain_rule	KolmogorovMathlib/Complexity/Information/MutualInformation.lean	public
Kolmogorov.SUV.Ch02.xorStr	Kolmogorov.xorStr	KolmogorovMathlib/Complexity/Information/MutualInformation.lean	public
Kolmogorov.SUV.Ch02.xorStr_primrec	Kolmogorov.xorStr_primrec	KolmogorovMathlib/Complexity/Information/MutualInformation.lean	public
Kolmogorov.SUV.Ch02.getD_xorStr	Kolmogorov.getD_xorStr	KolmogorovMathlib/Complexity/Information/MutualInformation.lean	public
Kolmogorov.SUV.Ch02.xorStr_xorStr_right	Kolmogorov.xorStr_xorStr_right	KolmogorovMathlib/Complexity/Information/MutualInformation.lean	public
Kolmogorov.SUV.Ch02.xorStr_xorStr_left	Kolmogorov.xorStr_xorStr_left	KolmogorovMathlib/Complexity/Information/MutualInformation.lean	public
Kolmogorov.SUV.Ch02.exists_independent_not_conditionally_independent	Kolmogorov.exists_independent_not_conditionally_independent	KolmogorovMathlib/Complexity/Information/MutualInformation.lean	public
Kolmogorov.SUV.Ch02.exists_conditionally_independent_not_independent	Kolmogorov.exists_conditionally_independent_not_independent	KolmogorovMathlib/Complexity/Information/MutualInformation.lean	public
Kolmogorov.SUV.Ch02.hasValue_condCVal	Kolmogorov.hasValue_condCVal	KolmogorovMathlib/Complexity/Information/MutualInformation.lean	private
Kolmogorov.SUV.Ch02.condK_condMapLe	Kolmogorov.condK_condMapLe	KolmogorovMathlib/Complexity/Information/MutualInformation.lean	private
Kolmogorov.SUV.Ch02.assocRightToLeft	Kolmogorov.assocRightToLeft	KolmogorovMathlib/Complexity/Information/MutualInformation.lean	private
Kolmogorov.SUV.Ch02.assocRightToLeft_p1	Kolmogorov.assocRightToLeft_p1	KolmogorovMathlib/Complexity/Information/MutualInformation.lean	private
Kolmogorov.SUV.Ch02.assocRightToLeft_p2	Kolmogorov.assocRightToLeft_p2	KolmogorovMathlib/Complexity/Information/MutualInformation.lean	private
Kolmogorov.SUV.Ch02.assocRightToLeft_p1_comp	Kolmogorov.assocRightToLeft_p1_comp	KolmogorovMathlib/Complexity/Information/MutualInformation.lean	private
Kolmogorov.SUV.Ch02.assocRightToLeft_pair_comp	Kolmogorov.assocRightToLeft_pair_comp	KolmogorovMathlib/Complexity/Information/MutualInformation.lean	private
Kolmogorov.SUV.Ch02.assocRightToLeft_p2_comp	Kolmogorov.assocRightToLeft_p2_comp	KolmogorovMathlib/Complexity/Information/MutualInformation.lean	private
Kolmogorov.SUV.Ch02.assocRightToLeft_computable	Kolmogorov.assocRightToLeft_computable	KolmogorovMathlib/Complexity/Information/MutualInformation.lean	private
Kolmogorov.SUV.Ch02.assocRightToLeft_spec	Kolmogorov.assocRightToLeft_spec	KolmogorovMathlib/Complexity/Information/MutualInformation.lean	private
Kolmogorov.SUV.Ch02.condK_assocRightToLeft_cond_le	Kolmogorov.condK_assocRightToLeft_cond_le	KolmogorovMathlib/Complexity/Information/MutualInformation.lean	private
Kolmogorov.SUV.Ch02.assocLeftToRight	Kolmogorov.assocLeftToRight	KolmogorovMathlib/Complexity/Information/MutualInformation.lean	private
Kolmogorov.SUV.Ch02.assocLeftToRight_p1	Kolmogorov.assocLeftToRight_p1	KolmogorovMathlib/Complexity/Information/MutualInformation.lean	private
Kolmogorov.SUV.Ch02.assocLeftToRight_p2	Kolmogorov.assocLeftToRight_p2	KolmogorovMathlib/Complexity/Information/MutualInformation.lean	private
Kolmogorov.SUV.Ch02.assocLeftToRight_p1_comp	Kolmogorov.assocLeftToRight_p1_comp	KolmogorovMathlib/Complexity/Information/MutualInformation.lean	private
Kolmogorov.SUV.Ch02.assocLeftToRight_p2_comp	Kolmogorov.assocLeftToRight_p2_comp	KolmogorovMathlib/Complexity/Information/MutualInformation.lean	private
Kolmogorov.SUV.Ch02.assocLeftToRight_computable	Kolmogorov.assocLeftToRight_computable	KolmogorovMathlib/Complexity/Information/MutualInformation.lean	private
Kolmogorov.SUV.Ch02.assocLeftToRight_spec	Kolmogorov.assocLeftToRight_spec	KolmogorovMathlib/Complexity/Information/MutualInformation.lean	private
Kolmogorov.SUV.Ch02.condK_assocLeftToRight_cond_le	Kolmogorov.condK_assocLeftToRight_cond_le	KolmogorovMathlib/Complexity/Information/MutualInformation.lean	private
Kolmogorov.SUV.Ch02.permCond	Kolmogorov.permCond	KolmogorovMathlib/Complexity/Information/MutualInformation.lean	private
Kolmogorov.SUV.Ch02.permCond_p1	Kolmogorov.permCond_p1	KolmogorovMathlib/Complexity/Information/MutualInformation.lean	private
Kolmogorov.SUV.Ch02.permCond_p2	Kolmogorov.permCond_p2	KolmogorovMathlib/Complexity/Information/MutualInformation.lean	private
Kolmogorov.SUV.Ch02.permCond_p1_comp	Kolmogorov.permCond_p1_comp	KolmogorovMathlib/Complexity/Information/MutualInformation.lean	private
Kolmogorov.SUV.Ch02.permCond_p2_comp	Kolmogorov.permCond_p2_comp	KolmogorovMathlib/Complexity/Information/MutualInformation.lean	private
Kolmogorov.SUV.Ch02.permCond_computable	Kolmogorov.permCond_computable	KolmogorovMathlib/Complexity/Information/MutualInformation.lean	private
Kolmogorov.SUV.Ch02.permCond_spec	Kolmogorov.permCond_spec	KolmogorovMathlib/Complexity/Information/MutualInformation.lean	private
Kolmogorov.SUV.Ch02.condK_perm_cond_le	Kolmogorov.condK_perm_cond_le	KolmogorovMathlib/Complexity/Information/MutualInformation.lean	private
Kolmogorov.SUV.Ch02.goal1_arith	Kolmogorov.goal1_arith	KolmogorovMathlib/Complexity/Information/MutualInformation.lean	private
Kolmogorov.SUV.Ch02.goal2_arith	Kolmogorov.goal2_arith	KolmogorovMathlib/Complexity/Information/MutualInformation.lean	private
Kolmogorov.SUV.Ch02.log_slack_bound	Kolmogorov.log_slack_bound	KolmogorovMathlib/Complexity/Information/MutualInformation.lean	private
Kolmogorov.SUV.Ch02.card_pairs_le_lt	Kolmogorov.card_pairs_le_lt	KolmogorovMathlib/Complexity/PairComplexity/Overhead.lean	private
Kolmogorov.SUV.Ch02.block_disjoint	Kolmogorov.block_disjoint	KolmogorovMathlib/Complexity/PairComplexity/Overhead.lean	private
Kolmogorov.SUV.Ch02.block_card	Kolmogorov.block_card	KolmogorovMathlib/Complexity/PairComplexity/Overhead.lean	private
Kolmogorov.SUV.Ch02.outer_disjoint	Kolmogorov.outer_disjoint	KolmogorovMathlib/Complexity/PairComplexity/Overhead.lean	private
Kolmogorov.SUV.Ch02.total_card	Kolmogorov.total_card	KolmogorovMathlib/Complexity/PairComplexity/Overhead.lean	private
Kolmogorov.SUV.Ch02.pair_complexity_le	Kolmogorov.pair_complexity_le	KolmogorovMathlib/Complexity/PairComplexity/Overhead.lean	private
Kolmogorov.SUV.Ch02.not_plainK_pair_le_add_single_log	Kolmogorov.not_plainK_pair_le_add_single_log	KolmogorovMathlib/Complexity/PairComplexity/Overhead.lean	public
Kolmogorov.SUV.Ch02.exists_minimal_program_cVal	Kolmogorov.exists_minimal_program_cVal	KolmogorovMathlib/Complexity/PairComplexity/Overhead.lean	public
Kolmogorov.SUV.Ch02.isPrefix_of_isPrefix_append	Kolmogorov.isPrefix_of_isPrefix_append	KolmogorovMathlib/Complexity/PairComplexity/Overhead.lean	public
Kolmogorov.SUV.Ch02.parsePair	Kolmogorov.parsePair	KolmogorovMathlib/Complexity/PairComplexity/Overhead.lean	public
Kolmogorov.SUV.Ch02.parsePair_computable	Kolmogorov.parsePair_computable	KolmogorovMathlib/Complexity/PairComplexity/Overhead.lean	public
Kolmogorov.SUV.Ch02.parsePair_encode	Kolmogorov.parsePair_encode	KolmogorovMathlib/Complexity/PairComplexity/Overhead.lean	public
Kolmogorov.SUV.Ch02.evalPairCode	Kolmogorov.evalPairCode	KolmogorovMathlib/Complexity/PairComplexity/Overhead.lean	public
Kolmogorov.SUV.Ch02.evalPairCode_partrec	Kolmogorov.evalPairCode_partrec	KolmogorovMathlib/Complexity/PairComplexity/Overhead.lean	public
Kolmogorov.SUV.Ch02.symmLogsDecompressor	Kolmogorov.symmLogsDecompressor	KolmogorovMathlib/Complexity/PairComplexity/Overhead.lean	public
Kolmogorov.SUV.Ch02.symmLogsDecompressor_isDecompressor	Kolmogorov.symmLogsDecompressor_isDecompressor	KolmogorovMathlib/Complexity/PairComplexity/Overhead.lean	public
Kolmogorov.SUV.Ch02.min_log_add_le	Kolmogorov.min_log_add_le	KolmogorovMathlib/Complexity/PairComplexity/Overhead.lean	public
Kolmogorov.SUV.Ch02.plainK_pair_le_add_logs	Kolmogorov.plainK_pair_le_add_logs	KolmogorovMathlib/Complexity/PairComplexity/LogarithmicTerms/PlainBounds.lean	public
Kolmogorov.SUV.Ch02.myPairCode	Kolmogorov.myPairCode	KolmogorovMathlib/Complexity/PairComplexity/LogarithmicTerms/PlainBounds.lean	private
Kolmogorov.SUV.Ch02.myPairCode_comp	Kolmogorov.myPairCode_comp	KolmogorovMathlib/Complexity/PairComplexity/LogarithmicTerms/PlainBounds.lean	private
Kolmogorov.SUV.Ch02.decodeBits_append_false	Kolmogorov.decodeBits_append_false	KolmogorovMathlib/Complexity/PairComplexity/LogarithmicTerms/PlainBounds.lean	private
Kolmogorov.SUV.Ch02.decodeBits_append_replicate_false	Kolmogorov.decodeBits_append_replicate_false	KolmogorovMathlib/Complexity/PairComplexity/LogarithmicTerms/PlainBounds.lean	private
Kolmogorov.SUV.Ch02.bits_length_le_bits_length_succ	Kolmogorov.bits_length_le_bits_length_succ	KolmogorovMathlib/Complexity/PairComplexity/LogarithmicTerms/PlainBounds.lean	private
Kolmogorov.SUV.Ch02.f_strictMono	Kolmogorov.f_strictMono	KolmogorovMathlib/Complexity/PairComplexity/LogarithmicTerms/PlainBounds.lean	private
Kolmogorov.SUV.Ch02.findS_eq_some	Kolmogorov.findS_eq_some	KolmogorovMathlib/Complexity/PairComplexity/LogarithmicTerms/PlainBounds.lean	private
Kolmogorov.SUV.Ch02.findS	Kolmogorov.findS	KolmogorovMathlib/Complexity/PairComplexity/LogarithmicTerms/PlainBounds.lean	private
Kolmogorov.SUV.Ch02.extractFromS	Kolmogorov.extractFromS	KolmogorovMathlib/Complexity/PairComplexity/LogarithmicTerms/PlainBounds.lean	private
Kolmogorov.SUV.Ch02.extractPrograms	Kolmogorov.extractPrograms	KolmogorovMathlib/Complexity/PairComplexity/LogarithmicTerms/PlainBounds.lean	private
Kolmogorov.SUV.Ch02.extractPrograms_spec	Kolmogorov.extractPrograms_spec	KolmogorovMathlib/Complexity/PairComplexity/LogarithmicTerms/PlainBounds.lean	private
Kolmogorov.SUV.Ch02.midMap	Kolmogorov.midMap	KolmogorovMathlib/Complexity/PairComplexity/LogarithmicTerms/PlainBounds.lean	private
Kolmogorov.SUV.Ch02.midMap_partrec	Kolmogorov.midMap_partrec	KolmogorovMathlib/Complexity/PairComplexity/LogarithmicTerms/PlainBounds.lean	private
Kolmogorov.SUV.Ch02.decompressor	Kolmogorov.decompressor	KolmogorovMathlib/Complexity/PairComplexity/LogarithmicTerms/PlainBounds.lean	private
Kolmogorov.SUV.Ch02.decompressor_isDecompressor	Kolmogorov.decompressor_isDecompressor	KolmogorovMathlib/Complexity/PairComplexity/LogarithmicTerms/PlainBounds.lean	private
Kolmogorov.SUV.Ch02.plainK_pair_le_add_log_of_add	Kolmogorov.plainK_pair_le_add_log_of_add	KolmogorovMathlib/Complexity/PairComplexity/LogarithmicTerms/PlainBounds.lean	public
Kolmogorov.SUV.Ch02.plainK_pair_self_plainK_eq	Kolmogorov.plainK_pair_self_plainK_eq	KolmogorovMathlib/Complexity/PairComplexity/LogarithmicTerms/PlainBounds.lean	public
Kolmogorov.SUV.Ch02.unpadString	Kolmogorov.unpadString	KolmogorovMathlib/Complexity/PairComplexity/LogarithmicTerms/PlainBounds.lean	public
Kolmogorov.SUV.Ch02.padString	Kolmogorov.padString	KolmogorovMathlib/Complexity/PairComplexity/LogarithmicTerms/PlainBounds.lean	public
Kolmogorov.SUV.Ch02.findIdx_go_replicate_false_cons_true	Kolmogorov.findIdx_go_replicate_false_cons_true	KolmogorovMathlib/Complexity/PairComplexity/LogarithmicTerms/PlainBounds.lean	public
Kolmogorov.SUV.Ch02.findIdx_replicate_false_cons_true	Kolmogorov.findIdx_replicate_false_cons_true	KolmogorovMathlib/Complexity/PairComplexity/LogarithmicTerms/PlainBounds.lean	public
Kolmogorov.SUV.Ch02.drop_findIdx_replicate_false_cons_true	Kolmogorov.drop_findIdx_replicate_false_cons_true	KolmogorovMathlib/Complexity/PairComplexity/LogarithmicTerms/PlainBounds.lean	public
Kolmogorov.SUV.Ch02.unpadString_padString	Kolmogorov.unpadString_padString	KolmogorovMathlib/Complexity/PairComplexity/LogarithmicTerms/PlainBounds.lean	public
Kolmogorov.SUV.Ch02.padString_length	Kolmogorov.padString_length	KolmogorovMathlib/Complexity/PairComplexity/LogarithmicTerms/PlainBounds.lean	public
Kolmogorov.SUV.Ch02.unpadString_computable	Kolmogorov.unpadString_computable	KolmogorovMathlib/Complexity/PairComplexity/LogarithmicTerms/PlainBounds.lean	public
Kolmogorov.SUV.Ch02.plainK_pair_le_two_mul	Kolmogorov.plainK_pair_le_two_mul	KolmogorovMathlib/Complexity/PairComplexity/LogarithmicTerms/PlainBounds.lean	public
Kolmogorov.SUV.Ch02.condK_append_bit_eq	Kolmogorov.condK_append_bit_eq	KolmogorovMathlib/Complexity/PairComplexity/LogarithmicTerms/ConditionalBounds.lean	public
Kolmogorov.SUV.Ch02.exists_condK_eq_of_le_plainK	Kolmogorov.exists_condK_eq_of_le_plainK	KolmogorovMathlib/Complexity/PairComplexity/LogarithmicTerms/ConditionalBounds.lean	public
Kolmogorov.SUV.Ch02.plainK_ne_top	Kolmogorov.plainK_ne_top	KolmogorovMathlib/Complexity/PairComplexity/LogarithmicTerms/ConditionalBounds.lean	private
Kolmogorov.SUV.Ch02.condK_ne_top	Kolmogorov.condK_ne_top	KolmogorovMathlib/Complexity/PairComplexity/LogarithmicTerms.lean	private
Kolmogorov.SUV.Ch02.plainK_sub_condK_le_two_mul_plainK	Kolmogorov.plainK_sub_condK_le_two_mul_plainK	KolmogorovMathlib/Complexity/PairComplexity/LogarithmicTerms/ConditionalBounds.lean	public
Kolmogorov.SUV.Ch02.condK_pair_pair_le_condK	Kolmogorov.condK_pair_pair_le_condK	KolmogorovMathlib/Complexity/PairComplexity/LogarithmicTerms/ConditionalBounds.lean	public
Kolmogorov.SUV.Ch02.programComplexity	Kolmogorov.programComplexity	KolmogorovMathlib/Complexity/PairComplexity/LogarithmicTerms/ConditionalBounds.lean	public
Kolmogorov.SUV.Ch02.totalCondComplexity	Kolmogorov.totalCondComplexity	KolmogorovMathlib/Complexity/ConditionalComplexity/Continuity.lean	public
Kolmogorov.SUV.Ch02.D_eval	Kolmogorov.D_eval	KolmogorovMathlib/Complexity/ConditionalComplexity/Continuity.lean	private
Kolmogorov.SUV.Ch02.D_eval_partrec	Kolmogorov.D_eval_partrec	KolmogorovMathlib/Complexity/ConditionalComplexity/Continuity.lean	private
Kolmogorov.SUV.Ch02.produces_D_eval	Kolmogorov.produces_D_eval	KolmogorovMathlib/Complexity/ConditionalComplexity/Continuity.lean	private
Kolmogorov.SUV.Ch02.condK_D_eval_le_plainKNat	Kolmogorov.condK_D_eval_le_plainKNat	KolmogorovMathlib/Complexity/ConditionalComplexity/Continuity.lean	private
Kolmogorov.SUV.Ch02.condK_le_totalCondComplexity	Kolmogorov.condK_le_totalCondComplexity	KolmogorovMathlib/Complexity/ConditionalComplexity/Continuity.lean	private
Kolmogorov.SUV.Ch02.codeConst	Kolmogorov.codeConst	KolmogorovMathlib/Complexity/ConditionalComplexity/Continuity.lean	private
Kolmogorov.SUV.Ch02.codeConst_eval	Kolmogorov.codeConst_eval	KolmogorovMathlib/Complexity/ConditionalComplexity/Continuity.lean	private
Kolmogorov.SUV.Ch02.codeConst_total	Kolmogorov.codeConst_total	KolmogorovMathlib/Complexity/ConditionalComplexity/Continuity.lean	private
Kolmogorov.SUV.Ch02.codeConst_eval_mem	Kolmogorov.codeConst_eval_mem	KolmogorovMathlib/Complexity/ConditionalComplexity/Continuity.lean	private
Kolmogorov.SUV.Ch02.totalCondComplexity_le_plainK	Kolmogorov.totalCondComplexity_le_plainK	KolmogorovMathlib/Complexity/ConditionalComplexity/Continuity.lean	private
Kolmogorov.SUV.Ch02.condK_le_totalCondK_le_plainK	Kolmogorov.condK_le_totalCondK_le_plainK	KolmogorovMathlib/Complexity/ConditionalComplexity/Continuity.lean	public
Kolmogorov.SUV.Ch02.exists_incompressible_two_conditions	Kolmogorov.exists_incompressible_two_conditions	KolmogorovMathlib/Complexity/ConditionalComplexity/Continuity.lean	public
Kolmogorov.SUV.Ch02.triangleDecoder	Kolmogorov.triangleDecoder	KolmogorovMathlib/Complexity/ConditionalComplexity/Continuity.lean	public
Kolmogorov.SUV.Ch02.triangleDecoder_isDecompressor	Kolmogorov.triangleDecoder_isDecompressor	KolmogorovMathlib/Complexity/ConditionalComplexity/Continuity.lean	public
Kolmogorov.SUV.Ch02.triangleDecoder_produces	Kolmogorov.triangleDecoder_produces	KolmogorovMathlib/Complexity/ConditionalComplexity/Continuity.lean	public
Kolmogorov.SUV.Ch02.natBits_length_le_log_add_one	Kolmogorov.length_natBits_le_log	KolmogorovMathlib/Complexity/PairComplexity/Basic.lean	public
Kolmogorov.SUV.Ch02.condK_triangle	Kolmogorov.condK_triangle	KolmogorovMathlib/Complexity/ConditionalComplexity/Continuity.lean	public
Kolmogorov.SUV.Ch02.log_add_one_le	Kolmogorov.log_succ_le	KolmogorovMathlib/Foundation/NatEncoding.lean	public
Kolmogorov.SUV.Ch02.nat_bits_length_log_log_bound	Kolmogorov.nat_bits_length_log_log_bound	KolmogorovMathlib/Complexity/ConditionalComplexity/Continuity.lean	public
Kolmogorov.SUV.Ch02.nat_bits_length_p_bound	Kolmogorov.nat_bits_length_p_bound	KolmogorovMathlib/Complexity/ConditionalComplexity/Continuity.lean	public
Kolmogorov.SUV.Ch02.plainK_add_condK_le_plainK_pair_add_three_log	Kolmogorov.plainK_add_condK_le_plainK_pair_add_three_log	KolmogorovMathlib/Complexity/ConditionalComplexity/Continuity.lean	public
Kolmogorov.SUV.Ch02.padTo	Kolmogorov.padTo	KolmogorovMathlib/Complexity/ConditionalComplexity/Continuity.lean	public
Kolmogorov.SUV.Ch02.length_padTo	Kolmogorov.length_padTo	KolmogorovMathlib/Complexity/ConditionalComplexity/Continuity.lean	public
Kolmogorov.SUV.Ch02.bitsToNat_append_false	Kolmogorov.bitsToNat_append_single_false	KolmogorovMathlib/Complexity/ConditionalComplexity/Continuity.lean	public
Kolmogorov.SUV.Ch02.bitsToNat_replicate_false	Kolmogorov.bitsToNat_append_replicate_false	KolmogorovMathlib/Complexity/KolmogorovLevin/Refinements.lean	public
Kolmogorov.SUV.Ch02.bitsToNat_padTo	Kolmogorov.bitsToNat_padTo	KolmogorovMathlib/Complexity/KolmogorovLevin/Refinements.lean	public
Kolmogorov.SUV.Ch02.dichotomySnapshotY	Kolmogorov.dichotomySnapshotY	KolmogorovMathlib/Complexity/KolmogorovLevin/Refinements.lean	public
Kolmogorov.SUV.Ch02.dichotomyEnum1	Kolmogorov.dichotomyEnum1	KolmogorovMathlib/Complexity/KolmogorovLevin/Refinements.lean	public
Kolmogorov.SUV.Ch02.dichotomyStage1	Kolmogorov.dichotomyStage1	KolmogorovMathlib/Complexity/KolmogorovLevin/Refinements.lean	public
Kolmogorov.SUV.Ch02.dichotomyEnum2	Kolmogorov.dichotomyEnum2	KolmogorovMathlib/Complexity/KolmogorovLevin/Refinements.lean	public
Kolmogorov.SUV.Ch02.dichotomyStage2	Kolmogorov.dichotomyStage2	KolmogorovMathlib/Complexity/KolmogorovLevin/Refinements.lean	public
Kolmogorov.SUV.Ch02.dichotomySnapshotY_primrec	Kolmogorov.dichotomySnapshotY_primrec	KolmogorovMathlib/Complexity/KolmogorovLevin/Refinements.lean	public
Kolmogorov.SUV.Ch02.dichotomyEnum1_primrec	Kolmogorov.dichotomyEnum1_primrec	KolmogorovMathlib/Complexity/KolmogorovLevin/Refinements.lean	public
Kolmogorov.SUV.Ch02.dichotomyStage1_computable	Kolmogorov.dichotomyStage1_computable	KolmogorovMathlib/Complexity/KolmogorovLevin/Refinements.lean	public
Kolmogorov.SUV.Ch02.dichotomyEnum2_primrec	Kolmogorov.dichotomyEnum2_primrec	KolmogorovMathlib/Complexity/KolmogorovLevin/Refinements.lean	public
Kolmogorov.SUV.Ch02.dichotomyStage2_computable	Kolmogorov.dichotomyStage2_computable	KolmogorovMathlib/Complexity/KolmogorovLevin/Refinements.lean	public
Kolmogorov.SUV.Ch02.dichotomyStage1_nodup	Kolmogorov.dichotomyStage1_nodup	KolmogorovMathlib/Complexity/KolmogorovLevin/Refinements.lean	public
Kolmogorov.SUV.Ch02.dichotomyStage2_nodup	Kolmogorov.dichotomyStage2_nodup	KolmogorovMathlib/Complexity/KolmogorovLevin/Refinements.lean	public
Kolmogorov.SUV.Ch02.dichotomyStage1_mono	Kolmogorov.dichotomyStage1_mono	KolmogorovMathlib/Complexity/KolmogorovLevin/Refinements.lean	public
Kolmogorov.SUV.Ch02.dichotomyStage2_mono	Kolmogorov.dichotomyStage2_mono	KolmogorovMathlib/Complexity/KolmogorovLevin/Refinements.lean	public
Kolmogorov.SUV.Ch02.dichotomySnapshotY_mono	Kolmogorov.dichotomySnapshotY_mono	KolmogorovMathlib/Complexity/KolmogorovLevin/Refinements.lean	public
Kolmogorov.SUV.Ch02.sum_if_eq_mem	Kolmogorov.sum_if_eq_mem	KolmogorovMathlib/Complexity/KolmogorovLevin/Refinements.lean	public
Kolmogorov.SUV.Ch02.sum_filter_length_le	Kolmogorov.sum_filter_length_le	KolmogorovMathlib/Complexity/KolmogorovLevin/Refinements.lean	public
Kolmogorov.SUV.Ch02.length_natBits_le_of_lt_pow	Kolmogorov.length_natBits_lt_pow	KolmogorovMathlib/AlgorithmicStatistics/NonStochastic.lean	public
Kolmogorov.SUV.Ch02.dichotomy_card_bound	Kolmogorov.dichotomy_card_bound	KolmogorovMathlib/Complexity/KolmogorovLevin/Refinements.lean	public
Kolmogorov.SUV.Ch02.dichotomySnapshotY_eq_enum2	Kolmogorov.dichotomySnapshotY_eq_enum2	KolmogorovMathlib/Complexity/KolmogorovLevin/Refinements.lean	public
Kolmogorov.SUV.Ch02.dichotomyEnum2_mono	Kolmogorov.dichotomyEnum2_mono	KolmogorovMathlib/Complexity/KolmogorovLevin/Refinements.lean	public
Kolmogorov.SUV.Ch02.dichotomyStage2_mem_enum2	Kolmogorov.dichotomyStage2_mem_enum2	KolmogorovMathlib/Complexity/KolmogorovLevin/Refinements.lean	public
Kolmogorov.SUV.Ch02.dichotomyStage2_sub_snapshotY	Kolmogorov.dichotomyStage2_sub_snapshotY	KolmogorovMathlib/Complexity/KolmogorovLevin/Refinements.lean	public
Kolmogorov.SUV.Ch02.decodeFirst_z	Kolmogorov.decodeFirst_z	KolmogorovMathlib/Complexity/KolmogorovLevin/Refinements.lean	public
Kolmogorov.SUV.Ch02.decodeSecond_z	Kolmogorov.decodeSecond_z	KolmogorovMathlib/Complexity/KolmogorovLevin/Refinements.lean	public
Kolmogorov.SUV.Ch02.dichotomyD1	Kolmogorov.dichotomyD1	KolmogorovMathlib/Complexity/KolmogorovLevin/Refinements.lean	public
Kolmogorov.SUV.Ch02.dichotomyD2	Kolmogorov.dichotomyD2	KolmogorovMathlib/Complexity/KolmogorovLevin/Refinements.lean	public
Kolmogorov.SUV.Ch02.dichotomyD1_decompressor	Kolmogorov.dichotomyD1_decompressor	KolmogorovMathlib/Complexity/KolmogorovLevin/Refinements.lean	public
Kolmogorov.SUV.Ch02.dichotomyD2_decompressor	Kolmogorov.dichotomyD2_decompressor	KolmogorovMathlib/Complexity/KolmogorovLevin/Refinements.lean	public
Kolmogorov.SUV.Ch02.dichotomyD1_eval	Kolmogorov.dichotomyD1_eval	KolmogorovMathlib/Complexity/KolmogorovLevin/Refinements.lean	public
Kolmogorov.SUV.Ch02.dichotomyD1_getD_eval	Kolmogorov.dichotomyD1_getD_eval	KolmogorovMathlib/Complexity/KolmogorovLevin/Refinements.lean	public
Kolmogorov.SUV.Ch02.dichotomyD1_elem_eval	Kolmogorov.dichotomyD1_elem_eval	KolmogorovMathlib/Complexity/KolmogorovLevin/Refinements.lean	public
Kolmogorov.SUV.Ch02.dichotomyD2_eval	Kolmogorov.dichotomyD2_eval	KolmogorovMathlib/Complexity/KolmogorovLevin/Refinements.lean	public
Kolmogorov.SUV.Ch02.dichotomyD2_getD_eval	Kolmogorov.dichotomyD2_getD_eval	KolmogorovMathlib/Complexity/KolmogorovLevin/Refinements.lean	public
Kolmogorov.SUV.Ch02.dichotomyD2_elem_eval	Kolmogorov.dichotomyD2_elem_eval	KolmogorovMathlib/Complexity/KolmogorovLevin/Refinements.lean	public
Kolmogorov.SUV.Ch02.dichotomySnapshotY_mem	Kolmogorov.dichotomySnapshotY_mem	KolmogorovMathlib/Complexity/KolmogorovLevin/Refinements.lean	public
Kolmogorov.SUV.Ch02.dichotomyEnum1_mem	Kolmogorov.dichotomyEnum1_mem	KolmogorovMathlib/Complexity/KolmogorovLevin/Refinements.lean	public
Kolmogorov.SUV.Ch02.dichotomyEnum2_mem	Kolmogorov.dichotomyEnum2_mem	KolmogorovMathlib/Complexity/KolmogorovLevin/Refinements.lean	public
Kolmogorov.SUV.Ch02.cCondPair_lt_imp_condK_le	Kolmogorov.cCondPair_lt_imp_condK_le	KolmogorovMathlib/Complexity/KolmogorovLevin/Refinements.lean	public
Kolmogorov.SUV.Ch02.dichotomyEnum1_sub_stage1	Kolmogorov.dichotomyEnum1_sub_stage1	KolmogorovMathlib/Complexity/KolmogorovLevin/Refinements.lean	public
Kolmogorov.SUV.Ch02.dichotomyEnum2_sub_stage2	Kolmogorov.dichotomyEnum2_sub_stage2	KolmogorovMathlib/Complexity/KolmogorovLevin/Refinements.lean	public
Kolmogorov.SUV.Ch02.condK_dichotomyD1_le	Kolmogorov.condK_dichotomyD1_le	KolmogorovMathlib/Complexity/KolmogorovLevin/Refinements.lean	public
Kolmogorov.SUV.Ch02.condK_dichotomyD2_le	Kolmogorov.condK_dichotomyD2_le	KolmogorovMathlib/Complexity/KolmogorovLevin/Refinements.lean	public
Kolmogorov.SUV.Ch02.rectangle_dichotomy	Kolmogorov.rectangle_dichotomy	KolmogorovMathlib/Complexity/KolmogorovLevin/Refinements.lean	public
Kolmogorov.SUV.Ch02.pairsFinset	Kolmogorov.pairsFinset	KolmogorovMathlib/Complexity/KolmogorovLevin/LogarithmicGap.lean	public
Kolmogorov.SUV.Ch02.pairCodesFinset	Kolmogorov.pairCodesFinset	KolmogorovMathlib/Complexity/KolmogorovLevin/LogarithmicGap.lean	public
Kolmogorov.SUV.Ch02.card_pairsFinset	Kolmogorov.card_pairsFinset	KolmogorovMathlib/Complexity/KolmogorovLevin/LogarithmicGap.lean	public
Kolmogorov.SUV.Ch02.card_pairCodesFinset	Kolmogorov.card_pairCodesFinset	KolmogorovMathlib/Complexity/KolmogorovLevin/LogarithmicGap.lean	public
Kolmogorov.SUV.Ch02.exists_plainK_pair_ge_add_log	Kolmogorov.exists_plainK_pair_ge_add_log	KolmogorovMathlib/Complexity/KolmogorovLevin/LogarithmicGap.lean	public
Kolmogorov.SUV.Ch02.pairCodeWithLengthBits	Kolmogorov.pairCodeWithLengthBits	KolmogorovMathlib/Complexity/KolmogorovLevin/LogarithmicGap.lean	public
Kolmogorov.SUV.Ch02.pairCodeWithLengthBits_computable	Kolmogorov.pairCodeWithLengthBits_computable	KolmogorovMathlib/Complexity/KolmogorovLevin/LogarithmicGap.lean	public
Kolmogorov.SUV.Ch02.exists_plainK_pair_le_sub_log	Kolmogorov.exists_plainK_pair_le_sub_log	KolmogorovMathlib/Complexity/KolmogorovLevin/LogarithmicGap.lean	public
Kolmogorov.SUV.Ch02.flipBitAt	Kolmogorov.flipBitAt	KolmogorovMathlib/Complexity/KolmogorovLevin/LogarithmicGap.lean	public
Kolmogorov.SUV.Ch02.flipBitAt_eq_set	Kolmogorov.flipBitAt_eq_set	KolmogorovMathlib/Complexity/KolmogorovLevin/LogarithmicGap.lean	public
Kolmogorov.SUV.Ch02.flipBitAt_primrec	Kolmogorov.flipBitAt_primrec	KolmogorovMathlib/Complexity/KolmogorovLevin/LogarithmicGap.lean	public
Kolmogorov.SUV.Ch02.oneBitFlipDecompressor	Kolmogorov.oneBitFlipDecompressor	KolmogorovMathlib/Complexity/KolmogorovLevin/LogarithmicGap.lean	public
Kolmogorov.SUV.Ch02.oneBitFlipDecompressor_isDecompressor	Kolmogorov.oneBitFlipDecompressor_isDecompressor	KolmogorovMathlib/Complexity/KolmogorovLevin/LogarithmicGap.lean	public
Kolmogorov.SUV.Ch02.oneBitFlipDecompressor_produces	Kolmogorov.oneBitFlipDecompressor_produces	KolmogorovMathlib/Complexity/KolmogorovLevin/LogarithmicGap.lean	public
Kolmogorov.SUV.Ch02.nat_log_succ_le	Kolmogorov.log_succ_le	KolmogorovMathlib/Foundation/NatEncoding.lean	public
Kolmogorov.SUV.Ch02.nat_bits_len_le_log_succ	Kolmogorov.length_natBits_le_log	KolmogorovMathlib/Complexity/PairComplexity/Basic.lean	public
Kolmogorov.SUV.Ch02.oneBitFlip_overhead_bound	Kolmogorov.oneBitFlip_overhead_bound	KolmogorovMathlib/Complexity/KolmogorovLevin/LogarithmicGap.lean	public
Kolmogorov.SUV.Ch02.plainK_flipBit_le_add_log	Kolmogorov.plainK_flipBit_le_add_log	KolmogorovMathlib/Complexity/KolmogorovLevin/LogarithmicGap.lean	public
Kolmogorov.SUV.Ch02.descriptionsLe	Kolmogorov.descriptionsLe	KolmogorovMathlib/Complexity/KolmogorovLevin/LogarithmicGap.lean	public
Kolmogorov.SUV.Ch02.shortestDescriptions	Kolmogorov.shortestDescriptions	KolmogorovMathlib/Complexity/KolmogorovLevin/LogarithmicGap.lean	public
Kolmogorov.SUV.Ch02.Exercise39Helpers.evalDAt	Kolmogorov.ShortDescriptions.evalDAt	KolmogorovMathlib/Complexity/KolmogorovLevin/ShortDescriptions.lean	public
Kolmogorov.SUV.Ch02.Exercise39Helpers.descCountAt	Kolmogorov.ShortDescriptions.descCountAt	KolmogorovMathlib/Complexity/KolmogorovLevin/ShortDescriptions.lean	public
Kolmogorov.SUV.Ch02.Exercise39Helpers.stageQual	Kolmogorov.ShortDescriptions.stageQual	KolmogorovMathlib/Complexity/KolmogorovLevin/ShortDescriptions.lean	public
Kolmogorov.SUV.Ch02.Exercise39Helpers.accumQual	Kolmogorov.ShortDescriptions.accumQual	KolmogorovMathlib/Complexity/KolmogorovLevin/ShortDescriptions.lean	public
Kolmogorov.SUV.Ch02.Exercise39Helpers.padBits	Kolmogorov.ShortDescriptions.padBits	KolmogorovMathlib/Complexity/KolmogorovLevin/ShortDescriptions.lean	public
Kolmogorov.SUV.Ch02.Exercise39Helpers.decodeBits_replicate_false	Kolmogorov.ShortDescriptions.decodeBits_replicate_false	KolmogorovMathlib/Complexity/KolmogorovLevin/ShortDescriptions.lean	public
Kolmogorov.SUV.Ch02.Exercise39Helpers.decodeBits_app_replicate_false	Kolmogorov.decodeBits_append_replicate_false	KolmogorovMathlib/Complexity/PairComplexity/LogarithmicTerms/PlainBounds.lean	public
Kolmogorov.SUV.Ch02.Exercise39Helpers.padBits_length	Kolmogorov.ShortDescriptions.padBits_length	KolmogorovMathlib/Complexity/KolmogorovLevin/ShortDescriptions.lean	public
Kolmogorov.SUV.Ch02.Exercise39Helpers.padBits_decodeBits	Kolmogorov.ShortDescriptions.padBits_decodeBits	KolmogorovMathlib/Complexity/KolmogorovLevin/ShortDescriptions.lean	public
Kolmogorov.SUV.Ch02.Exercise39Helpers.bitsToNat_replicate_false	Kolmogorov.ShortDescriptions.bitsToNat_replicate_false	KolmogorovMathlib/Complexity/KolmogorovLevin/Refinements.lean	public
Kolmogorov.SUV.Ch02.Exercise39Helpers.bitsToNat_app_replicate_false	Kolmogorov.ShortDescriptions.bitsToNat_app_replicate_false	KolmogorovMathlib/Complexity/KolmogorovLevin/ShortDescriptions.lean	public
Kolmogorov.SUV.Ch02.Exercise39Helpers.padBits_bitsToNat	Kolmogorov.ShortDescriptions.padBits_bitsToNat	KolmogorovMathlib/Complexity/KolmogorovLevin/ShortDescriptions.lean	public
Kolmogorov.SUV.Ch02.Exercise39Helpers.evalDAt_primrec	Kolmogorov.ShortDescriptions.evalDAt_primrec	KolmogorovMathlib/Complexity/KolmogorovLevin/ShortDescriptions.lean	public
Kolmogorov.SUV.Ch02.Exercise39Helpers.descCountAt_primrec	Kolmogorov.ShortDescriptions.descCountAt_primrec	KolmogorovMathlib/Complexity/KolmogorovLevin/ShortDescriptions.lean	public
Kolmogorov.SUV.Ch02.Exercise39Helpers.checkQual	Kolmogorov.ShortDescriptions.checkQual	KolmogorovMathlib/Complexity/KolmogorovLevin/ShortDescriptions.lean	public
Kolmogorov.SUV.Ch02.Exercise39Helpers.checkQual_primrec	Kolmogorov.ShortDescriptions.checkQual_primrec	KolmogorovMathlib/Complexity/KolmogorovLevin/ShortDescriptions.lean	public
Kolmogorov.SUV.Ch02.Exercise39Helpers.stageQual_primrec	Kolmogorov.ShortDescriptions.stageQual_primrec	KolmogorovMathlib/Complexity/KolmogorovLevin/ShortDescriptions.lean	public
Kolmogorov.SUV.Ch02.Exercise39Helpers.accumQual_primrec	Kolmogorov.ShortDescriptions.accumQual_primrec	KolmogorovMathlib/Complexity/KolmogorovLevin/ShortDescriptions.lean	public
Kolmogorov.SUV.Ch02.Exercise39Helpers.accumQual_computable	Kolmogorov.ShortDescriptions.accumQual_computable	KolmogorovMathlib/Complexity/KolmogorovLevin/ShortDescriptions.lean	public
Kolmogorov.SUV.Ch02.Exercise39Helpers.accumQual_nodup	Kolmogorov.ShortDescriptions.accumQual_nodup	KolmogorovMathlib/Complexity/KolmogorovLevin/ShortDescriptions.lean	public
Kolmogorov.SUV.Ch02.Exercise39Helpers.accumQual_prefix	Kolmogorov.ShortDescriptions.accumQual_prefix	KolmogorovMathlib/Complexity/KolmogorovLevin/ShortDescriptions.lean	public
Kolmogorov.SUV.Ch02.Exercise39Helpers.accumQual_le_of_le	Kolmogorov.ShortDescriptions.accumQual_le_of_le	KolmogorovMathlib/Complexity/KolmogorovLevin/ShortDescriptions.lean	public
Kolmogorov.SUV.Ch02.Exercise39Helpers.stageQual_subset_accumQual	Kolmogorov.ShortDescriptions.stageQual_subset_accumQual	KolmogorovMathlib/Complexity/KolmogorovLevin/ShortDescriptions.lean	public
Kolmogorov.SUV.Ch02.Exercise39Helpers.accumQual_card_le	Kolmogorov.ShortDescriptions.accumQual_card_le	KolmogorovMathlib/Complexity/KolmogorovLevin/ShortDescriptions.lean	public
Kolmogorov.SUV.Ch02.Exercise39Helpers.D_sim	Kolmogorov.ShortDescriptions.D_sim	KolmogorovMathlib/Complexity/KolmogorovLevin/ShortDescriptions.lean	public
Kolmogorov.SUV.Ch02.Exercise39Helpers.D_sim_isDecompressor	Kolmogorov.ShortDescriptions.D_sim_isDecompressor	KolmogorovMathlib/Complexity/KolmogorovLevin/ShortDescriptions.lean	public
Kolmogorov.SUV.Ch02.Exercise39Helpers.descriptionsLe_subset	Kolmogorov.ShortDescriptions.descriptionsLe_subset	KolmogorovMathlib/Complexity/KolmogorovLevin/ShortDescriptions.lean	public
Kolmogorov.SUV.Ch02.Exercise39Helpers.k_le_n_of_many_desc	Kolmogorov.ShortDescriptions.k_le_n_of_many_desc	KolmogorovMathlib/Complexity/KolmogorovLevin/ShortDescriptions.lean	public
Kolmogorov.SUV.Ch02.Exercise39Helpers.condK_le_of_produces	Kolmogorov.ShortDescriptions.condK_le_of_produces	KolmogorovMathlib/Complexity/KolmogorovLevin/Refinements.lean	public
Kolmogorov.SUV.Ch02.condK_le_of_many_descriptions	Kolmogorov.condK_le_of_many_descriptions	KolmogorovMathlib/Complexity/KolmogorovLevin/ShortDescriptions.lean	public
Kolmogorov.SUV.Ch02.card_shortestDescriptions_le	Kolmogorov.card_shortestDescriptions_le	KolmogorovMathlib/Complexity/KolmogorovLevin/ShortDescriptions.lean	public
Kolmogorov.SUV.Ch02.finset_card_double_count	Kolmogorov.finset_card_double_count	KolmogorovMathlib/Complexity/RandomConditions/Enumeration.lean	public
Kolmogorov.SUV.Ch02.findIdx_decide_eq	Kolmogorov.findIdx_decide_eq	KolmogorovMathlib/Complexity/RandomConditions/Enumeration.lean	public
Kolmogorov.SUV.Ch02.getD_eq_of_prefix	Kolmogorov.getD_eq_of_prefix_of_lt_length	KolmogorovMathlib/Complexity/RandomConditions/Enumeration.lean	public
Kolmogorov.SUV.Ch02.condK_le_of_produces	Kolmogorov.condK_le_of_produces	KolmogorovMathlib/Complexity/KolmogorovLevin/Refinements.lean	public
Kolmogorov.SUV.Ch02.list_countP_mono	Kolmogorov.list_countP_mono	KolmogorovMathlib/Complexity/RandomConditions/Bound/StageComputability.lean	public
Kolmogorov.SUV.Ch02.mem_conditionalOutputSnapshot_mono	Kolmogorov.mem_conditionalOutputSnapshot_mono	KolmogorovMathlib/Complexity/RandomConditions/Bound/StageComputability.lean	public
Kolmogorov.SUV.Ch02.length_filter_eq_card_toFinset_filter	Kolmogorov.length_filter_eq_card_toFinset_filter	KolmogorovMathlib/Complexity/RandomConditions/Bound/StageComputability.lean	public
Kolmogorov.SUV.Ch02.T1	Kolmogorov.T1	KolmogorovMathlib/Complexity/RandomConditions/Bound/StageComputability.lean	public
Kolmogorov.SUV.Ch02.proj_pz_x	Kolmogorov.proj_pz_x	KolmogorovMathlib/Complexity/RandomConditions/Bound/StageComputability.lean	public
Kolmogorov.SUV.Ch02.proj_x	Kolmogorov.proj_x	KolmogorovMathlib/Complexity/RandomConditions/Bound/StageComputability.lean	public
Kolmogorov.SUV.Ch02.proj_p	Kolmogorov.proj_p	KolmogorovMathlib/Complexity/RandomConditions/Bound/StageComputability.lean	public
Kolmogorov.SUV.Ch02.proj_n	Kolmogorov.proj_n	KolmogorovMathlib/Complexity/RandomConditions/Bound/StageComputability.lean	public
Kolmogorov.SUV.Ch02.proj_lk	Kolmogorov.proj_lk	KolmogorovMathlib/Complexity/RandomConditions/Bound/StageComputability.lean	public
Kolmogorov.SUV.Ch02.proj_l	Kolmogorov.proj_l	KolmogorovMathlib/Complexity/RandomConditions/Bound/StageComputability.lean	public
Kolmogorov.SUV.Ch02.proj_k	Kolmogorov.proj_k	KolmogorovMathlib/Complexity/RandomConditions/Bound/StageComputability.lean	public
Kolmogorov.SUV.Ch02.proj_z	Kolmogorov.proj_z	KolmogorovMathlib/Complexity/RandomConditions/Bound/StageComputability.lean	public
Kolmogorov.SUV.Ch02.proj_z1	Kolmogorov.proj_z1	KolmogorovMathlib/Complexity/RandomConditions/Bound/StageComputability.lean	public
Kolmogorov.SUV.Ch02.proj_z2	Kolmogorov.proj_z2	KolmogorovMathlib/Complexity/RandomConditions/Bound/StageComputability.lean	public
Kolmogorov.SUV.Ch02.StepP	Kolmogorov.StepP	KolmogorovMathlib/Complexity/RandomConditions/Bound/StageComputability.lean	public
Kolmogorov.SUV.Ch02.proj_step_1	Kolmogorov.proj_step_1	KolmogorovMathlib/Complexity/RandomConditions/Bound/StageComputability.lean	public
Kolmogorov.SUV.Ch02.proj_step_1_1	Kolmogorov.proj_step_1_1	KolmogorovMathlib/Complexity/RandomConditions/Bound/StageComputability.lean	public
Kolmogorov.SUV.Ch02.proj_step_lk	Kolmogorov.proj_step_lk	KolmogorovMathlib/Complexity/RandomConditions/Bound/StageComputability.lean	public
Kolmogorov.SUV.Ch02.proj_step_p122	Kolmogorov.proj_step_p122	KolmogorovMathlib/Complexity/RandomConditions/Bound/StageComputability.lean	public
Kolmogorov.SUV.Ch02.proj_step_2	Kolmogorov.proj_step_2	KolmogorovMathlib/Complexity/RandomConditions/Bound/StageComputability.lean	public
Kolmogorov.SUV.Ch02.proj_step_z1	Kolmogorov.proj_step_z1	KolmogorovMathlib/Complexity/RandomConditions/Bound/StageComputability.lean	public
Kolmogorov.SUV.Ch02.proj_step_z2	Kolmogorov.proj_step_z2	KolmogorovMathlib/Complexity/RandomConditions/Bound/StageComputability.lean	public
Kolmogorov.SUV.Ch02.StageP	Kolmogorov.StageP	KolmogorovMathlib/Complexity/RandomConditions/Bound/StageComputability.lean	public
Kolmogorov.SUV.Ch02.condK_le_of_probability_condK_le	Kolmogorov.condK_le_of_probability_condK_le	KolmogorovMathlib/Complexity/RandomConditions/Bound/StageComputability.lean	public
Kolmogorov.SUV.Ch02.runOutC	Kolmogorov.runOutC	KolmogorovMathlib/Complexity/RandomConditions/Bound/StageComputability.lean	public
Kolmogorov.SUV.Ch02.runOutC_sound	Kolmogorov.runOutC_sound	KolmogorovMathlib/Complexity/RandomConditions/Bound/HeavyStringsEnumeration.lean	public
Kolmogorov.SUV.Ch02.runOutC_complete	Kolmogorov.runOutC_complete	KolmogorovMathlib/Complexity/RandomConditions/Bound/HeavyStringsEnumeration.lean	public
Kolmogorov.SUV.Ch02.runOutC_mono	Kolmogorov.runOutC_mono	KolmogorovMathlib/Complexity/RandomConditions/Bound/HeavyStringsEnumeration.lean	public
Kolmogorov.SUV.Ch02.runOutC_primrec	Kolmogorov.runOutC_primrec	KolmogorovMathlib/Complexity/RandomConditions/Bound/HeavyStringsEnumeration.lean	public
Kolmogorov.SUV.Ch02.hitAt	Kolmogorov.hitAt	KolmogorovMathlib/Complexity/RandomConditions/Bound/HeavyStringsEnumeration.lean	public
Kolmogorov.SUV.Ch02.hitAt_iff	Kolmogorov.hitAt_iff	KolmogorovMathlib/Complexity/RandomConditions/Bound/HeavyStringsEnumeration.lean	public
Kolmogorov.SUV.Ch02.countY	Kolmogorov.countY	KolmogorovMathlib/Complexity/RandomConditions/Bound/HeavyStringsEnumeration.lean	public
Kolmogorov.SUV.Ch02.candStage	Kolmogorov.candStage	KolmogorovMathlib/Complexity/RandomConditions/Bound/HeavyStringsEnumeration.lean	public
Kolmogorov.SUV.Ch02.isHeavyAt	Kolmogorov.isHeavyAt	KolmogorovMathlib/Complexity/RandomConditions/Bound/HeavyStringsEnumeration.lean	public
Kolmogorov.SUV.Ch02.heavyEnum	Kolmogorov.heavyStringsEnum	KolmogorovMathlib/Complexity/RandomConditions/Bound/HeavyStringsEnumeration.lean	public
Kolmogorov.SUV.Ch02.hitAt_mono	Kolmogorov.hitAt_mono	KolmogorovMathlib/Complexity/RandomConditions/Bound/HeavyStringsEnumeration.lean	public
Kolmogorov.SUV.Ch02.countY_mono	Kolmogorov.countY_mono	KolmogorovMathlib/Complexity/RandomConditions/Bound/HeavyStringsEnumeration.lean	public
Kolmogorov.SUV.Ch02.isHeavyAt_mono	Kolmogorov.isHeavyAt_mono	KolmogorovMathlib/Complexity/RandomConditions/Bound/HeavyStringsEnumeration.lean	public
Kolmogorov.SUV.Ch02.mem_candStage_iff	Kolmogorov.mem_candStage_iff	KolmogorovMathlib/Complexity/RandomConditions/Bound/HeavyStringsEnumeration.lean	public
Kolmogorov.SUV.Ch02.candStage_nodup	Kolmogorov.candStage_nodup	KolmogorovMathlib/Complexity/RandomConditions/Bound/HeavyStringsEnumeration.lean	public
Kolmogorov.SUV.Ch02.heavyEnum_prefix_succ	Kolmogorov.heavyEnum_prefix_succ	KolmogorovMathlib/Complexity/RandomConditions/Bound/HeavyStringsEnumeration.lean	public
Kolmogorov.SUV.Ch02.heavyEnum_prefix_of_le	Kolmogorov.heavyEnum_prefix_of_le	KolmogorovMathlib/Complexity/RandomConditions/Bound/HeavyStringsEnumeration.lean	public
Kolmogorov.SUV.Ch02.heavyEnum_nodup	Kolmogorov.heavyEnum_nodup	KolmogorovMathlib/Complexity/RandomConditions/Bound/HeavyStringsEnumeration.lean	public
Kolmogorov.SUV.Ch02.mem_heavyEnum_isHeavyAt	Kolmogorov.mem_heavyEnum_isHeavyAt	KolmogorovMathlib/Complexity/RandomConditions/Bound/HeavyStringsEnumeration.lean	public
Kolmogorov.SUV.Ch02.mem_heavyEnum_of_cand	Kolmogorov.mem_heavyEnum_of_cand	KolmogorovMathlib/Complexity/RandomConditions/Bound/HeavyStringsEnumeration.lean	public
Kolmogorov.SUV.Ch02.list_sum_map_add	Kolmogorov.list_sum_map_add	KolmogorovMathlib/Complexity/RandomConditions/Bound/HeavyStringsEnumeration.lean	public
Kolmogorov.SUV.Ch02.sum_map_ite_eq_countP	Kolmogorov.sum_map_ite_one_zero_eq_countP	KolmogorovMathlib/Complexity/RandomConditions/Bound/HeavyStringsEnumeration.lean	public
Kolmogorov.SUV.Ch02.sum_countP_swap	Kolmogorov.sum_countP_swap	KolmogorovMathlib/Complexity/RandomConditions/Bound/HeavyStringsEnumeration.lean	public
Kolmogorov.SUV.Ch02.countP_hit_le	Kolmogorov.countP_hit_le	KolmogorovMathlib/Complexity/RandomConditions/Bound/HeavyStringsEnumeration.lean	public
Kolmogorov.SUV.Ch02.sum_map_const_nat	Kolmogorov.sum_map_const_nat	KolmogorovMathlib/Complexity/RandomConditions/Bound/HeavyStringsEnumeration.lean	public
Kolmogorov.SUV.Ch02.sum_map_mul_right	Kolmogorov.sum_map_mul_right	KolmogorovMathlib/Complexity/RandomConditions/Bound/HeavyStringsEnumeration.lean	public
Kolmogorov.SUV.Ch02.heavyEnum_length_le	Kolmogorov.heavyEnum_length_le	KolmogorovMathlib/Complexity/RandomConditions/Bound/HeavyStringsEnumeration.lean	public
Kolmogorov.SUV.Ch02.primrec_decide_of_primrecPred	Kolmogorov.primrec_decide_of_primrecPred	KolmogorovMathlib/Complexity/RandomConditions/Bound/HeavyStringsEnumeration.lean	public
Kolmogorov.SUV.Ch02.primrecPred_of_primrec_decide	Kolmogorov.primrecPred_of_primrec_decide	KolmogorovMathlib/Complexity/RandomConditions/Bound/HeavyStringsEnumeration.lean	public
Kolmogorov.SUV.Ch02.dedup_eq_foldr	Kolmogorov.dedup_eq_foldr	KolmogorovMathlib/Complexity/RandomConditions/Bound/HeavyStringsEnumeration.lean	public
Kolmogorov.SUV.Ch02.dedup_primrec	Kolmogorov.dedup_primrec	KolmogorovMathlib/AlgorithmicStatistics/TwoPart/ModelsToSets2.lean	public
Kolmogorov.SUV.Ch02.hitAt_primrec	Kolmogorov.hitAt_primrec	KolmogorovMathlib/Complexity/RandomConditions/Bound/HeavyStringsEnumeration.lean	public
Kolmogorov.SUV.Ch02.countY_primrec	Kolmogorov.countY_primrec	KolmogorovMathlib/Complexity/RandomConditions/Bound/HeavyStringsEnumeration.lean	public
Kolmogorov.SUV.Ch02.candStage_primrec	Kolmogorov.candStage_primrec	KolmogorovMathlib/Complexity/RandomConditions/Bound/HeavyStringsEnumeration.lean	public
Kolmogorov.SUV.Ch02.four_mul_le_two_pow	Kolmogorov.four_mul_le_two_pow	KolmogorovMathlib/Complexity/IncompressibleStrings/SplitDecompressors.lean	private
Kolmogorov.SUV.Ch02.le_of_le_two_mul_bits_len	Kolmogorov.le_of_le_two_mul_bits_len	KolmogorovMathlib/Complexity/IncompressibleStrings/SplitDecompressors.lean	private
Kolmogorov.SUV.Ch02.splitDefect	Kolmogorov.splitDefect	KolmogorovMathlib/Complexity/IncompressibleStrings/SplitDecompressors.lean	private
Kolmogorov.SUV.Ch02.splitBody	Kolmogorov.splitBody	KolmogorovMathlib/Complexity/IncompressibleStrings/SplitDecompressors.lean	private
Kolmogorov.SUV.Ch02.splitProgLen	Kolmogorov.splitProgLen	KolmogorovMathlib/Complexity/IncompressibleStrings/SplitDecompressors.lean	private
Kolmogorov.SUV.Ch02.splitDefect_primrec	Kolmogorov.splitDefect_primrec	KolmogorovMathlib/Complexity/IncompressibleStrings/SplitDecompressors.lean	private
Kolmogorov.SUV.Ch02.splitBody_primrec	Kolmogorov.splitBody_primrec	KolmogorovMathlib/Complexity/IncompressibleStrings/SplitDecompressors.lean	private
Kolmogorov.SUV.Ch02.splitProgLen_primrec	Kolmogorov.splitProgLen_primrec	KolmogorovMathlib/Complexity/IncompressibleStrings/SplitDecompressors.lean	private
Kolmogorov.SUV.Ch02.splitDefect_pairCode	Kolmogorov.splitDefect_pairCode	KolmogorovMathlib/Complexity/IncompressibleStrings/SplitDecompressors.lean	private
Kolmogorov.SUV.Ch02.splitBody_pairCode	Kolmogorov.splitBody_pairCode	KolmogorovMathlib/Complexity/IncompressibleStrings/SplitDecompressors.lean	private
Kolmogorov.SUV.Ch02.suffixSplitDecoder	Kolmogorov.suffixSplitDecoder	KolmogorovMathlib/Complexity/IncompressibleStrings/SplitDecompressors.lean	public
Kolmogorov.SUV.Ch02.prefixSplitDecoder	Kolmogorov.prefixSplitDecoder	KolmogorovMathlib/Complexity/IncompressibleStrings/SplitDecompressors.lean	public
Kolmogorov.SUV.Ch02.splitDecoder_arg_computable	Kolmogorov.splitDecoder_arg_computable	KolmogorovMathlib/Complexity/IncompressibleStrings/SplitDecompressors.lean	private
Kolmogorov.SUV.Ch02.suffixSplitDecoder_isDecompressor	Kolmogorov.suffixSplitDecoder_isDecompressor	KolmogorovMathlib/Complexity/IncompressibleStrings/SplitDecompressors.lean	public
Kolmogorov.SUV.Ch02.prefixSplitDecoder_isDecompressor	Kolmogorov.prefixSplitDecoder_isDecompressor	KolmogorovMathlib/Complexity/IncompressibleStrings/SplitDecompressors.lean	public
Kolmogorov.SUV.Ch02.suffixSplit_produces	Kolmogorov.suffixSplit_produces	KolmogorovMathlib/Complexity/IncompressibleStrings/SplitDecompressors.lean	private
Kolmogorov.SUV.Ch02.prefixSplit_produces	Kolmogorov.prefixSplit_produces	KolmogorovMathlib/Complexity/IncompressibleStrings/SplitDecompressors.lean	private
Kolmogorov.SUV.Ch02.split_length_bound	Kolmogorov.split_length_bound	KolmogorovMathlib/Complexity/IncompressibleStrings/SplitDecompressors.lean	private
Kolmogorov.SUV.Ch02.plainK_halves_of_incompressible	Kolmogorov.plainK_halves_of_incompressible	KolmogorovMathlib/Complexity/IncompressibleStrings/SplitDecompressors.lean	public
Kolmogorov.SUV.Ch02.subI	Kolmogorov.subI	KolmogorovMathlib/Complexity/IncompressibleStrings/SplitDecompressors.lean	private
Kolmogorov.SUV.Ch02.subK	Kolmogorov.subK	KolmogorovMathlib/Complexity/IncompressibleStrings/SplitDecompressors.lean	private
Kolmogorov.SUV.Ch02.subN	Kolmogorov.subN	KolmogorovMathlib/Complexity/IncompressibleStrings/SplitDecompressors.lean	private
Kolmogorov.SUV.Ch02.subB	Kolmogorov.subB	KolmogorovMathlib/Complexity/IncompressibleStrings/SplitDecompressors.lean	private
Kolmogorov.SUV.Ch02.subJ	Kolmogorov.subJ	KolmogorovMathlib/Complexity/IncompressibleStrings/SplitDecompressors.lean	private
Kolmogorov.SUV.Ch02.subProg	Kolmogorov.subProg	KolmogorovMathlib/Complexity/IncompressibleStrings/SplitDecompressors.lean	private
Kolmogorov.SUV.Ch02.subRest	Kolmogorov.subRest	KolmogorovMathlib/Complexity/IncompressibleStrings/SplitDecompressors.lean	private
Kolmogorov.SUV.Ch02.subPre	Kolmogorov.subPre	KolmogorovMathlib/Complexity/IncompressibleStrings/SplitDecompressors.lean	private
Kolmogorov.SUV.Ch02.subSuf	Kolmogorov.subSuf	KolmogorovMathlib/Complexity/IncompressibleStrings/SplitDecompressors.lean	private
Kolmogorov.SUV.Ch02.subI_primrec	Kolmogorov.subI_primrec	KolmogorovMathlib/Complexity/IncompressibleStrings/SplitDecompressors.lean	private
Kolmogorov.SUV.Ch02.subK_primrec	Kolmogorov.subK_primrec	KolmogorovMathlib/Complexity/IncompressibleStrings/SplitDecompressors.lean	private
Kolmogorov.SUV.Ch02.subN_primrec	Kolmogorov.subN_primrec	KolmogorovMathlib/Complexity/IncompressibleStrings/SplitDecompressors.lean	private
Kolmogorov.SUV.Ch02.subB_primrec	Kolmogorov.subB_primrec	KolmogorovMathlib/Complexity/IncompressibleStrings/SplitDecompressors.lean	private
Kolmogorov.SUV.Ch02.subJ_primrec	Kolmogorov.subJ_primrec	KolmogorovMathlib/Complexity/IncompressibleStrings/SplitDecompressors.lean	private
Kolmogorov.SUV.Ch02.subProg_primrec	Kolmogorov.subProg_primrec	KolmogorovMathlib/Complexity/IncompressibleStrings/SplitDecompressors.lean	private
Kolmogorov.SUV.Ch02.subRest_primrec	Kolmogorov.subRest_primrec	KolmogorovMathlib/Complexity/IncompressibleStrings/SplitDecompressors.lean	private
Kolmogorov.SUV.Ch02.subPre_primrec	Kolmogorov.subPre_primrec	KolmogorovMathlib/Complexity/IncompressibleStrings/SplitDecompressors.lean	private
Kolmogorov.SUV.Ch02.subSuf_primrec	Kolmogorov.subSuf_primrec	KolmogorovMathlib/Complexity/IncompressibleStrings/SplitDecompressors.lean	private
Kolmogorov.SUV.Ch02.substringDecoder	Kolmogorov.substringDecoder	KolmogorovMathlib/Complexity/IncompressibleStrings/SplitDecompressors.lean	public
Kolmogorov.SUV.Ch02.substringDecoder_isDecompressor	Kolmogorov.substringDecoder_isDecompressor	KolmogorovMathlib/Complexity/IncompressibleStrings/SplitDecompressors.lean	public
Kolmogorov.SUV.Ch02.substringProgram	Kolmogorov.substringProgram	KolmogorovMathlib/Complexity/IncompressibleStrings/SplitDecompressors.lean	private
Kolmogorov.SUV.Ch02.substringProgram_length	Kolmogorov.substringProgram_length	KolmogorovMathlib/Complexity/IncompressibleStrings/SplitDecompressors.lean	private
Kolmogorov.SUV.Ch02.substring_produces	Kolmogorov.substring_produces	KolmogorovMathlib/Complexity/IncompressibleStrings/SplitDecompressors.lean	private
Kolmogorov.SUV.Ch02.plainK_substring_of_incompressible	Kolmogorov.plainK_substring_of_incompressible	KolmogorovMathlib/Complexity/IncompressibleStrings/SplitDecompressors.lean	public
Kolmogorov.SUV.Ch02.hasZeroRun	Kolmogorov.hasZeroRun	KolmogorovMathlib/Complexity/IncompressibleStrings/SplitDecompressors.lean	public
Kolmogorov.SUV.Ch02.hasZeroRun_iff	Kolmogorov.hasZeroRun_iff	KolmogorovMathlib/Complexity/IncompressibleStrings/SplitDecompressors.lean	public
Kolmogorov.SUV.Ch02.noRunList	Kolmogorov.noRunList	KolmogorovMathlib/Complexity/IncompressibleStrings/SplitDecompressors.lean	public
Kolmogorov.SUV.Ch02.mem_noRunList	Kolmogorov.mem_noRunList	KolmogorovMathlib/Complexity/IncompressibleStrings/SplitDecompressors.lean	public
Kolmogorov.SUV.Ch02.noRunList_nodup	Kolmogorov.noRunList_nodup	KolmogorovMathlib/Complexity/IncompressibleStrings/SplitDecompressors.lean	public
Kolmogorov.SUV.Ch02.noRunFinset	Kolmogorov.noRunFinset	KolmogorovMathlib/Complexity/IncompressibleStrings/SplitDecompressors.lean	public
Kolmogorov.SUV.Ch02.mem_noRunFinset	Kolmogorov.mem_noRunFinset	KolmogorovMathlib/Complexity/IncompressibleStrings/SplitDecompressors.lean	public
Kolmogorov.SUV.Ch02.card_noRunFinset	Kolmogorov.card_noRunFinset	KolmogorovMathlib/Complexity/IncompressibleStrings/SplitDecompressors.lean	public
Kolmogorov.SUV.Ch02.noRunFinset_subset	Kolmogorov.noRunFinset_subset	KolmogorovMathlib/Complexity/IncompressibleStrings/SplitDecompressors.lean	public
Kolmogorov.SUV.Ch02.card_noRunFinset_step	Kolmogorov.card_noRunFinset_step	KolmogorovMathlib/Complexity/IncompressibleStrings/SplitDecompressors.lean	public
Kolmogorov.SUV.Ch02.card_noRunFinset_le	Kolmogorov.card_noRunFinset_le	KolmogorovMathlib/Complexity/IncompressibleStrings/SplitDecompressors.lean	public
Kolmogorov.SUV.Ch02.hasZeroRun_primrec	Kolmogorov.hasZeroRun_primrec	KolmogorovMathlib/Complexity/IncompressibleStrings/SplitDecompressors.lean	public
Kolmogorov.SUV.Ch02.noRunList_primrec	Kolmogorov.noRunList_primrec	KolmogorovMathlib/Complexity/IncompressibleStrings/SplitDecompressors.lean	public
Kolmogorov.SUV.Ch02.runIndexDecoder	Kolmogorov.runIndexDecoder	KolmogorovMathlib/Complexity/IncompressibleStrings/SplitDecompressors.lean	public
Kolmogorov.SUV.Ch02.runIndexDecoder_isDecompressor	Kolmogorov.runIndexDecoder_isDecompressor	KolmogorovMathlib/Complexity/IncompressibleStrings/SplitDecompressors.lean	public
Kolmogorov.SUV.Ch02.runIndex_produces	Kolmogorov.runIndex_produces	KolmogorovMathlib/Complexity/IncompressibleStrings/SplitDecompressors.lean	public
Kolmogorov.SUV.Ch02.sq_add_one_le_two_pow	Kolmogorov.sq_add_one_le_two_pow	KolmogorovMathlib/Complexity/IncompressibleStrings/SplitDecompressors.lean	private
Kolmogorov.SUV.Ch02.pow_succ_le_two_pow	Kolmogorov.pow_succ_le_two_pow	KolmogorovMathlib/Complexity/IncompressibleStrings/SplitDecompressors.lean	private
Kolmogorov.SUV.Ch02.const_mul_log_pow_le	Kolmogorov.const_mul_log_pow_le	KolmogorovMathlib/Complexity/IncompressibleStrings/SplitDecompressors.lean	private
Kolmogorov.SUV.Ch02.two_pow_ceil_logb_pow_le	Kolmogorov.two_pow_ceil_logb_pow_le	KolmogorovMathlib/Complexity/IncompressibleStrings/SplitDecompressors.lean	private
Kolmogorov.SUV.Ch02.two_mul_sub_one_pow_le	Kolmogorov.two_mul_sub_one_pow_le	KolmogorovMathlib/Complexity/IncompressibleStrings/SplitDecompressors.lean	private
Kolmogorov.SUV.Ch02.sub_one_pow_mul_two_pow_le_aux	Kolmogorov.sub_one_pow_mul_two_pow_le_aux	KolmogorovMathlib/Complexity/IncompressibleStrings/SplitDecompressors.lean	private
Kolmogorov.SUV.Ch02.sub_one_pow_mul_two_pow_le	Kolmogorov.sub_one_pow_mul_two_pow_le	KolmogorovMathlib/Complexity/IncompressibleStrings/SplitDecompressors.lean	private
Kolmogorov.SUV.Ch02.logb_le_log_add_one	Kolmogorov.logb_le_log_add_one	KolmogorovMathlib/Complexity/IncompressibleStrings/SplitDecompressors.lean	private
Kolmogorov.SUV.Ch02.incompressible_contains_zero_run	Kolmogorov.incompressible_contains_zero_run	KolmogorovMathlib/Complexity/IncompressibleStrings/SplitDecompressors.lean	public
Kolmogorov.SUV.Ch02.bitsToNat_lt_two_pow	Kolmogorov.bitsToNat_lt_two_pow	KolmogorovMathlib/Complexity/IncompressibleStrings/SplitDecompressors.lean	public
Kolmogorov.SUV.Ch02.cPair	Kolmogorov.cPair	KolmogorovMathlib/Complexity/PairComplexity/Basic.lean	public
Kolmogorov.SUV.Ch02.cTriple	Kolmogorov.cTriple	KolmogorovMathlib/Complexity/PairComplexity/Basic.lean	public
Kolmogorov.SUV.Ch02.cCondPair	Kolmogorov.cCondPair	KolmogorovMathlib/Complexity/PairComplexity/Basic.lean	public
Kolmogorov.SUV.Ch02.cPairVal	Kolmogorov.cPairVal	KolmogorovMathlib/Complexity/PairComplexity/Basic.lean	public
Kolmogorov.SUV.Ch02.cTripleVal	Kolmogorov.cTripleVal	KolmogorovMathlib/Complexity/PairComplexity/Basic.lean	public
Kolmogorov.SUV.Ch02.info	Kolmogorov.info	KolmogorovMathlib/Complexity/PairComplexity/Basic.lean	public
Kolmogorov.SUV.Ch02.condInfo	Kolmogorov.condInfo	KolmogorovMathlib/Complexity/PairComplexity/Basic.lean	public
Kolmogorov.SUV.Ch02.seqPrefix	Kolmogorov.seqPrefix	KolmogorovMathlib/Complexity/PairComplexity/Basic.lean	public
Kolmogorov.SUV.Ch02.length_natBits_le_log	Kolmogorov.length_natBits_le_log	KolmogorovMathlib/Complexity/PairComplexity/Basic.lean	public
Kolmogorov.SUV.Ch02.exists_program_le_cVal	Kolmogorov.exists_program_le_cVal	KolmogorovMathlib/Complexity/PairComplexity/Basic.lean	public
Kolmogorov.SUV.Ch02.t16_first_S1	Kolmogorov.t16_first_S1	KolmogorovMathlib/Complexity/PairComplexity/Basic.lean	public
Kolmogorov.SUV.Ch02.t16_first_S2	Kolmogorov.t16_first_S2	KolmogorovMathlib/Complexity/PairComplexity/Basic.lean	public
Kolmogorov.SUV.Ch02.t16_first_S1_comp	Kolmogorov.t16_first_S1_comp	KolmogorovMathlib/Complexity/PairComplexity/Basic.lean	private
Kolmogorov.SUV.Ch02.t16_first_S2_comp	Kolmogorov.t16_first_S2_comp	KolmogorovMathlib/Complexity/PairComplexity/Basic.lean	private
Kolmogorov.SUV.Ch02.t16_pair2	Kolmogorov.t16_pair2	KolmogorovMathlib/Complexity/PairComplexity/Basic.lean	public
Kolmogorov.SUV.Ch02.t16_pair2_comp	Kolmogorov.t16_pair2_comp	KolmogorovMathlib/Complexity/PairComplexity/Basic.lean	private
Kolmogorov.SUV.Ch02.t16_map2	Kolmogorov.t16_map2	KolmogorovMathlib/Complexity/PairComplexity/Basic.lean	public
Kolmogorov.SUV.Ch02.t16_map2_comp	Kolmogorov.t16_map2_comp	KolmogorovMathlib/Complexity/PairComplexity/Basic.lean	private
Kolmogorov.SUV.Ch02.plainK_pair_le_add_two_log	Kolmogorov.plainK_pair_le_add_two_log	KolmogorovMathlib/Complexity/PairComplexity/Basic.lean	public
Kolmogorov.SUV.Ch02.log_succ_le	Kolmogorov.log_succ_le	KolmogorovMathlib/Foundation/NatEncoding.lean	public
Kolmogorov.SUV.Ch02.t16_second_A	Kolmogorov.t16_second_A	KolmogorovMathlib/Complexity/PairComplexity/Basic.lean	public
Kolmogorov.SUV.Ch02.t16_second_lenB	Kolmogorov.t16_second_lenB	KolmogorovMathlib/Complexity/PairComplexity/Basic.lean	public
Kolmogorov.SUV.Ch02.t16_second_rest1	Kolmogorov.t16_second_rest1	KolmogorovMathlib/Complexity/PairComplexity/Basic.lean	public
Kolmogorov.SUV.Ch02.t16_second_B	Kolmogorov.t16_second_B	KolmogorovMathlib/Complexity/PairComplexity/Basic.lean	public
Kolmogorov.SUV.Ch02.t16_second_rest2	Kolmogorov.t16_second_rest2	KolmogorovMathlib/Complexity/PairComplexity/Basic.lean	public
Kolmogorov.SUV.Ch02.t16_second_lenp	Kolmogorov.t16_second_lenp	KolmogorovMathlib/Complexity/PairComplexity/Basic.lean	public
Kolmogorov.SUV.Ch02.t16_second_S1	Kolmogorov.t16_second_S1	KolmogorovMathlib/Complexity/PairComplexity/Basic.lean	public
Kolmogorov.SUV.Ch02.t16_second_S2	Kolmogorov.t16_second_S2	KolmogorovMathlib/Complexity/PairComplexity/Basic.lean	public
Kolmogorov.SUV.Ch02.t16_second_S1_comp	Kolmogorov.t16_second_S1_comp	KolmogorovMathlib/Complexity/PairComplexity/Basic.lean	private
Kolmogorov.SUV.Ch02.t16_second_S2_comp	Kolmogorov.t16_second_S2_comp	KolmogorovMathlib/Complexity/PairComplexity/Basic.lean	private
Kolmogorov.SUV.Ch02.plainK_pair_le_add_log_add_two_logLog	Kolmogorov.plainK_pair_le_add_log_add_two_logLog	KolmogorovMathlib/Complexity/PairComplexity/Basic.lean	public
Kolmogorov.SUV.Ch02.t16_third_A	Kolmogorov.t16_third_A	KolmogorovMathlib/Complexity/PairComplexity/Basic.lean	public
Kolmogorov.SUV.Ch02.t16_third_lenB	Kolmogorov.t16_third_lenB	KolmogorovMathlib/Complexity/PairComplexity/Basic.lean	public
Kolmogorov.SUV.Ch02.t16_third_rest1	Kolmogorov.t16_third_rest1	KolmogorovMathlib/Complexity/PairComplexity/Basic.lean	public
Kolmogorov.SUV.Ch02.t16_third_B	Kolmogorov.t16_third_B	KolmogorovMathlib/Complexity/PairComplexity/Basic.lean	public
Kolmogorov.SUV.Ch02.t16_third_rest2	Kolmogorov.t16_third_rest2	KolmogorovMathlib/Complexity/PairComplexity/Basic.lean	public
Kolmogorov.SUV.Ch02.t16_third_lenC	Kolmogorov.t16_third_lenC	KolmogorovMathlib/Complexity/PairComplexity/Basic.lean	public
Kolmogorov.SUV.Ch02.t16_third_C	Kolmogorov.t16_third_C	KolmogorovMathlib/Complexity/PairComplexity/Basic.lean	public
Kolmogorov.SUV.Ch02.t16_third_rest3	Kolmogorov.t16_third_rest3	KolmogorovMathlib/Complexity/PairComplexity/Basic.lean	public
Kolmogorov.SUV.Ch02.t16_third_lenp	Kolmogorov.t16_third_lenp	KolmogorovMathlib/Complexity/PairComplexity/Basic.lean	public
Kolmogorov.SUV.Ch02.t16_third_S1	Kolmogorov.t16_third_S1	KolmogorovMathlib/Complexity/PairComplexity/Basic.lean	public
Kolmogorov.SUV.Ch02.t16_third_S2	Kolmogorov.t16_third_S2	KolmogorovMathlib/Complexity/PairComplexity/Basic.lean	public
Kolmogorov.SUV.Ch02.t16_third_S1_comp	Kolmogorov.t16_third_S1_comp	KolmogorovMathlib/Complexity/PairComplexity/Basic.lean	private
Kolmogorov.SUV.Ch02.t16_third_S2_comp	Kolmogorov.t16_third_S2_comp	KolmogorovMathlib/Complexity/PairComplexity/Basic.lean	private
Kolmogorov.SUV.Ch02.plainK_pair_le_add_log_add_logLog_add_two_logLogLog	Kolmogorov.plainK_pair_le_add_log_add_logLog_add_two_logLogLog	KolmogorovMathlib/Complexity/PairComplexity/Basic.lean	public
Kolmogorov.SUV.Ch02.mem_exactLengthPrograms_self	Kolmogorov.mem_exactLengthPrograms_self	KolmogorovMathlib/Foundation/RecursivelyEnumerable.lean	private
Kolmogorov.SUV.Ch02.nodup_findIdx_getElem	Kolmogorov.nodup_findIdx_getElem	KolmogorovMathlib/Complexity/PairComplexity/ConditionalMinimality.lean	private
Kolmogorov.SUV.Ch02.exactLengthPrograms_length	Kolmogorov.exactLengthPrograms_length	KolmogorovMathlib/Foundation/RecursivelyEnumerable.lean	private
Kolmogorov.SUV.Ch02.t19_cand	Kolmogorov.t19_cand	KolmogorovMathlib/Complexity/PairComplexity/ConditionalMinimality.lean	private
Kolmogorov.SUV.Ch02.t19_enum	Kolmogorov.t19_enum	KolmogorovMathlib/Complexity/PairComplexity/ConditionalMinimality.lean	private
Kolmogorov.SUV.Ch02.t19_idx	Kolmogorov.t19_idx	KolmogorovMathlib/Complexity/PairComplexity/ConditionalMinimality.lean	private
Kolmogorov.SUV.Ch02.t19_fn	Kolmogorov.t19_fn	KolmogorovMathlib/Complexity/PairComplexity/ConditionalMinimality.lean	private
Kolmogorov.SUV.Ch02.evaln_arg	Kolmogorov.evaln_arg	KolmogorovMathlib/Complexity/PairComplexity/ConditionalMinimality.lean	private
Kolmogorov.SUV.Ch02.evaln_arg_prim	Kolmogorov.evaln_arg_prim	KolmogorovMathlib/Complexity/PairComplexity/ConditionalMinimality.lean	private
Kolmogorov.SUV.Ch02.eval_step_prim	Kolmogorov.eval_step_prim	KolmogorovMathlib/Complexity/PairComplexity/ConditionalMinimality.lean	private
Kolmogorov.SUV.Ch02.cand_body_prim	Kolmogorov.cand_body_prim	KolmogorovMathlib/Complexity/PairComplexity/ConditionalMinimality.lean	private
Kolmogorov.SUV.Ch02.cand_prim	Kolmogorov.cand_prim	KolmogorovMathlib/Complexity/PairComplexity/ConditionalMinimality.lean	private
Kolmogorov.SUV.Ch02.append_if_not_mem	Kolmogorov.append_if_not_mem	KolmogorovMathlib/Complexity/PairComplexity/ConditionalMinimality.lean	private
Kolmogorov.SUV.Ch02.append_if_not_mem_prim	Kolmogorov.append_if_not_mem_prim	KolmogorovMathlib/Complexity/PairComplexity/ConditionalMinimality.lean	private
Kolmogorov.SUV.Ch02.step_cases_prim	Kolmogorov.step_cases_prim	KolmogorovMathlib/Complexity/PairComplexity/ConditionalMinimality.lean	private
Kolmogorov.SUV.Ch02.enum_prim	Kolmogorov.enum_prim	KolmogorovMathlib/Complexity/PairComplexity/ConditionalMinimality.lean	private
Kolmogorov.SUV.Ch02.idx_prim	Kolmogorov.idx_prim	KolmogorovMathlib/Complexity/PairComplexity/ConditionalMinimality.lean	private
Kolmogorov.SUV.Ch02.getElem_prim	Kolmogorov.getElem_prim	KolmogorovMathlib/Complexity/PairComplexity/ConditionalMinimality.lean	private
Kolmogorov.SUV.Ch02.getElem_computable	Kolmogorov.getElem_computable	KolmogorovMathlib/Complexity/PairComplexity/ConditionalMinimality.lean	private
Kolmogorov.SUV.Ch02.t19_decompressor	Kolmogorov.t19_decompressor	KolmogorovMathlib/Complexity/PairComplexity/ConditionalMinimality.lean	private
Kolmogorov.SUV.Ch02.rfind_p_partrec	Kolmogorov.rfind_p_partrec	KolmogorovMathlib/Complexity/PairComplexity/ConditionalMinimality.lean	private
Kolmogorov.SUV.Ch02.rfind_partrec	Kolmogorov.rfind_partrec	KolmogorovMathlib/Complexity/PairComplexity/ConditionalMinimality.lean	private
Kolmogorov.SUV.Ch02.ofOpt_partrec	Kolmogorov.ofOpt_partrec	KolmogorovMathlib/Complexity/PairComplexity/ConditionalMinimality.lean	private
Kolmogorov.SUV.Ch02.t19_decompressor_isDecompressor	Kolmogorov.t19_decompressor_isDecompressor	KolmogorovMathlib/Complexity/PairComplexity/ConditionalMinimality.lean	private
Kolmogorov.SUV.Ch02.enum_mono	Kolmogorov.enum_mono	KolmogorovMathlib/Complexity/PairComplexity/ConditionalMinimality.lean	private
Kolmogorov.SUV.Ch02.enum_nodup	Kolmogorov.enum_nodup	KolmogorovMathlib/Complexity/PairComplexity/ConditionalMinimality.lean	private
Kolmogorov.SUV.Ch02.condK_minimal_upperSemicomputable	Kolmogorov.condK_minimal_upperSemicomputable	KolmogorovMathlib/Complexity/PairComplexity/ConditionalMinimality.lean	public
Kolmogorov.SUV.Ch02.plainK_pair_le_add_two_log_add_condK	Kolmogorov.plainK_pair_le_add_two_log_add_condK	KolmogorovMathlib/Complexity/PairComplexity/ConditionalMinimality.lean	public
Kolmogorov.SUV.Ch02.decodeTriple	Kolmogorov.decodeTriple	KolmogorovMathlib/Complexity/PairComplexity/ConditionalMinimality.lean	public
Kolmogorov.SUV.Ch02.tripleStep3	Kolmogorov.tripleStep3	KolmogorovMathlib/Complexity/PairComplexity/ConditionalMinimality.lean	public
Kolmogorov.SUV.Ch02.tripleStep2	Kolmogorov.tripleStep2	KolmogorovMathlib/Complexity/PairComplexity/ConditionalMinimality.lean	public
Kolmogorov.SUV.Ch02.tripleDecompressor	Kolmogorov.tripleDecompressor	KolmogorovMathlib/Complexity/PairComplexity/ConditionalMinimality.lean	public
Kolmogorov.SUV.Ch02.decodeTriple_primrec	Kolmogorov.decodeTriple_primrec	KolmogorovMathlib/Complexity/PairComplexity/ConditionalMinimality.lean	public
Kolmogorov.SUV.Ch02.tripleSel1	Kolmogorov.tripleSel1	KolmogorovMathlib/Complexity/PairComplexity/ConditionalMinimality.lean	public
Kolmogorov.SUV.Ch02.tripleSel2	Kolmogorov.tripleSel2	KolmogorovMathlib/Complexity/PairComplexity/ConditionalMinimality.lean	public
Kolmogorov.SUV.Ch02.tripleSel3	Kolmogorov.tripleSel3	KolmogorovMathlib/Complexity/PairComplexity/ConditionalMinimality.lean	public
Kolmogorov.SUV.Ch02.tripleSel1_comp	Kolmogorov.tripleSel1_comp	KolmogorovMathlib/Complexity/PairComplexity/ConditionalMinimality.lean	public
Kolmogorov.SUV.Ch02.tripleSel2_comp	Kolmogorov.tripleSel2_comp	KolmogorovMathlib/Complexity/PairComplexity/ConditionalMinimality.lean	public
Kolmogorov.SUV.Ch02.tripleSel3_comp	Kolmogorov.tripleSel3_comp	KolmogorovMathlib/Complexity/PairComplexity/ConditionalMinimality.lean	public
Kolmogorov.SUV.Ch02.tripleList	Kolmogorov.tripleList	KolmogorovMathlib/Complexity/PairComplexity/ConditionalMinimality.lean	public
Kolmogorov.SUV.Ch02.tripleList_comp	Kolmogorov.tripleList_comp	KolmogorovMathlib/Complexity/PairComplexity/ConditionalMinimality.lean	public
Kolmogorov.SUV.Ch02.tripleProj1	Kolmogorov.tripleProj1	KolmogorovMathlib/Complexity/PairComplexity/ConditionalMinimality.lean	public
Kolmogorov.SUV.Ch02.tripleProj2	Kolmogorov.tripleProj2	KolmogorovMathlib/Complexity/PairComplexity/ConditionalMinimality.lean	public
Kolmogorov.SUV.Ch02.tripleProj3	Kolmogorov.tripleProj3	KolmogorovMathlib/Complexity/PairComplexity/ConditionalMinimality.lean	public
Kolmogorov.SUV.Ch02.tripleProj1_comp	Kolmogorov.tripleProj1_comp	KolmogorovMathlib/Complexity/PairComplexity/ConditionalMinimality.lean	public
Kolmogorov.SUV.Ch02.tripleProj2_comp	Kolmogorov.tripleProj2_comp	KolmogorovMathlib/Complexity/PairComplexity/ConditionalMinimality.lean	public
Kolmogorov.SUV.Ch02.tripleProj3_comp	Kolmogorov.tripleProj3_comp	KolmogorovMathlib/Complexity/PairComplexity/ConditionalMinimality.lean	public
Kolmogorov.SUV.Ch02.tripleDecompressor_isDecompressor	Kolmogorov.tripleDecompressor_isDecompressor	KolmogorovMathlib/Complexity/PairComplexity/ConditionalMinimality.lean	public
Kolmogorov.SUV.Ch02.plainK_triple_le_add_log	Kolmogorov.plainK_triple_le_add_log	KolmogorovMathlib/Complexity/PairComplexity/ConditionalMinimality.lean	public
Kolmogorov.SUV.Ch01.thm15e_allStrings_primrec	Kolmogorov.CodedFiniteDistribution.allStrings_primrec	KolmogorovMathlib/AlgorithmicStatistics/CodedComputability.lean	public
Kolmogorov.SUV.Ch01.thm15e_decodeFirst_primrec	Kolmogorov.CodedFiniteDistribution.decodeFirst_primrec	KolmogorovMathlib/AlgorithmicStatistics/NormalizedCodedFiniteDistribution.lean	public
Kolmogorov.SUV.Ch01.thm15e_decodeSecond_primrec	Kolmogorov.CodedFiniteDistribution.decodeSecond_primrec	KolmogorovMathlib/AlgorithmicStatistics/NormalizedCodedFiniteDistribution.lean	public
Kolmogorov.SUV.Ch14.selAlpha5_selectorInput5	Kolmogorov.selector5Alpha_selectorInput5	KolmogorovMathlib/AlgorithmicStatistics/DeficiencyValue.lean	public
Kolmogorov.SUV.Ch14.selH5_selectorInput5	Kolmogorov.selector5HaltCount_selectorInput5	KolmogorovMathlib/AlgorithmicStatistics/DeficiencyValue.lean	public
Kolmogorov.SUV.Ch14.selIndex5_selectorInput5	Kolmogorov.selector5Index_selectorInput5	KolmogorovMathlib/AlgorithmicStatistics/DeficiencyValue.lean	public
Kolmogorov.SUV.Ch14.selMaxK5_selectorInput5	Kolmogorov.selector5MaxK_selectorInput5	KolmogorovMathlib/AlgorithmicStatistics/DeficiencyValue.lean	public
Kolmogorov.SUV.Ch14.selNat5_selectorInput5	Kolmogorov.selector5Length_selectorInput5	KolmogorovMathlib/AlgorithmicStatistics/DeficiencyValue.lean	public
Kolmogorov.SUV.Ch02.length_seqPrefix	Kolmogorov.length_seqPrefix	KolmogorovMathlib/Complexity/InfiniteSequences/PrefixComplexity.lean	public
Kolmogorov.SUV.Ch02.length_xorStr	Kolmogorov.length_xorStr	KolmogorovMathlib/Complexity/Information/MutualInformation.lean	public
Kolmogorov.exercise_308_coefficient_two_sharp	Kolmogorov.coefficient_two_sharp	KolmogorovMathlib/CommonInformation/RegionConsequences.lean	public
Kolmogorov.exercise_308_sharp_slack_folding	Kolmogorov.coefficient_two_sharp_slack_folding	KolmogorovMathlib/CommonInformation/RegionConsequences.lean	public
Kolmogorov.exercise_308_small_arithmetic	Kolmogorov.small_common_string_nonextractability_arithmetic	KolmogorovMathlib/CommonInformation/RegionConsequences.lean	public
Kolmogorov.exercise_308_small_common_string_nonextractability	Kolmogorov.small_common_string_nonextractability	KolmogorovMathlib/CommonInformation/RegionConsequences.lean	public
Kolmogorov.exercise_308_small_slack_folding	Kolmogorov.small_common_string_nonextractability_slack_folding	KolmogorovMathlib/CommonInformation/RegionConsequences.lean	public
Kolmogorov.exercise_309_incident_edge_profile	Kolmogorov.incident_edge_profile	KolmogorovMathlib/CommonInformation/IncidenceProfile.lean	public
Kolmogorov.exercise_310_every_highComplexity_incident_edge	Kolmogorov.highComplexity_incident_edge_muchnik_obstruction	KolmogorovMathlib/CommonInformation/IncidenceWitnessSelector.lean	public
Kolmogorov.exercise_311_region_witness	Kolmogorov.quadratic_incidence_region_witness	KolmogorovMathlib/CommonInformation/QuadraticIncidenceCodecs.lean	public
Kolmogorov.exercise_312_incidence_region_criterion	Kolmogorov.incidence_region_capacity_criterion	KolmogorovMathlib/CommonInformation/IncidenceRegionUniformity.lean	public
Kolmogorov.exercise_312_incidence_region_uniformity	Kolmogorov.incidence_region_uniformity	KolmogorovMathlib/CommonInformation/IncidenceRegionUniformity.lean	public
Kolmogorov.exercise_313_relativized_obstruction	Kolmogorov.relativized_incidence_obstruction	KolmogorovMathlib/CommonInformation/Relativized.lean	public
Kolmogorov.exercise_314_conditionally_independent_uniform_pair	Kolmogorov.exists_quadDist_condIndep_uniform_pair	KolmogorovMathlib/CommonInformation/FiniteQuadruple.lean	public
Kolmogorov.exercise_314_not_independent	Kolmogorov.not_alphaBetaIndep_of_prAgree_ne_half	KolmogorovMathlib/CommonInformation/FiniteQuadruple.lean	public
Kolmogorov.exercise_315_chain_of_ge_3_8	Kolmogorov.exists_indepChain_of_three_eighths_le	KolmogorovMathlib/CommonInformation/ConditionalIndependenceChains/Existence.lean	public
Kolmogorov.exercise_315_conditional_independence_chains	Kolmogorov.exists_indepChain	KolmogorovMathlib/CommonInformation/ConditionalIndependenceChains/Existence.lean	public
Kolmogorov.exercise_316_nonextractability	Kolmogorov.chain_pair_nonextractability	KolmogorovMathlib/CommonInformation/ChainNonextractability.lean	public
Kolmogorov.theorem_100_omega_binary_isMartinLofRandom	Kolmogorov.omega_binary_isMartinLofRandom	KolmogorovMathlib/MonotoneComplexity/Omega/Basic/DiracSemimeasure.lean	public
Kolmogorov.theorem_100_omega_isMartinLofRandomReal	Kolmogorov.isMartinLofRandomReal_omegaReal	KolmogorovMathlib/MonotoneComplexity/Omega/Solovay/Part01.lean	public
Kolmogorov.theorem_101_isLowerSemicomputableReal_sub_of_solovayDominates	Kolmogorov.isLowerSemicomputableReal_sub_of_solovayDominates	KolmogorovMathlib/MonotoneComplexity/Omega/Solovay/Part01.lean	public
Kolmogorov.theorem_101_solovayDominates_iff	Kolmogorov.solovayDominates_iff_isLowerSemicomputableReal_sub	KolmogorovMathlib/MonotoneComplexity/Omega/Solovay/Part01.lean	public
Kolmogorov.theorem_101_solovayDominates_of_isLowerSemicomputableReal_sub	Kolmogorov.solovayDominates_of_isLowerSemicomputableReal_sub	KolmogorovMathlib/MonotoneComplexity/Omega/Solovay/Part01.lean	public
Kolmogorov.theorem_102_exists_isSolovayComplete	Kolmogorov.exists_isSolovayComplete	KolmogorovMathlib/MonotoneComplexity/Omega/Solovay/Part01.lean	public
Kolmogorov.theorem_103_isOmegaNumber_of_isSolovayComplete	Kolmogorov.isOmegaNumber_of_isSolovayComplete	KolmogorovMathlib/MonotoneComplexity/Omega/Solovay/Part01.lean	public
Kolmogorov.theorem_103_isSolovayComplete_iff_isOmegaNumber	Kolmogorov.isSolovayComplete_iff_isOmegaNumber	KolmogorovMathlib/MonotoneComplexity/Omega/Solovay/Part01.lean	public
Kolmogorov.theorem_103_isSolovayComplete_of_isOmegaNumber	Kolmogorov.isSolovayComplete_of_isOmegaNumber	KolmogorovMathlib/MonotoneComplexity/Omega/Solovay/Part01.lean	public
Kolmogorov.theorem_104_hasComputableWinningStrategy_iff	Kolmogorov.hasComputableWinningStrategy_iff_not_isMartinLofRandomReal	KolmogorovMathlib/MonotoneComplexity/Omega/Prediction/Part01.lean	public
Kolmogorov.theorem_104_hasComputableWinningStrategy_of_not_isMartinLofRandomReal	Kolmogorov.hasComputableWinningStrategy_of_not_isMartinLofRandomReal	KolmogorovMathlib/MonotoneComplexity/Omega/Prediction/Part01.lean	public
Kolmogorov.theorem_104_hasComputableWinningStrategy_of_not_isMartinLofRandomReal_of_monotone	Kolmogorov.hasComputableWinningStrategy_of_not_isMartinLofRandomReal_of_monotone	KolmogorovMathlib/MonotoneComplexity/Omega/Prediction/Part01.lean	public
Kolmogorov.theorem_104_not_isMartinLofRandomReal_of_hasComputableWinningStrategy	Kolmogorov.not_isMartinLofRandomReal_of_hasComputableWinningStrategy	KolmogorovMathlib/MonotoneComplexity/Omega/Prediction/Part01.lean	public
Kolmogorov.theorem_105_exists_of_not_isMartinLofRandomReal	Kolmogorov.exists_uniform_slack_family_of_not_isMartinLofRandomReal	KolmogorovMathlib/MonotoneComplexity/Omega/Prediction/Part01.lean	public
Kolmogorov.theorem_105_exists_of_not_isMartinLofRandomReal_of_monotone	Kolmogorov.exists_uniform_slack_family_of_not_isMartinLofRandomReal_of_monotone	KolmogorovMathlib/MonotoneComplexity/Omega/Prediction/Part01.lean	public
Kolmogorov.theorem_105_not_isMartinLofRandomReal_of_exists	Kolmogorov.not_isMartinLofRandomReal_of_exists_uniform_slack_family	KolmogorovMathlib/MonotoneComplexity/Omega/Prediction/Part01.lean	public
Kolmogorov.theorem_106_exists_of_not_isMartinLofRandomReal	Kolmogorov.exists_summable_slack_of_not_isMartinLofRandomReal	KolmogorovMathlib/MonotoneComplexity/Omega/Prediction/Part01.lean	public
Kolmogorov.theorem_106_exists_of_not_isMartinLofRandomReal_of_monotone	Kolmogorov.exists_summable_slack_of_not_isMartinLofRandomReal_of_monotone	KolmogorovMathlib/MonotoneComplexity/Omega/Prediction/Part01.lean	public
Kolmogorov.theorem_106_not_isMartinLofRandomReal_of_exists	Kolmogorov.not_isMartinLofRandomReal_of_exists_summable_slack	KolmogorovMathlib/MonotoneComplexity/Omega/Prediction/Part01.lean	public
Kolmogorov.theorem_107_not_isMartinLofRandomReal_add	Kolmogorov.not_isMartinLofRandomReal_add	KolmogorovMathlib/MonotoneComplexity/Omega/Prediction/REFamilyCriterion.lean	public
Kolmogorov.theorem_108_not_isMartinLofRandomReal	Kolmogorov.not_isMartinLofRandomReal_of_lscTailCover	KolmogorovMathlib/MonotoneComplexity/Omega/Prediction/Part01.lean	public
Kolmogorov.theorem_108_not_isMartinLofRandomReal_of_monotone	Kolmogorov.not_isMartinLofRandomReal_of_lscTailCover_of_monotone	KolmogorovMathlib/MonotoneComplexity/Omega/Prediction/Part01.lean	public
Kolmogorov.theorem_109_exists_of_not_isMartinLofRandomReal	Kolmogorov.exists_smallMassREFamily_of_not_isMartinLofRandomReal	KolmogorovMathlib/MonotoneComplexity/Omega/Prediction/Part01.lean	public
Kolmogorov.theorem_109_not_isMartinLofRandomReal_iff	Kolmogorov.not_isMartinLofRandomReal_iff_exists_smallMassREFamily	KolmogorovMathlib/MonotoneComplexity/Omega/Prediction/REFamilyCriterion.lean	public
Kolmogorov.theorem_109_not_isMartinLofRandomReal_of_exists	Kolmogorov.not_isMartinLofRandomReal_of_exists_smallMassREFamily	KolmogorovMathlib/MonotoneComplexity/Omega/Prediction/REFamilyCriterion.lean	public
Kolmogorov.theorem_110_isSolovayComplete_iff	Kolmogorov.isSolovayComplete_iff_isMartinLofRandomReal	KolmogorovMathlib/MonotoneComplexity/Omega/Solovay/CompletenessRandomness.lean	public
Kolmogorov.theorem_110_isSolovayComplete_of_isMartinLofRandomReal	Kolmogorov.isSolovayComplete_of_isMartinLofRandomReal	KolmogorovMathlib/MonotoneComplexity/Omega/Solovay/CompletenessRandomness.lean	public
Kolmogorov.theorem_111_isMartinLofRandomReal_iff_hasSolovayProperty	Kolmogorov.isMartinLofRandomReal_iff_hasSolovayProperty	KolmogorovMathlib/MonotoneComplexity/Omega/SolovayFunctions/SolovayProperty.lean	public
Kolmogorov.theorem_111_not_isMartinLofRandomReal_of_ratioTendstoZero	Kolmogorov.not_isMartinLofRandomReal_of_ratioTendstoZero	KolmogorovMathlib/MonotoneComplexity/Omega/SolovayFunctions/SolovayProperty.lean	public
Kolmogorov.theorem_111_ratioTendstoZero_of_not_isMartinLofRandomReal	Kolmogorov.ratioTendstoZero_of_not_isMartinLofRandomReal	KolmogorovMathlib/MonotoneComplexity/Omega/SolovayFunctions/SolovayProperty.lean	public
Kolmogorov.theorem_111_strengthened_lsc_terms	Kolmogorov.not_isMartinLofRandomReal_iff_ratioTendstoZero_of_lsc_terms	KolmogorovMathlib/MonotoneComplexity/Omega/SolovayFunctions/ExistenceFlatten.lean	public
Kolmogorov.theorem_112_group_of_pair	Kolmogorov.ratioTendstoZero_group_of_pair	KolmogorovMathlib/MonotoneComplexity/Omega/SolovayFunctions/ExistenceSum.lean	public
Kolmogorov.theorem_112_grouping	Kolmogorov.ratioTendstoZero_group_iff_pair	KolmogorovMathlib/MonotoneComplexity/Omega/SolovayFunctions/ExistenceSum.lean	public
Kolmogorov.theorem_112_pair_of_group	Kolmogorov.ratioTendstoZero_pair_of_group	KolmogorovMathlib/MonotoneComplexity/Omega/SolovayFunctions/ExistenceSum.lean	public
Kolmogorov.theorem_113_isMartinLofRandomReal_of_tight	Kolmogorov.isMartinLofRandomReal_of_tight	KolmogorovMathlib/MonotoneComplexity/Omega/SolovayFunctions/ExistenceFlatten.lean	public
Kolmogorov.theorem_113_tight_iff_isMartinLofRandomReal	Kolmogorov.tight_iff_isMartinLofRandomReal	KolmogorovMathlib/MonotoneComplexity/Omega/SolovayFunctions/ExistenceFlatten.lean	public
Kolmogorov.theorem_113_tight_of_isMartinLofRandomReal	Kolmogorov.tight_of_isMartinLofRandomReal	KolmogorovMathlib/MonotoneComplexity/Omega/SolovayFunctions/ExistenceFlatten.lean	public
Kolmogorov.theorem_114_hasSolovayProperty_iff_modulus_ge	Kolmogorov.hasSolovayProperty_iff_convergenceModulus_ge_busyBeaverPrefix	KolmogorovMathlib/MonotoneComplexity/Omega/SolovayFunctions/BusyBeavers.lean	public
Kolmogorov.theorem_114_isMartinLofRandomReal_of_modulus_ge	Kolmogorov.isMartinLofRandomReal_of_convergenceModulus_ge_busyBeaverPrefix	KolmogorovMathlib/MonotoneComplexity/Omega/SolovayFunctions/BusyBeavers.lean	public
Kolmogorov.theorem_114_modulus_ge_of_isMartinLofRandomReal	Kolmogorov.convergenceModulus_ge_busyBeaverPrefix_of_isMartinLofRandomReal	KolmogorovMathlib/MonotoneComplexity/Omega/SolovayFunctions/BusyBeavers.lean	public
Kolmogorov.theorem_115_modulus_ge_BPprime	Kolmogorov.convergenceModulus_ge_BPprime_of_isMartinLofRandomReal	KolmogorovMathlib/MonotoneComplexity/Omega/SolovayFunctions/BusyBeavers.lean	public
Kolmogorov.theorem_116_busyBeaver_of_omegaPrefix	Kolmogorov.busyBeaver_of_omegaPrefix	KolmogorovMathlib/MonotoneComplexity/Omega/SolovayFunctions/BusyBeaverOmega.lean	public
Kolmogorov.theorem_116_omegaPrefix_of_busyBeaver	Kolmogorov.omegaPrefix_of_busyBeaver	KolmogorovMathlib/MonotoneComplexity/Omega/SolovayFunctions/BusyBeaverOmega.lean	public
Kolmogorov.theorem_217_conditionally_independent_not_independent	Kolmogorov.exists_quadDist_condIndep_not_indep	KolmogorovMathlib/CommonInformation/FiniteQuadruple.lean	public
Kolmogorov.theorem_223_muchnik_nonextractability	Kolmogorov.muchnik_nonextractability	KolmogorovMathlib/CommonInformation/WorstCase.lean	public
Kolmogorov.theorem_224_common_information_threeFace_containment	Kolmogorov.common_information_threeFace_containment	KolmogorovMathlib/CommonInformation/RegionEnvelopes.lean	public
Kolmogorov.theorem_224_muchnik_worst_case_region	Kolmogorov.muchnik_worst_case_region	KolmogorovMathlib/CommonInformation/WorstCaseRegion.lean	public
Kolmogorov.theorem_225_common_information_lower_envelope_achieved	Kolmogorov.common_information_lower_envelope_achieved	KolmogorovMathlib/CommonInformation/RegionLower/Part01.lean	public
Kolmogorov.theorem_225_common_information_profile_upper	Kolmogorov.common_information_profile_upper	KolmogorovMathlib/CommonInformation/RegionLower/Part01.lean	public
Kolmogorov.theorem_225_common_information_universal_lower	Kolmogorov.common_information_universal_lower	KolmogorovMathlib/CommonInformation/RegionLower/Part01.lean	public
Kolmogorov.theorem_225_common_information_universal_upper	Kolmogorov.common_information_universal_upper	KolmogorovMathlib/CommonInformation/RegionEnvelopes.lean	public
Kolmogorov.theorem_225_common_information_upper_envelope_achieved	Kolmogorov.common_information_upper_envelope_achieved	KolmogorovMathlib/CommonInformation/RegionLower/Part02.lean	public
Kolmogorov.theorem_225_conditional_values_close	Kolmogorov.common_information_conditional_values_close	KolmogorovMathlib/CommonInformation/RegionEnvelopes.lean	public
Kolmogorov.theorem_226_arithmetic	Kolmogorov.minimal_region_nonextractability_arithmetic	KolmogorovMathlib/CommonInformation/RegionConsequences.lean	public
Kolmogorov.theorem_226_minimal_region_nonextractability	Kolmogorov.minimal_region_nonextractability	KolmogorovMathlib/CommonInformation/RegionConsequences.lean	public
Kolmogorov.theorem_226_slack_folding	Kolmogorov.minimal_region_nonextractability_slack_folding	KolmogorovMathlib/CommonInformation/RegionConsequences.lean	public
Kolmogorov.theorem_227_arithmetic	Kolmogorov.incidence_nonextractability_arithmetic	KolmogorovMathlib/CommonInformation/IncidenceCoverArithmetic.lean	public
Kolmogorov.theorem_227_incidence_nonextractability	Kolmogorov.incidence_nonextractability	KolmogorovMathlib/CommonInformation/IncidenceConsequences.lean	public
Kolmogorov.theorem_227_incidence_nonextractability_core	Kolmogorov.incidence_nonextractability_core	KolmogorovMathlib/CommonInformation/IncidenceConsequences.lean	public
Kolmogorov.theorem_227_incidence_nonextractability_of_profile_values	Kolmogorov.incidence_nonextractability_of_profile_values	KolmogorovMathlib/CommonInformation/IncidenceConsequences.lean	public
Kolmogorov.theorem_227_incidence_region_containment	Kolmogorov.incidence_region_containment	KolmogorovMathlib/CommonInformation/IncidenceRegion.lean	public
Kolmogorov.theorem_227_large_z_case	Kolmogorov.incidence_nonextractability_large_z	KolmogorovMathlib/CommonInformation/IncidenceConsequences.lean	public
Kolmogorov.theorem_227_weighted_profile_values	Kolmogorov.incidence_weighted_profile_values	KolmogorovMathlib/CommonInformation/IncidenceConsequences.lean	public
Kolmogorov.theorem_228_conditional_independence_bound	Kolmogorov.conditional_independence_nonextractability_bound	KolmogorovMathlib/CommonInformation/ConditionalIndependence/Part01.lean	public
Kolmogorov.theorem_62_tsum_ne_top_of_upperBound	Kolmogorov.tsum_two_pow_neg_ne_top_of_KPPlain_le	KolmogorovMathlib/Prefix/UpperSemicomputableBound.lean	public
Kolmogorov.theorem_62_upperBound_iff_tsum_ne_top	Kolmogorov.KPNat_le_iff_tsum_two_pow_neg_ne_top	KolmogorovMathlib/MonotoneComplexity/Omega/SolovayFunctions/SolovayProperty.lean	public
Kolmogorov.theorem_62_upperBound_iff_tsum_ne_top_of_encoding	Kolmogorov.KPPlain_le_iff_tsum_two_pow_neg_ne_top	KolmogorovMathlib/Prefix/UpperSemicomputableBound.lean	public
Kolmogorov.theorem_62_upperBound_of_tsum_ne_top	Kolmogorov.KPPlain_le_of_tsum_two_pow_neg_ne_top	KolmogorovMathlib/Prefix/UpperSemicomputableBound.lean	public
Kolmogorov.theorem_110_isMartinLofRandomReal_of_isSolovayComplete	Kolmogorov.isMartinLofRandomReal_of_lowerSemicomputable_isSolovayComplete	KolmogorovMathlib/MonotoneComplexity/Omega/Solovay/CompletenessRandomness.lean	public
Kolmogorov.EExtends_streamTake_inr	Kolmogorov.EExtends_streamTake	KolmogorovMathlib/Prefix/SelfDelimitingMachines.lean	public
Kolmogorov.exists_machine_haltingProbability_eq	Kolmogorov.haltingProbability_of_isLowerSemicomputable	KolmogorovMathlib/Interface/ComputableReals/LowerSemicomputableReals.lean	public
Kolmogorov.exists_prefixDecompressor_aprioriMeasure_eq	Kolmogorov.semimeasure_realization	KolmogorovMathlib/Interface/ComputableReals/LowerSemicomputableReals.lean	public
Kolmogorov.primrec_two_pow	Kolmogorov.primrec_two_pow_aux	KolmogorovMathlib/AlgorithmicProbability/KraftChaitinCore/LSCApproximation.lean	public
Kolmogorov.list_take_primrec	Kolmogorov.KraftChaitin.take_primrec	KolmogorovMathlib/AlgorithmicProbability/KraftChaitinAllocator/FreeList.lean	public
Kolmogorov.dyadicValue_two_mul	Kolmogorov.dyadicValue_two_mul_succ	KolmogorovMathlib/AlgorithmicProbability/KraftChaitinCore/LSCApproximation.lean	public
Kolmogorov.lscDyadicValue_two_mul	Kolmogorov.dyadicValue_two_mul_succ	KolmogorovMathlib/AlgorithmicProbability/KraftChaitinCore/LSCApproximation.lean	public
Kolmogorov.dyadicValue_two_pow_sub'	Kolmogorov.dyadicValue_two_pow_sub	KolmogorovMathlib/AlgorithmicProbability/KraftChaitinCore/LSCApproximation.lean	public
Kolmogorov.lscDyadicValue_zero	Kolmogorov.dyadicValue_zero	KolmogorovMathlib/AlgorithmicProbability/KraftChaitinCore/LSCApproximation.lean	public
Kolmogorov.stageDyadicValue_zero	Kolmogorov.dyadicValue_zero	KolmogorovMathlib/AlgorithmicProbability/KraftChaitinCore/LSCApproximation.lean	public
Kolmogorov.lscDyadicValue_add	Kolmogorov.dyadicValue_add	KolmogorovMathlib/AlgorithmicProbability/KraftChaitinCore/LSCApproximation.lean	public
Kolmogorov.dyadicValue_eq_mul	Kolmogorov.dyadicValue_eq_mul_inv_pow	KolmogorovMathlib/AlgorithmicProbability/KraftChaitinCore/LSCApproximation.lean	public
Kolmogorov.cantorPrefix_succ_append	Kolmogorov.cantorPrefix_succ	KolmogorovMathlib/AlgorithmicRandomness/EffectiveNull.lean	public
Kolmogorov.log2Step_primrec	Kolmogorov.NatLog.log2Step_primrec	KolmogorovMathlib/AlgorithmicRandomness/NatLogPrimrec.lean	public
Kolmogorov.nat_log2_primrec	Kolmogorov.NatLog.nat_log2_primrec	KolmogorovMathlib/AlgorithmicRandomness/NatLogPrimrec.lean	public
Kolmogorov.log2Iter_succ	Kolmogorov.NatLog.log2Iter_succ	KolmogorovMathlib/AlgorithmicRandomness/NatLogPrimrec.lean	public
Kolmogorov.log2Iter_succ'	Kolmogorov.NatLog.log2Iter_succ'	KolmogorovMathlib/AlgorithmicRandomness/NatLogPrimrec.lean	public
Kolmogorov.lt_two_of_log2_eq_zero	Kolmogorov.NatLog.lt_two_of_log2_eq_zero	KolmogorovMathlib/AlgorithmicRandomness/NatLogPrimrec.lean	public
Kolmogorov.log2_eq_succ	Kolmogorov.NatLog.log2_eq_succ	KolmogorovMathlib/AlgorithmicRandomness/NatLogPrimrec.lean	public
Kolmogorov.log2Iter_spec	Kolmogorov.NatLog.log2Iter_spec	KolmogorovMathlib/AlgorithmicRandomness/NatLogPrimrec.lean	public
Kolmogorov.log2Iter_eq_log2	Kolmogorov.NatLog.log2Iter_eq_log2	KolmogorovMathlib/AlgorithmicRandomness/NatLogPrimrec.lean	public
Kolmogorov.log2Step	Kolmogorov.NatLog.log2Step	KolmogorovMathlib/AlgorithmicRandomness/NatLogPrimrec.lean	public
Kolmogorov.log2Iter	Kolmogorov.NatLog.log2Iter	KolmogorovMathlib/AlgorithmicRandomness/NatLogPrimrec.lean	public
Kolmogorov.exists_nonstochastic_of_profile	Kolmogorov.first_nonstochastic_existence	KolmogorovMathlib/AlgorithmicStatistics/Selector.lean	public
Kolmogorov.strongModelOrdinalNoiseTransport_of_length_le_beta	Kolmogorov.strongModelOrdinalNoiseTransport_of_n_le_beta	KolmogorovMathlib/AlgorithmicStatistics/StrongModels/UpwardOrdinalBetaRegime.lean	public
Kolmogorov.strongModelOrdinalNoiseTransport_fullCube	Kolmogorov.strongModel_ordinal_noise_transport	KolmogorovMathlib/AlgorithmicStatistics/StrongModels/UpwardOrdinalBetaRegime.lean	public
Kolmogorov.prop_upward_fullCube	Kolmogorov.prop_upward	KolmogorovMathlib/AlgorithmicStatistics/StrongModels/UpwardOrdinalBetaRegime.lean	public
Kolmogorov.natCode_primrec	Kolmogorov.primrec_natCode	KolmogorovMathlib/Prefix/Encoding.lean	public
Kolmogorov.pairCode_primrec	Kolmogorov.CodedFiniteDistribution.pairCode_primrec	KolmogorovMathlib/AlgorithmicStatistics/CodedComputability.lean	public
Kolmogorov.primrec_allStrings	Kolmogorov.CodedFiniteDistribution.allStrings_primrec	KolmogorovMathlib/AlgorithmicStatistics/CodedComputability.lean	public
Kolmogorov.decodeFirst_primrec'	Kolmogorov.CodedFiniteDistribution.decodeFirst_primrec	KolmogorovMathlib/AlgorithmicStatistics/NormalizedCodedFiniteDistribution.lean	public
Kolmogorov.decodeSecond_primrec'	Kolmogorov.CodedFiniteDistribution.decodeSecond_primrec	KolmogorovMathlib/AlgorithmicStatistics/NormalizedCodedFiniteDistribution.lean	public
Kolmogorov.deficiencies_theorem_tight_thm	Kolmogorov.deficiencies_theorem_tight_of_optimal	KolmogorovMathlib/AlgorithmicStatistics/TwoPart/Deficiencies.lean	public
Kolmogorov.optimal_stochasticity_imp_profile_thm	Kolmogorov.isOptimalSetStochastic_imp_profile	KolmogorovMathlib/AlgorithmicStatistics/TwoPart/Deficiencies.lean	public
Kolmogorov.pairPlainK_incidentCommonWitness_capacity_le	Kolmogorov.pairPlainK_incidentCommonWitness_le	KolmogorovMathlib/CommonInformation/IncidenceWitnessSelector.lean	public
Kolmogorov.natBits_length_le_log_add_one	Kolmogorov.length_natBits_le_log	KolmogorovMathlib/Complexity/PairComplexity/Basic.lean	public
Kolmogorov.natBits_length_le_logb_two_add_one	Kolmogorov.natBits_length_le_logb_add_one	KolmogorovMathlib/MonotoneComplexity/APrioriComplexity.lean	public
Kolmogorov.gacs_condK_complexity_eq_log	Kolmogorov.exists_condK_cVal_within_log_length	KolmogorovMathlib/Complexity/SelfComplexity/TokenGame/LowerBound.lean	public
Kolmogorov.exists_const_cantorMass_le_complexityWeight_KMOf	Kolmogorov.exists_const_cantorMass_mul_le_complexityWeight_KMOf	KolmogorovMathlib/MonotoneComplexity/ArithmeticCoding.lean	public
Kolmogorov.exists_not_isMartinLofRandom_forall_isComputableMeasure	Kolmogorov.exists_not_isMartinLofRandom_forall_isComputableMeasure_diag	KolmogorovMathlib/MonotoneComplexity/Dimension/AbsolutelyNonRandom.lean	public
Kolmogorov.cantorPrefix_prefix_cantorPrefix	cantorPrefix_mono	KolmogorovMathlib/AlgorithmicRandomness/Cantor.lean	public
Kolmogorov.cantorCylinder_split	Kolmogorov.cantorCylinder_eq_union_children	KolmogorovMathlib/MonotoneComplexity/LevinSchnorrConverse.lean	public
Kolmogorov.cantorCylinder_nil_univ	Kolmogorov.cantorCylinder_nil	KolmogorovMathlib/MonotoneComplexity/ArithmeticCoding.lean	public
Kolmogorov.isSum_of_isMonotoneLimit	Kolmogorov.isSum_of_isMonotoneLimit_proof	KolmogorovMathlib/AlgorithmicRandomness/LSCCharacterizations/MonotoneLimits.lean	public
Kolmogorov.isMonotoneLimit_of_isSum_proof	Kolmogorov.isMonotoneLimit_of_isSum	KolmogorovMathlib/AlgorithmicRandomness/LSCCharacterizations/Characterization.lean	public
Kolmogorov.codedUniform_data_foldr	Kolmogorov.codedUniform_foldr	KolmogorovMathlib/AlgorithmicStatistics/TwoPart/DescriptionShift.lean	public
Kolmogorov.natListSum_primrec	Kolmogorov.primrec_listSum	KolmogorovMathlib/MonotoneComplexity/Omega/SolovayFunctionComputable.lean	public
Kolmogorov.noFourCycle_rectangleFamilyEdges_card_le_pow_of_noFourCycle	Kolmogorov.noFourCycle_rectangleFamilyEdges_card_le_pow	KolmogorovMathlib/CommonInformation/NoFourCycleDensity.lean	public
Kolmogorov.commonInformationRegion_subset_upperEnvelope	Kolmogorov.common_information_universal_upper	KolmogorovMathlib/CommonInformation/RegionEnvelopes.lean	public
Kolmogorov.primrec_dropLast	Kolmogorov.dropLast_primrec	KolmogorovMathlib/Complexity/AlphabetComplexity/QAryDecompressors.lean	public
Kolmogorov.card_levelFinset_eq_two_pow	Kolmogorov.card_levelFinset	KolmogorovMathlib/MonotoneComplexity/APrioriSublevelStage.lean	public
Kolmogorov.dyadicValue_natCast_mul	Kolmogorov.dyadicValue_nat_mul	KolmogorovMathlib/MonotoneComplexity/Dimension/DeficiencySemimeasure.lean	public
Kolmogorov.KPPlain_ne_top	Kolmogorov.KPPlain_ne_top_of_isOptimalPrefixConditional	KolmogorovMathlib/MonotoneComplexity/PlainMonotoneComparison.lean	public
Kolmogorov.disjoint_cantorCylinder_children	Kolmogorov.cantorCylinder_children_disjoint	KolmogorovMathlib/MonotoneComplexity/LevinSchnorrConverse.lean	public
Kolmogorov.grayChargeMass_nonneg	Kolmogorov.grayChargedChargeMass_nonneg	KolmogorovMathlib/MonotoneComplexity/GacsDayChargedClosureSources.lean	public
Kolmogorov.grayChargedSparePairs_spare	Kolmogorov.grayChargedSparePairs_first_ge	KolmogorovMathlib/MonotoneComplexity/GacsDayChargedSpendArithmetic.lean	public
Kolmogorov.grayChargedSpendPairs_spare	Kolmogorov.grayChargedSpendPairs_first_ge	KolmogorovMathlib/MonotoneComplexity/GacsDayChargedSpendArithmetic.lean	public
Kolmogorov.grayCharged_sum_ge_of_forall_zero_or_ge	Kolmogorov.sum_ge_of_forall_zero_or_ge	KolmogorovMathlib/MonotoneComplexity/GacsDayLadderTailFields/EntryMonotonicity.lean	public
Kolmogorov.list_take_ofFn_family	Kolmogorov.list_take_ofFn	KolmogorovMathlib/MonotoneComplexity/GacsDayReplay.lean	public
Kolmogorov.natSize_eq_natSize_div_two_succ	Kolmogorov.nat_size_div_two	KolmogorovMathlib/MonotoneComplexity/GacsDayFamilyGame.lean	public
Kolmogorov.computable_natSize	Kolmogorov.computable_nat_size	KolmogorovMathlib/MonotoneComplexity/GacsDayFamilyGame.lean	public
Kolmogorov.exists_history_playClientFamily	Kolmogorov.playClientFamily_eq_strategy_apply	KolmogorovMathlib/MonotoneComplexity/GacsDaySubtreeEmbedding.lean	public
Kolmogorov.halfAmplification_pos'	Kolmogorov.halfAmplification_pos	KolmogorovMathlib/MonotoneComplexity/GacsDayLadderStep.lean	public
Kolmogorov.mem_keys_of_mem_getAlloc	Kolmogorov.grayLookup_mem_fst	KolmogorovMathlib/MonotoneComplexity/GacsDayLadderTailController.lean	public
Kolmogorov.grayTailSlots_source	Kolmogorov.grayTailSlots_used	KolmogorovMathlib/MonotoneComplexity/GacsDayLadderTailGlobalProgress/Part01.lean	public
Kolmogorov.grayTailNextSlots_source	Kolmogorov.grayTailNextSlots_used	KolmogorovMathlib/MonotoneComplexity/GacsDayLadderTailGlobalProgress/Part01.lean	public
Kolmogorov.grayTailSonBase_eq_zero_of_no_entry	Kolmogorov.grayTailSonBase_eq_zero_of_no_match	KolmogorovMathlib/MonotoneComplexity/GacsDayLadderTailGlobalProgress/Part01.lean	public
Kolmogorov.grayTailSonBase_nonneg	Kolmogorov.grayTailSonBase_nonneg_global	KolmogorovMathlib/MonotoneComplexity/GacsDayLadderTailGlobalProgress/Part01.lean	public
Kolmogorov.getReq_le_grayTailSonBase_of_mem	Kolmogorov.getReq_le_grayTailSonBase_of_mem_global	KolmogorovMathlib/MonotoneComplexity/GacsDayLadderTailGlobalProgress/Part01.lean	public
Kolmogorov.grayTailSlotEntries_selected_progress	Kolmogorov.grayTailSlotEntries_selected_progress_global	KolmogorovMathlib/MonotoneComplexity/GacsDayLadderTailGlobalProgress/Part01.lean	public
Kolmogorov.grayTailSonBase_append	Kolmogorov.grayTailSonBase_append_globalEntries	KolmogorovMathlib/MonotoneComplexity/GacsDayLadderTailGlobalProgress/Part01.lean	public
Kolmogorov.grayTailFrozenSonBase_append	Kolmogorov.grayTailFrozenSonBase_append_global	KolmogorovMathlib/MonotoneComplexity/GacsDayLadderTailGlobalProgress/Part01.lean	public
Kolmogorov.grayTail_slots_eq_nil_of_roundCount_stateAt	Kolmogorov.grayTail_slots_eq_nil_of_roundCount_stateAt_global	KolmogorovMathlib/MonotoneComplexity/GacsDayLadderTailGlobalProgress/Part02.lean	public
Kolmogorov.serverMoveCoherent_of_le_branch	Kolmogorov.serverMoveCoherent_mono_branching	KolmogorovMathlib/MonotoneComplexity/GacsDaySubtreeEmbedding.lean	public
Kolmogorov.serverPlayLegal_of_le_branch	Kolmogorov.serverPlayLegal_mono_branching	KolmogorovMathlib/MonotoneComplexity/GacsDaySubtreeEmbedding.lean	public
Kolmogorov.grayTail_done_of_roundCount_stateAt	Kolmogorov.grayTail_done_of_roundCount_stateAt_core	KolmogorovMathlib/MonotoneComplexity/GacsDayLadderTailReplay/StateAt.lean	public
Kolmogorov.problem_140_KMOf_le_KA_add_log_KA	Kolmogorov.exists_const_KMOf_le_KA_add_log	KolmogorovMathlib/MonotoneComplexity/LevinSchnorr/APrioriLogGap.lean	public
Kolmogorov.exists_computable_summable_condK_criterion	Kolmogorov.exists_computable_summable_condK_criterion'	KolmogorovMathlib/MonotoneComplexity/LevinSchnorr/ComputableCover/Decompressor.lean	public
Kolmogorov.isMartinLofRandom_uniform_of_forall_computable_summable_le_plainK	Kolmogorov.isMartinLofRandom_uniform_of_forall_computable_summable_le_plainK'	KolmogorovMathlib/MonotoneComplexity/LevinSchnorr/ComputableCover/Decompressor.lean	public
Kolmogorov.exists_const_condCantorMass_le_complexityWeight_condKMOf	Kolmogorov.exists_const_condCantorMass_mul_le_complexityWeight_condKMOf	KolmogorovMathlib/MonotoneComplexity/LevinSchnorr/CondArithmeticCoding.lean	public
Kolmogorov.isMartinLofRandom_of_boundedPrefixDeficiency	Kolmogorov.isMartinLofRandom_of_boundedPrefixDeficiency_core	KolmogorovMathlib/MonotoneComplexity/LevinSchnorr/Converse.lean	public
Kolmogorov.plainK_prefix_le_length_sub_logb_infinitely_often'	Kolmogorov.plainK_prefix_le_length_sub_logb_infinitely_often	KolmogorovMathlib/MonotoneComplexity/PlainPrefixDips.lean	public
Kolmogorov.problem_143_isMartinLofRandom_of_decidable_lengths	Kolmogorov.isMartinLofRandom_of_boundedPrefixDeficiency_mem	KolmogorovMathlib/MonotoneComplexity/LevinSchnorr/DecidableLengths.lean	public
Kolmogorov.problem_144_le_KPPair_of_isMartinLofRandom	Kolmogorov.problem_144_le_KPPair_of_isMartinLofRandom'	KolmogorovMathlib/MonotoneComplexity/LevinSchnorr/FinsetDeficiency.lean	public
Kolmogorov.problem_147_maximal_prefixSupRatio	Kolmogorov.problem_147_maximal_prefixSupRatio'	KolmogorovMathlib/MonotoneComplexity/LevinSchnorr/MaximalSupTest.lean	public
Kolmogorov.exists_const_KPNat_apriori_equiv	Kolmogorov.exists_const_KPNat_aprioriNat_equiv	KolmogorovMathlib/MonotoneComplexity/Omega/Basic/Part01.lean	public
Kolmogorov.exists_capped_scaling_semimeasure	Kolmogorov.exists_cappedScaling	KolmogorovMathlib/MonotoneComplexity/Omega/CappedScaling.lean	public
Kolmogorov.ofReal_real_inv_two_pow	Kolmogorov.ofReal_inv_two_pow	KolmogorovMathlib/MonotoneComplexity/Dimension/DyadicEndpoint/GapCover.lean	public
Kolmogorov.omegaReal_isMartinLofRandomReal	Kolmogorov.isMartinLofRandomReal_omegaReal	KolmogorovMathlib/MonotoneComplexity/Omega/Solovay/Part01.lean	public
Kolmogorov.inv_two_pow_le_inv_two_pow	Kolmogorov.inv_two_pow_antitone	KolmogorovMathlib/MonotoneComplexity/Dimension/UniversalAlphaTest.lean	public
Kolmogorov.plainK_le_KPPlain	Kolmogorov.plain_le_prefix	KolmogorovMathlib/Prefix/Properties/Part01.lean	public
Kolmogorov.prefix_conditioning_le_plain	Kolmogorov.KP_le_KPPlain	KolmogorovMathlib/Prefix/Properties/Part01.lean	public
Kolmogorov.prefix_plain_map_le	Kolmogorov.KPPlain_map_le	KolmogorovMathlib/Prefix/Properties/Part01.lean	public
Kolmogorov.prefix_self_le_const	Kolmogorov.KP_self_le	KolmogorovMathlib/Prefix/Properties/Part01.lean	public
Kolmogorov.selected_family_code_index_bound	Kolmogorov.familyMarkedCodeStream_length_bound	KolmogorovMathlib/Restricted/EffectiveSelection/Part02.lean	public
Kolmogorov.restrictedEffectiveSampledRun_processed_disjoint	Kolmogorov.restrictedEffectiveSampledRun_spec	KolmogorovMathlib/Restricted/FamilyCurve/EffectiveRunSemantics.lean	public
Kolmogorov.dyadicValue_finsetSum	Kolmogorov.dyadicValue_sum_range_dim	KolmogorovMathlib/MonotoneComplexity/Dimension/DeficiencySemimeasure.lean	public
Kolmogorov.dyadicValue_add_nat	Kolmogorov.dyadicValue_add	KolmogorovMathlib/AlgorithmicProbability/KraftChaitinCore/LSCApproximation.lean	public
Kolmogorov.lscMem_cantorCylinder_prefix	Kolmogorov.mem_cantorCylinder_cantorPrefix	KolmogorovMathlib/AlgorithmicRandomness/EffectiveNull.lean	public
Kolmogorov.dyadicValue_le_dyadicValue_of_le	Kolmogorov.lscDyadicValue_mono	KolmogorovMathlib/AlgorithmicRandomness/LSCAux.lean	public
Kolmogorov.n_le_two_pow	Kolmogorov.k_le_two_pow_k	KolmogorovMathlib/AlgorithmicRandomness/ProbabilityBounded.lean	public
Kolmogorov.int_eq_toNat_sub	Kolmogorov.ComputableReals.int_eq_toNat_sub	KolmogorovMathlib/Interface/ComputableReals/Part01.lean	public
Kolmogorov.condK_extend_condition_le	Kolmogorov.condK_condPair_left_le	KolmogorovMathlib/CommonInformation/ConditionalIndependence/Part01.lean	public
Kolmogorov.log_add_one_le	Kolmogorov.log_succ_le	KolmogorovMathlib/Foundation/NatEncoding.lean	public
Kolmogorov.computable_ratNeg	Kolmogorov.ComputableReals.computable_ratNeg	KolmogorovMathlib/Interface/ComputableReals/Part01.lean	public
Kolmogorov.comparable_of_prefix_same	Kolmogorov.isPrefix_or_isPrefix_of_isPrefix	KolmogorovMathlib/MonotoneComplexity/ContinuousStreamMap.lean	public
Kolmogorov.sum_list_range_eq_finset_sum	Kolmogorov.sum_list_range_eq_finset_sum'	KolmogorovMathlib/Foundation/BigOperators.lean	public
Kolmogorov.grayChargedReserveCylinder_disjoint_of_ne_of_length	Kolmogorov.grayChargedReserveCylinder_disjoint	KolmogorovMathlib/MonotoneComplexity/GacsDayChargedClosureSupport/Reserves.lean	public
Kolmogorov.newGrayCellsList_coarsen	Kolmogorov.grayChargedV2_newGrayCell_coarsen	KolmogorovMathlib/MonotoneComplexity/GacsDayV2ReserveSupport.lean	public
Kolmogorov.grayChargedReplayV2_terminal_round_fine	Kolmogorov.grayChargedReplayV2_terminal_round_adv	KolmogorovMathlib/MonotoneComplexity/GacsDayV2L5Disjoint.lean	public
Kolmogorov.grayCharged_mem_finRange_drop	Kolmogorov.finRange_drop_val_ge	KolmogorovMathlib/MonotoneComplexity/GacsDayChargedSpendArithmetic.lean	public
Kolmogorov.grayChargedV2_prefixComparable_of_common_extension	Kolmogorov.prefixComparable_of_common_extension	KolmogorovMathlib/MonotoneComplexity/GacsDayLadderTailMass.lean	public
Kolmogorov.grayChargedStepV2_no_return_to_advantage	Kolmogorov.grayChargedStepV2_no_return_to_advantage'	KolmogorovMathlib/MonotoneComplexity/GacsDayV2RaisedKill.lean	public
Kolmogorov.ShortDescriptions.decodeBits_app_replicate_false	Kolmogorov.decodeBits_append_replicate_false	KolmogorovMathlib/Complexity/PairComplexity/LogarithmicTerms/PlainBounds.lean	public
Kolmogorov.allocationSubset_getAlloc_mono_time	Kolmogorov.allocationSubset_mono_time	KolmogorovMathlib/MonotoneComplexity/GacsDayStageTwo/ServerProbes.lean	public
Kolmogorov.aprioriMeasure_dominates_self_via_programSimulation	Kolmogorov.aprioriMeasure_dominates_self	KolmogorovMathlib/AlgorithmicProbability/Simulation.lean	public
Kolmogorov.bits_len_le_of_lt_two_pow	Kolmogorov.length_natBits_lt_pow	KolmogorovMathlib/AlgorithmicStatistics/NonStochastic.lean	public
Kolmogorov.chainHistogram_marginal_1_2_right	Kolmogorov.chainHistogram_marginal_2_1_W	KolmogorovMathlib/CommonInformation/ChainHistogram.lean	public
Kolmogorov.problem_140_KMOf_le_KA_add_log_KA'	Kolmogorov.exists_const_KMOf_le_KA_add_log	KolmogorovMathlib/MonotoneComplexity/LevinSchnorr/APrioriLogGap.lean	public
Kolmogorov.exists_kaSublevel_streamLowerGraph	Kolmogorov.exists_kaSublevel_addressRelation	KolmogorovMathlib/MonotoneComplexity/APrioriSublevelGreedy/GreedyStages.lean	public
Kolmogorov.grayCharged_comparable_of_prefix	Kolmogorov.prefixComparable_of_common_extension	KolmogorovMathlib/MonotoneComplexity/GacsDayLadderTailMass.lean	public
Kolmogorov.prefixComparable_of_common_extension_prefix	Kolmogorov.prefixComparable_of_common_extension	KolmogorovMathlib/MonotoneComplexity/GacsDayLadderTailMass.lean	public
Kolmogorov.plainK_V_ne_top	Kolmogorov.plainK_ne_top	KolmogorovMathlib/Complexity/PairComplexity/LogarithmicTerms/ConditionalBounds.lean	public
Kolmogorov.levelList_length	Kolmogorov.length_levelList	KolmogorovMathlib/MonotoneComplexity/LevinSchnorr/FinsetDeficiency.lean	public
Kolmogorov.plainK_ne_top_local	Kolmogorov.plainK_ne_top	KolmogorovMathlib/Complexity/PairComplexity/LogarithmicTerms/ConditionalBounds.lean	public
Kolmogorov.le_of_inv_two_pow_le	Kolmogorov.inv_two_pow_exponent_le	KolmogorovMathlib/AlgorithmicProbability/Coding.lean	public
Kolmogorov.CodedFiniteDistribution.twoPow_primrec	Kolmogorov.primrec_two_pow_aux	KolmogorovMathlib/AlgorithmicProbability/KraftChaitinCore/LSCApproximation.lean	public
Kolmogorov.isPrefix_cantorPrefix_of_le	cantorPrefix_mono	KolmogorovMathlib/AlgorithmicRandomness/Cantor.lean	public
Kolmogorov.isEffectivelyNull_not_tendsto_freqOne_uniform	Kolmogorov.isEffectivelyNull_notTendsto_freqOne	KolmogorovMathlib/AlgorithmicRandomness/EffectiveSLLN.lean	public
Kolmogorov.devBitsToNat_lt	Kolmogorov.bitsToNat_lt	KolmogorovMathlib/AlgorithmicRandomness/EffectiveSLLN.lean	public
Kolmogorov.exactLengthPrograms_card	Kolmogorov.length_exactLengthPrograms	KolmogorovMathlib/Foundation/RecursivelyEnumerable.lean	public
Kolmogorov.length_natBits_le_of_lt_pow	Kolmogorov.length_natBits_lt_pow	KolmogorovMathlib/AlgorithmicStatistics/NonStochastic.lean	public
Kolmogorov.produces_of_runOut_eq_some	Kolmogorov.runOut_sound	KolmogorovMathlib/AlgorithmicStatistics/Selector.lean	public
Kolmogorov.sqrtSlack_add_const	Kolmogorov.sqrtSlack_add	KolmogorovMathlib/Restricted/FamilyCurve.lean	public
Kolmogorov.length_natBits_le_self	Kolmogorov.length_natBits_le	KolmogorovMathlib/Foundation/NatEncoding.lean	public
Kolmogorov.independenceExample_plainK_ne_top	Kolmogorov.plainK_ne_top	KolmogorovMathlib/Complexity/PairComplexity/LogarithmicTerms/ConditionalBounds.lean	public
Kolmogorov.nat_log_succ_le	Kolmogorov.log_succ_le	KolmogorovMathlib/Foundation/NatEncoding.lean	public
Kolmogorov.nat_bits_len_le_log_succ	Kolmogorov.length_natBits_le_log	KolmogorovMathlib/Complexity/PairComplexity/Basic.lean	public
Kolmogorov.prefix_take_eq	Kolmogorov.isPrefix_of_isPrefix_take	KolmogorovMathlib/MonotoneComplexity/ContinuousStreamMap.lean	public
Kolmogorov.computable₂_grayCallDepth	Kolmogorov.computable_grayCallDepth	KolmogorovMathlib/MonotoneComplexity/GacsDayLadderStep.lean	public
Kolmogorov.grayTail_prefixComparable_of_prefix	Kolmogorov.prefixComparable_of_common_extension	KolmogorovMathlib/MonotoneComplexity/GacsDayLadderTailMass.lean	public
Kolmogorov.streamTag_natCode_append	Kolmogorov.natCode_append_inj	KolmogorovMathlib/Prefix/Encoding.lean	public
Kolmogorov.primrec_intCast	Kolmogorov.ComputableReals.primrec_natCastInt	KolmogorovMathlib/Interface/ComputableReals/Part01.lean	public
Kolmogorov.primrec_natAbs	Kolmogorov.ComputableReals.primrec_intNatAbs	KolmogorovMathlib/Interface/ComputableReals/Part01.lean	public
Kolmogorov.primrec_intToNat	Kolmogorov.ComputableReals.primrec_intToNat	KolmogorovMathlib/Interface/ComputableReals/Part01.lean	public
Kolmogorov.dyadicValue_zero_num	Kolmogorov.dyadicValue_zero	KolmogorovMathlib/AlgorithmicProbability/KraftChaitinCore/LSCApproximation.lean	public
Kolmogorov.lscPrimrec₂_listTake	Kolmogorov.primrec_list_take	KolmogorovMathlib/Prefix/TwoStage.lean	public
Kolmogorov.self_le_two_pow	Kolmogorov.k_le_two_pow_k	KolmogorovMathlib/AlgorithmicRandomness/ProbabilityBounded.lean	public
Kolmogorov.CodedFiniteDistribution.natCode_primrec	Kolmogorov.primrec_natCode	KolmogorovMathlib/Prefix/Encoding.lean	public
Kolmogorov.dyadicValue_toReal	Kolmogorov.toReal_dyadicValue	KolmogorovMathlib/MonotoneComplexity/Omega/LscBasic.lean	public
Kolmogorov.ofReal_two_inv_pow	Kolmogorov.ofReal_inv_two_pow	KolmogorovMathlib/MonotoneComplexity/Dimension/DyadicEndpoint/GapCover.lean	public
Kolmogorov.listSum_range_eq_sum	Kolmogorov.sum_list_range_eq_finset_sum'	KolmogorovMathlib/Foundation/BigOperators.lean	public
Kolmogorov.inv_two_pow_le_of_le	Kolmogorov.inv_two_pow_antitone	KolmogorovMathlib/MonotoneComplexity/Dimension/UniversalAlphaTest.lean	public
Kolmogorov.computable₂_ratLe	Kolmogorov.computable_ratLe	KolmogorovMathlib/MonotoneComplexity/GacsDayGrayTestComputable.lean	public
Kolmogorov.dyadicValue_ofNat_two_mul	Kolmogorov.dyadicValue_mul_two_num	KolmogorovMathlib/MonotoneComplexity/Omega/OmegaPrefixCore.lean	public
Kolmogorov.primrec_list_any	Kolmogorov.list_any_primrec	KolmogorovMathlib/Foundation/PrimrecExtras.lean	public
Kolmogorov.primrec_list_all	Kolmogorov.list_all_primrec	KolmogorovMathlib/Foundation/PrimrecExtras.lean	public
Kolmogorov.hitUpTo	Kolmogorov.hitUpTo	KolmogorovMathlib/MonotoneComplexity/APrioriComplexity.lean	private
Kolmogorov.hitUpTo_iff	Kolmogorov.hitUpTo_iff	KolmogorovMathlib/MonotoneComplexity/APrioriComplexity.lean	private
Kolmogorov.hitUpTo_succ_of_true	Kolmogorov.hitUpTo_succ_of_true	KolmogorovMathlib/MonotoneComplexity/APrioriComplexity.lean	private
Kolmogorov.hitUpTo_computable	Kolmogorov.hitUpTo_computable	KolmogorovMathlib/MonotoneComplexity/APrioriComplexity.lean	private
Kolmogorov.padBits	Kolmogorov.ShortDescriptions.padBits	KolmogorovMathlib/Complexity/KolmogorovLevin/ShortDescriptions.lean	public
Kolmogorov.decodeNatCode	Kolmogorov.CodedFiniteDistribution.decodeNatCode	KolmogorovMathlib/AlgorithmicStatistics/NormalizedCodedFiniteDistribution.lean	public
Kolmogorov.decodeNatCode_primrec	Kolmogorov.CodedFiniteDistribution.decodeNatCode_primrec	KolmogorovMathlib/AlgorithmicStatistics/NormalizedCodedFiniteDistribution.lean	public
Kolmogorov.decodeNatCode_natCode	Kolmogorov.CodedFiniteDistribution.decodeNatCode_natCode	KolmogorovMathlib/AlgorithmicStatistics/NormalizedCodedFiniteDistribution.lean	public
Kolmogorov.DeficiencyLe	Kolmogorov.CodedFiniteDistribution.DeficiencyLe	KolmogorovMathlib/AlgorithmicStatistics/CodedFiniteDistribution.lean	public
Kolmogorov.IsStochastic	Kolmogorov.CodedFiniteDistribution.IsStochastic	KolmogorovMathlib/AlgorithmicStatistics/CodedFiniteDistribution.lean	public
Kolmogorov.IsNonStochastic	Kolmogorov.CodedFiniteDistribution.IsNonStochastic	KolmogorovMathlib/AlgorithmicStatistics/CodedFiniteDistribution.lean	public
Kolmogorov.DeficiencyLe.mono_beta	Kolmogorov.CodedFiniteDistribution.DeficiencyLe.mono_beta	KolmogorovMathlib/AlgorithmicStatistics/Deficiency.lean	public
Kolmogorov.IsStochastic.mono_alpha	Kolmogorov.CodedFiniteDistribution.IsStochastic.mono_alpha	KolmogorovMathlib/AlgorithmicStatistics/Stochasticity.lean	public
Kolmogorov.IsStochastic.mono_beta	Kolmogorov.CodedFiniteDistribution.IsStochastic.mono_beta	KolmogorovMathlib/AlgorithmicStatistics/Stochasticity.lean	public
Kolmogorov.IsStochastic.map	Kolmogorov.CodedFiniteDistribution.IsStochastic.map	KolmogorovMathlib/AlgorithmicStatistics/Conservation.lean	public
Kolmogorov.IsComputableReal	Kolmogorov.ComputableReals.IsComputableReal	KolmogorovMathlib/Interface/ComputableReals/Part01.lean	public
Kolmogorov.IsLowerSemicomputableSeq	Kolmogorov.ComputableReals.IsLowerSemicomputableSeq	KolmogorovMathlib/Interface/ComputableReals/Part01.lean	public
Kolmogorov.IsLowerSemicomputableReal	Kolmogorov.ComputableReals.IsLowerSemicomputableReal	KolmogorovMathlib/Interface/ComputableReals/Part01.lean	public
Kolmogorov.IsLowerSemicomputableReal.add	Kolmogorov.ComputableReals.IsLowerSemicomputableReal.add	KolmogorovMathlib/MonotoneComplexity/Omega/Basic/Part01.lean	public
Kolmogorov.IsLowerSemicomputableReal.add_rat	Kolmogorov.ComputableReals.IsLowerSemicomputableReal.add_rat	KolmogorovMathlib/Interface/ComputableReals/ClosureProperties.lean	public
Kolmogorov.isLowerSemicomputableReal_ratCast	Kolmogorov.ComputableReals.isLowerSemicomputableReal_ratCast	KolmogorovMathlib/Interface/ComputableReals/Part01.lean	public
Kolmogorov.IsLowerSemicomputableReal.rat_mul	Kolmogorov.ComputableReals.IsLowerSemicomputableReal.rat_mul	KolmogorovMathlib/MonotoneComplexity/Omega/Basic/Part01.lean	public
IsComputableReal	Kolmogorov.ComputableReals.IsComputableReal	KolmogorovMathlib/Interface/ComputableReals/Part01.lean	public
IsComputableReal.add	Kolmogorov.ComputableReals.IsComputableReal.add	KolmogorovMathlib/AlgorithmicRandomness/EffectiveReal.lean	public
IsComputableReal.neg	Kolmogorov.ComputableReals.IsComputableReal.neg	KolmogorovMathlib/Interface/ComputableReals/ClosureProperties.lean	public
IsComputableReal.sub	Kolmogorov.ComputableReals.IsComputableReal.sub	KolmogorovMathlib/AlgorithmicRandomness/EffectiveReal.lean	public
IsComputableReal.mul	Kolmogorov.ComputableReals.IsComputableReal.mul	KolmogorovMathlib/AlgorithmicRandomness/EffectiveReal.lean	public
isComputableReal_ratCast	Kolmogorov.ComputableReals.isComputableReal_ratCast	KolmogorovMathlib/AlgorithmicRandomness/EffectiveReal.lean	public
Kolmogorov.le_foldr_max_mem	Kolmogorov.le_foldr_max_of_mem	KolmogorovMathlib/Foundation/ListUtil.lean	public
Kolmogorov.standardBlock_lemma4_slack_le	Kolmogorov.logSlack_max_le_of_linear_bound	KolmogorovMathlib/AlgorithmicStatistics/StrongModels/ThmSeparation.lean	private
Kolmogorov.restrictedAnchoredState_model_complexity_against_calc	Kolmogorov.KPPlain_le_grid_add_bundleCost	KolmogorovMathlib/Restricted/FamilyCurve/BundleCost.lean	public
Kolmogorov.dyadicValue_pow_mul	Kolmogorov.dyadicValue_two_pow_mul_add	KolmogorovMathlib/AlgorithmicProbability/KraftChaitinCore/LSCApproximation.lean	public
Kolmogorov.dyadicValue_two_pow_mul	Kolmogorov.dyadicValue_two_pow_mul_add	KolmogorovMathlib/AlgorithmicProbability/KraftChaitinCore/LSCApproximation.lean	public
Kolmogorov.get2PowS	Kolmogorov.twoPowStage	KolmogorovMathlib/AlgorithmicRandomness/LSCCharacterizations/MonotoneLimits.lean	public
Kolmogorov.getS	Kolmogorov.stageOf	KolmogorovMathlib/AlgorithmicRandomness/LSCCharacterizations/MonotoneLimits.lean	public
Kolmogorov.getX	Kolmogorov.stringOf	KolmogorovMathlib/AlgorithmicRandomness/LSCCharacterizations/MonotoneLimits.lean	public
Kolmogorov.myApprox	Kolmogorov.monotoneApprox	KolmogorovMathlib/AlgorithmicRandomness/LSCCharacterizations/Characterization.lean	public
Kolmogorov.myEnum	Kolmogorov.dyadicEnum	KolmogorovMathlib/AlgorithmicRandomness/LSCCharacterizations/DyadicEnumeration.lean	public
Kolmogorov.myMaxApprox	Kolmogorov.monotoneMaxApprox	KolmogorovMathlib/AlgorithmicRandomness/LSCCharacterizations/MonotoneLimits.lean	public
Kolmogorov.myTerm	Kolmogorov.monotoneTerm	KolmogorovMathlib/AlgorithmicRandomness/LSCCharacterizations/MonotoneLimits.lean	public
Kolmogorov.my_approx_comp	Kolmogorov.monotoneApprox_comp	KolmogorovMathlib/AlgorithmicRandomness/LSCCharacterizations/Characterization.lean	public
Kolmogorov.my_approx_take	Kolmogorov.monotoneApprox_take	KolmogorovMathlib/AlgorithmicRandomness/LSCCharacterizations/Characterization.lean	public
Kolmogorov.my_enum_comp	Kolmogorov.dyadicEnum_comp	KolmogorovMathlib/AlgorithmicRandomness/LSCCharacterizations/MonotoneLimits.lean	public
Kolmogorov.my_enum_int_comp	Kolmogorov.dyadicEnum_int_comp	KolmogorovMathlib/AlgorithmicRandomness/LSCCharacterizations/MonotoneLimits.lean	public
Kolmogorov.my_enum_spec	Kolmogorov.dyadicEnum_spec	KolmogorovMathlib/AlgorithmicRandomness/LSCCharacterizations/DyadicEnumeration.lean	public
Kolmogorov.my_max_approx_comp	Kolmogorov.monotoneMaxApprox_comp	KolmogorovMathlib/AlgorithmicRandomness/LSCCharacterizations/MonotoneLimits.lean	public
Kolmogorov.my_max_approx_take	Kolmogorov.monotoneMaxApprox_take	KolmogorovMathlib/AlgorithmicRandomness/LSCCharacterizations/MonotoneLimits.lean	public
Kolmogorov.my_term_comp	Kolmogorov.monotoneTerm_comp	KolmogorovMathlib/AlgorithmicRandomness/LSCCharacterizations/MonotoneLimits.lean	public
Kolmogorov.my_term_sum	Kolmogorov.monotoneTerm_sum	KolmogorovMathlib/AlgorithmicRandomness/LSCCharacterizations/MonotoneLimits.lean	public
RecursiveIn.prec'	Nat.RecursiveIn.prec'	KolmogorovMathlib/AlgorithmicRandomness/OracleComputability.lean	public
